doc_id,category,source_doc,source_file,edition,kind,section,article_no,article_title,part,parts,page_start,page_end,evidence_type,status,content_hash,content
RULE_COMMON_BR_CHANGELOG_2026,RULE,BASEBALL_RULES,2026_KBO야구규칙.pdf,2026,CHANGELOG,2026 변경 요약,CHANGELOG-2026,2026년 공식야구규칙 변경 요약사항,1,1,7,7,OFFICIAL,CONFIRMED,80eeab3308de3815,"[공식야구규칙 2026] 2026 변경 요약 > 2026년 공식야구규칙 변경 요약사항
2026년 공식야구규칙에서 바뀐 내용 (변경 전 → 변경 후):
- 야구도량형: 라인의 폭 3인치 → 라인의 폭 4인치(KBO)
- 수비위치 5.02(C): (신설) → 수비 시프트 제한 강화"
RULE_COMMON_BR_1.01,RULE,BASEBALL_RULES,2026_KBO야구규칙.pdf,2026,ARTICLE,1.00 경기의 목적,1.01,,1,1,25,25,OFFICIAL,CONFIRMED,aeddb93a88ba95a6,"[공식야구규칙 2026] 1.00 경기의 목적 > 1.01
야구는 펜스로 둘러싸인 경기장에서 감독이 지휘하는 9명의 선수로 구성된 두 팀이 한 명 이상의 심판원의 주재 아래 이 규칙에 따라 치르는 경기이다(지명타자 제도를 채택한 경우 10명이 된다)."
RULE_COMMON_BR_1.02,RULE,BASEBALL_RULES,2026_KBO야구규칙.pdf,2026,ARTICLE,1.00 경기의 목적,1.02,,1,1,25,25,OFFICIAL,CONFIRMED,498b0491c7883a41,"[공식야구규칙 2026] 1.00 경기의 목적 > 1.02
공격팀의 목적은 타자가 주자가 되고 주자를 진루시키는 것이다."
RULE_COMMON_BR_1.03,RULE,BASEBALL_RULES,2026_KBO야구규칙.pdf,2026,ARTICLE,1.00 경기의 목적,1.03,,1,1,25,25,OFFICIAL,CONFIRMED,62e4f3e2b256e49f,"[공식야구규칙 2026] 1.00 경기의 목적 > 1.03
수비팀의 목적은 상대팀의 타자가 주자가 되는 것을 막고 주자가 되었다면 진루를 막는 것이다."
RULE_COMMON_BR_1.04,RULE,BASEBALL_RULES,2026_KBO야구규칙.pdf,2026,ARTICLE,1.00 경기의 목적,1.04,,1,1,25,25,OFFICIAL,CONFIRMED,107ce5704b90fb08,"[공식야구규칙 2026] 1.00 경기의 목적 > 1.04
타자가 주자가 되어 모든 베이스에 정상적으로 닿으면 그 팀에 1점이기록된다."
RULE_COMMON_BR_1.05,RULE,BASEBALL_RULES,2026_KBO야구규칙.pdf,2026,ARTICLE,1.00 경기의 목적,1.05,,1,1,25,25,OFFICIAL,CONFIRMED,1bb85da453604a2e,"[공식야구규칙 2026] 1.00 경기의 목적 > 1.05
각 팀의 목적은 상대팀보다 많이 득점하여 승리하는 데에 있다."
RULE_COMMON_BR_1.06,RULE,BASEBALL_RULES,2026_KBO야구규칙.pdf,2026,ARTICLE,1.00 경기의 목적,1.06,,1,1,25,25,OFFICIAL,CONFIRMED,7b6799cd3f13e584,"[공식야구규칙 2026] 1.00 경기의 목적 > 1.06
정식경기가 끝났을 때 이 규칙에 따라 더 많이 득점한 팀이 승자가 된다."
RULE_COMMON_BR_2.01_p1,RULE,BASEBALL_RULES,2026_KBO야구규칙.pdf,2026,ARTICLE,2.00 경 기 장,2.01,경기장의 설정,1,2,26,28,OFFICIAL,CONFIRMED,a4bf5ca813ae5f59,"[공식야구규칙 2026] 2.00 경 기 장 > 2.01 경기장의 설정 (1/2)
경기장은 다음 요령에 따라 <그림 1·2·3>과 같이 설정한다. 먼저 본루(home plate)의 위치를 정하고, 그 지점부터 2루를 설정하려는 쪽으로 철강재 줄자로 127피트 3⅜인치(38.795m) 거리를 재어 2루의 위치를 정한다. 그 다음 본루와 2루를 기점으로 각각 90피트(27.431m)를 재서 본루부터 오른쪽의 교차점을 1루로 하고 본루부터 왼쪽의 교차점을 3루로 한다. 따라서 1루로부터 3루까지의 거리는 127피트 3⅜인치(38.795m)가 된다. 본루부터의 거리는 항상 1루선과 3루선의 교차점을 기점으로 측정한다. 본루부터 투수판(pitcher's plate)을 지나 2루를 향한 선은 동북동을 향하는 것이 바람직하다. 90피트(27.431m) 평방의 내야를 만들려면 먼저 각 베이스 라인 및 홈 플레이트를 동일 수평면상에 설정하고 이어서 내야의 중앙 부근에 본루부터 10인치(25.4cm) 이내의 높이가 되도록 흙을 쌓아올려 그곳에 투수판을 설치하고 투수판 앞 6인치(15.2cm) 되는 지점부터 본루를 향해 6피트(182.9cm) 되는 지점까지 완만한 경사가 지도록 해야 하며, 기울기는 1피트(30.5cm) 당 1인치(2.54cm)로 일정해야 한다. 본루 뒤편지역은 본루 뒤쪽 끝에서 백스톱까지의 거리가 60피트(18.288m) 이상이 되도록 권장하나, 쾌적한 관람 환경 조성을 목적으로 단축하는 경우라도 반드시 45피트(13.716m) 이상을 유지해야 한다. 베이스 라인에서부터 파울지역에 있는 펜스, 스탠드 또는 정상적인 플레이를 못하게 하는 시설까지의 거리는 60피트(18.288m) 이상이 되어야 한다. <그림 1 참조>외야는 <그림 1>과 같이 1루선과 3루선을 연장한 파울 라인 안쪽 지역이다. 본루부터 페어지역에 있는 펜스, 스탠드 또는 정상적인 플레이를 못하게 하는 시설까지의 거리는 250피트(76.199m) 이상을 필요로 하지만 양쪽 파울 라인은 320피트(97.534m), 중앙은 400피트(121.918m) 이상이 되어야 이상적이다.
워닝트랙은 그라운드의 둘레에 설치되어야 하며, 폭은 최소 15피트(약 4.6m)를 유지해야 한다. 워닝트랙은 잔디와 시각적(예를 들면 색상)으로나 촉감의 차이를 두어야 한다. 이는 천연잔디 또는 인조잔디에 모두 적용된다. 파울 라인을 포함한 내야 및 외야는 페어지역이고, 그 밖의 지역은 파울지역이다.
포수석, 타자석, 코치석, 1루 쪽 3피트선(three feet first base line) 및 대기타석(next batter’s box)은 <그림 1·2>와 같이 그린다.
그림 중 파울 라인 및 굵은 선으로 표시된 모든 선은 페인트나 무독성의 불연성 분필가루 또는 기타 흰색 재료로 그린다. <그림 1>의 잔디선(grass line) 및 잔디의 넓이는 여러 구장에서 사용되고 있는 규격을 표시한 것이나, 그 규격은 반드시 강요되는 것은 아니고, 각 구장의 사정에 따라 잔디 및 잔디 없는 지면의 넓이와 모양을 정할 수 있지만, KBO에서는 본루와 1루 사이의 파울 라인을 따라 이어지는 페어지역 내 내야 흙의 범위는 1루 파울 라인으로부터 최소 18인치(약 45.72cm), 최대 24인치(약 60.96cm)의 범위 내에 있어야 한다."
RULE_COMMON_BR_2.01_p2,RULE,BASEBALL_RULES,2026_KBO야구규칙.pdf,2026,ARTICLE,2.00 경 기 장,2.01,경기장의 설정,2,2,26,28,OFFICIAL,CONFIRMED,b1721631e14ee73b,"[공식야구규칙 2026] 2.00 경 기 장 > 2.01 경기장의 설정 (2/2)
[부기] ① 1958년 6월 1일 이후 프로야구를 위해 건설하는 경기장은 본루부터 좌우의 펜스, 스탠드 또는 좌우의 페어지역에 정상적인 플레이를 못하게 하는 시설까지의 거리는 325피트(99.058m), 센터 펜스까지의 거리는 400피트(121.918m)를 필요로 한다.
② 1958년 6월 1일 이후 현재의 경기장을 개조할 때는 본루부터 좌우 펜스 및 센터 펜스까지의 거리를 ①항에서 지정한 거리 이하로 단축해서는 안 된다.
[주1] 우리나라에서 1991년 이후 경기장을 개조할 때는 본루부터 좌우 펜스의 거리를 91m, 센터 펜스까지의 거리는 105m 이하로 해서는 안 된다.
[주2] 파울폴(foul pole)은 흰색이어야 하나 판별하기 좋도록 다른 색을 사용해도 된다. 파울 라인을 그을 때는 나무 또는 기타 단단한 재료를 사용해서는 안 된다.
[주3] [아마추어 야구] 연식야구경기장 규격은 연식야구공과 배트의 상호 특성과 어깨보호를 위해 나이 구간별로 설정한다.
U-8 : 투수판과 본루 간 거리 10m, 베이스 간 거리 15m, 좌·우 30m 이상U-10 : 투수판과 본루 간 거리 12m, 베이스 간 거리 17m, 좌·우 40m 이상U-12 : 투수판과 본루 간 거리 14m, 베이스 간 거리 18.19m, 좌·우 50m 이상U-15 : 투수판과 본루 간 거리 16m, 베이스 간 거리 23m, 좌·우 60m 이상U-16세 이상 선택 구간 (1, 2, 3)
1. 투수판과 본루 간 거리 17m, 베이스 간 거리 25m, 좌·우 65m 이상
2. 투수판과 본루 간 거리 18m, 베이스 간 거리 27m, 좌·우 70m 이상
3. 투수판과 본루 간 거리 18.44m, 베이스 간 거리 27.43m, 좌·우 70m 이상"
RULE_COMMON_BR_2.02,RULE,BASEBALL_RULES,2026_KBO야구규칙.pdf,2026,ARTICLE,2.00 경 기 장,2.02,본루,1,1,28,28,OFFICIAL,CONFIRMED,ffe835804d32d95f,"[공식야구규칙 2026] 2.00 경 기 장 > 2.02 본루
본루(home base)는 5각형의 흰색 고무판으로 표시한다. 홈 플레이트를 만들고 설치하는 요령은 다음과 같다.
⒜ 먼저 한 변의 길이가 17인치(43.2cm)인 정사각형의 모양을 만들고
⒝ 한 변을 골라 그 변과 직각을 이룬 양쪽 변에 길이 8.5인치(21.6cm) 인 지점을 정한 다음 ⒞ 그 지점에서 밑변의 중심점까지 연결하는 12인치(30.5cm)의 변을 만든다. ⒟ 이로써 이등변 삼각형의 두 귀퉁이를 잘라내면 5각형의 홈 플레이트가 완성된다. 12인치(30.5cm)의 두 변이 만나는 꼭짓점을 본루~1루선, 본루~3루선의 교차점과 일치시키고, 17인치(43.2cm)의 변은 투수판과 평행이 되게 하고, 12인치(30.5cm) 짜리 두 변은 1루선 및 3루선에 일치시킨다. 이렇게 자리를 잡고 나서 홈 플레이트의 표면이 지면과 수평이 되도록 고정시킨다. <그림 2 참조>"
RULE_COMMON_BR_2.03,RULE,BASEBALL_RULES,2026_KBO야구규칙.pdf,2026,ARTICLE,2.00 경 기 장,2.03,"각 루(1, 2, 3루)",1,1,28,29,OFFICIAL,CONFIRMED,403608d82545a624,"[공식야구규칙 2026] 2.00 경 기 장 > 2.03 각 루(1, 2, 3루)
각 루(1, 2, 3루)는 흰색 캔버스 백 또는 고무백으로 표시하고 <그림 2>와 같이 땅에 올바르게 고정시킨다. 1루와 3루의 백은 완전히 내야 안쪽으로 들어가도록 설치하고, 2루의 백은 2루 교차점에 중심이 놓이도록 설치한다. 백은 속에 부드러운 재료를 넣어서 만들고 크기는 사방 15인치(38.1cm), 두께는 3인치(7.6cm)~5인치(12.7cm)이다. 단, KBO에서는 사방 18인치(45.72cm) 크기의 베이스를 사용한다."
RULE_COMMON_BR_2.04,RULE,BASEBALL_RULES,2026_KBO야구규칙.pdf,2026,ARTICLE,2.00 경 기 장,2.04,투수판,1,1,29,29,OFFICIAL,CONFIRMED,df714547d8d217de,"[공식야구규칙 2026] 2.00 경 기 장 > 2.04 투수판
투수판은 가로 24인치(61cm), 세로 6인치(15.2cm)의 직사각형 흰색 고무 평판으로 만든다. 투수판은 <그림 1·2>에 표시한 지점에 고정시켜 그 앞쪽 중앙부터 본루의 5각형 뒤꼭짓점까지의 거리가 60피트 6인치(18.44m)가 되게 한다."
RULE_COMMON_BR_2.05,RULE,BASEBALL_RULES,2026_KBO야구규칙.pdf,2026,ARTICLE,2.00 경 기 장,2.05,벤치,1,1,29,29,OFFICIAL,CONFIRMED,54ccb754a4599df6,"[공식야구규칙 2026] 2.00 경 기 장 > 2.05 벤치
홈구단은 각 베이스 라인부터 25피트(7.62m) 이상 떨어진 곳에 홈구단 및 원정구단용으로 선수용 벤치를 설치하여야 하며, 이 벤치는 양 옆과 뒤쪽을 막고 지붕을 씌워야 한다."
RULE_COMMON_BR_3.01,RULE,BASEBALL_RULES,2026_KBO야구규칙.pdf,2026,ARTICLE,3.00 용구 및 유니폼,3.01,공,1,1,30,30,OFFICIAL,CONFIRMED,e695f54819868c85,"[공식야구규칙 2026] 3.00 용구 및 유니폼 > 3.01 공
공은 코르크, 고무 또는 이와 비슷한 재료로 만든 작은 심에 실을 감고, 흰색의 말가죽 또는 쇠가죽 두 쪽으로 이를 싸서 단단하게 만든다. 중량은 5~5¼온스(141.77~148.8g), 둘레는 9~9¼인치(22.9~23.5cm) 로 한다.
[주] [아마추어 야구] 연식야구공 속 재질은 폴리우레탄 폼으로 하고 겉면은 천연 말가죽 또는 쇠가죽 두 쪽으로 되어 있으며, 빨간색 실로 감싼 소프트한 공으로 한다. 중량과 둘레는 한국연식야구연맹 기준에 의한다.
선수는 흙, 로진, 파라핀, 감초, 사포, 금강사포 등 이물질로 일부러 공을 변색시키거나 흠집을 내서는 안 된다.
[벌칙] 심판원은 그 공을 회수하고 반칙행위자를 퇴장시켜야 한다. 반칙행위자는 10경기 출전정지가 된다. 투수가 공을 훼손하는 경우에는 6.02⒞⑵~⑹을 참고한다.
[부기1] 공이 경기 중 부분적으로 떨어져 나갔을 경우 그 플레이가 끝날 때까지 볼 인 플레이 상태는 계속된다.
[부기2] KBO에서는 로진 백은 KBO 또는 미국 MLB, 일본 NPB에서 승인한 제품에 한하여 사용이 가능하며, 각 구단은 경기에서 사용할 로진 백을 경기개시 1시간 전까지 심판원에게 제출하여 사용 가능 여부를 확인받아야 한다."
RULE_COMMON_BR_3.02_p1,RULE,BASEBALL_RULES,2026_KBO야구규칙.pdf,2026,ARTICLE,3.00 용구 및 유니폼,3.02,배트,1,2,30,32,OFFICIAL,CONFIRMED,be82b9cbd7dbd2e2,"[공식야구규칙 2026] 3.00 용구 및 유니폼 > 3.02 배트 (1/2)
⒜배트는 겉면이 고른 둥근 나무로 만들어야 하며 굵기는 가장 굵은 부분의 지름이 2.61인치(6.6cm) 이하, 길이는 42인치(106.7cm) 이하이어야 한다.
배트는 하나의 목재로 만들어져야 한다.
[부기] 접착배트 또는 시험제작 중인 배트는 제조업자가 그 제조 의도와 방법에 대해 규칙위원회의 승인을 얻을 때까지 KBO(공식경기는 물론 비공식경기까지 포함)에서는 사용할 수 없다.
⒝커프트 배트(cupped bat·끝부분을 움푹하게 도려낸 배트) 배트의 끝부분을 도려낼 때는 깊이는 1¼인치(3.2cm) 이하, 지름은 1~2인치(2.5~5.1cm) 이내로 해야 하며, 움푹하게 파낸 단면은 둥글어야 한다. 또 이때 다른 물질을 붙여 둥글게 해서는 안 되며, 배트의 소재를 도려내는 것으로 그쳐야 한다.
⒞배트의 손잡이 부분(끝에서 18인치(45.7cm)까지)에는 단단히 잡는 데 도움이 되도록 어떠한 물질을 붙이거나 어떤 물질로 처리하는 것은 허용된다. 그러나 그 범위가 18인치(45.7cm)를 넘어선 배트는 경기용으로 사용할 수 없다.
[부기] 심판원은 타자가 사용한 배트(공인)가 이 규정에 어긋났다는 사실을 타격 중 또는 타격 종료 후에 발견하더라도 타자에게 아웃을 선고하거나 타자를 경기에서 제외하는 이유로 삼아서는 안 된다.
[원주] 파인타르가 18인치(45.7cm) 제한을 초과한 경우 심판원은 자체적인 판단 또는 상대팀 어필에 따라 타자에게 다른 배트를 사용하도록 명해야 한다. 이후 타자는 제한을 초과한 파인타르가 완전히 제거된 경우 해당 배트를 재사용 할 수 있다. 3.02⒞를 위반한 배트의 사용을 심판원이 별도로 지적하지 않을 경우 해당 배트로 인한 행위 또는 후속 플레이를 무효화할 수 없으며 어떠한 어필도 허용되지 않는다."
RULE_COMMON_BR_3.02_p2,RULE,BASEBALL_RULES,2026_KBO야구규칙.pdf,2026,ARTICLE,3.00 용구 및 유니폼,3.02,배트,2,2,30,32,OFFICIAL,CONFIRMED,c06994f0c7e19a29,"[공식야구규칙 2026] 3.00 용구 및 유니폼 > 3.02 배트 (2/2)
⒟KBO에서는 규칙위원회의 허가 없이 유색배트를 사용할 수 없다.
[주1] KBO에서는 유색배트에 대해 별도의 규정(빨간색과 구분되는 갈색, 짙은 회색, 검은색)을 따르며 금속제 배트, 나무의 접합배트, 대나무의 접합배트는 총재의 허가가 있을 때까지 사용할 수 없다.
아마추어 야구에서는 협회가 공인하면 금속제 배트, 나무로 된 접합배트, 대나무로 된 접합배트를 사용할 수 있다.
[주2] 배트를 굽거나 태워 배트 표면에 그을림 효과를 내는 것은 나무 고유의 색상인 배트에 한해서만 허용되며 그을림 효과를 사용한 후에도 나무의 결이 보여야 한다. 도색이 되어있는 배트 표면에는 그을림 효과를 낼 수 없다. 그을림 효과를 사용할 경우 배트 전체에 균일한 형태이거나 배트 손잡이 끝부분부터 45.7cm까지 되는 경계선을 넘어선 윗부분에 한해서만 허용되며 이 배트는 2가지색(투톤) 배트로 간주되어 이에 대한 규정을 준수해야 한다.
또한 배트의 형태를 변형하거나 반발력에 영향을 미치는 효과를 가하는 행위는 금지된다.
[주3] 선수는 배트에 허용되는 색상, 그을림 효과 등 제조 기준 규정 위반이 의심되는 경우 경기시작 2시간 전까지 경기 심판진에게 해당 배트 사용 가능 여부를 확인받아야 한다. 규칙 또는 배트 공인규정을 위반한 배트의 사용을 시도하거나 사용 사실이 발견된 경우 공식야구규칙 6.03(a)(5) 및 배트 공인규정 제10조 2항에 의거해 이를 규칙 및 규정 위반으로 간주하고 선수와 공인 신청업체는 각각 제재를 받을 수 있다."
RULE_COMMON_BR_3.03,RULE,BASEBALL_RULES,2026_KBO야구규칙.pdf,2026,ARTICLE,3.00 용구 및 유니폼,3.03,유니폼(경기복),1,1,32,33,OFFICIAL,CONFIRMED,1f4d0f77c7bcdb46,"[공식야구규칙 2026] 3.00 용구 및 유니폼 > 3.03 유니폼(경기복)
⒜⑴ 한 팀의 모든 선수는 같은 색깔, 형태, 디자인의 유니폼을 입어야 한다. 그리고 모든 선수의 유니폼에는 6인치(15cm) 크기 이상의 등번호를 붙여야 한다.
⑵ 한 팀의 모든 선수는 동일한 색상의 언더셔츠를 착용해야 한다.
암슬리브(팔토시)를 착용할 경우 반드시 언더셔츠와 동일한 색상에 한한다. 투수 이외의 각 선수는 언더셔츠와 암슬리브(팔토시)의 소매에 번호, 문자, 기장 등을 표시할 수 있다(상표표시 및 광고 제외).
⑶ 자기 팀과 다른 유니폼을 입은 선수는 경기에 나올 수 없다.
⒝유니폼에 관한 규정
⑴ 각 팀은 항상 고유의 유니폼을 입어야 한다.
⑵ 각 팀은 홈 경기용으로 흰색 또는 유색, 원정 경기용으로 유색 유니폼을 별도로 준비하여야 한다.
⒞⑴ 각 선수의 유니폼 소매길이는 개개인마다 달라도 괜찮으나 각자의 양쪽 소매길이는 거의 같아야 한다. 선수는 너덜너덜하거나 찢어진 유니폼과 언더셔츠를 착용해서는 안 된다. 투수는 하얀색, 회색 또는 심판원이 판단하기에 어떤 형태로든 방해가 될 수 있는 색상의 소매가 있는 언더셔츠를 착용해서는 안 된다.
⑵ 각 선수는 소매가 지나치게 헐었거나 찢어진 유니폼 및 언더셔츠를 입어서는 안 된다.
⒟각 선수는 유니폼과 다른 색깔을 띤 테이프나 이물질을 유니폼에 붙여서는 안 된다.
⒠유니폼의 어떤 부분에도 야구공을 모방하거나 연상시키는 모양이 있어서는 안 된다.
⒡유리 단추나 번쩍거리는 금속을 유니폼에 달아서는 안 된다.
⒢스파이크 코와 뒤꿈치에는 흔히 쓰이고 있는 스파이크 보호대 이외의 것을 붙여서는 안 된다. 골프화 또는 육상경기용 스파이크처럼 뾰족한 징이 달린 스파이크는 신을 수 없다.
⒣유니폼의 어떤 부분에도 상업광고에 관련된 휘장이나 도안물을 붙여서는 안 된다. 단, 유니폼의 상의 소매 양쪽에 한해 60㎠ 이내의 광고를 허용한다.
⒤리그는 소속한 팀의 유니폼 등에 선수의 이름을 붙이도록 규정할 수 있다. 본명이 아닌 별명을 쓰려면 총재의 승인을 받아야 한다.
이름을 붙이기로 확정하면 팀 전원이 예외 없이 유니폼에 붙여야 한다.
[주1] 선수는 유니폼 이외의 옷을 입고 경기할 수 없다. 단, 베이스 코치나 주자로 나간 투수는 별도의 옷을 입을 수 있다.
[주2] 주루 장갑은 길이 30cm, 너비 13cm 이내이어야 하며, 반드시 밴드 등으로 고정하여 착용 후 손에서 빠지지 않도록 끝까지 착용하여야 한다. 크기 규정을 위반하거나 플레이 중 장갑이 손에서 빠져 명백하게 플레이에 영향을 주었다고 심판원이 판단하였을 경우 제재금 200만원을 부과한다."
RULE_COMMON_BR_3.04,RULE,BASEBALL_RULES,2026_KBO야구규칙.pdf,2026,ARTICLE,3.00 용구 및 유니폼,3.04,포수 미트,1,1,34,34,OFFICIAL,CONFIRMED,cf31fe99eb9d1e10,"[공식야구규칙 2026] 3.00 용구 및 유니폼 > 3.04 포수 미트
포수의 미트는 중량 제한이 없다.
크기는 조여 매는 끈과 부속물을 포함해서 바깥둘레가 38인치(96.5cm) 이내, 미트의 위아래 길이는 15.5인치(39.4cm) 이내이어야 한다. 미트의 엄지와 검지 사이의 공간은 위쪽이 6인치(15.2cm) 이내, 아래쪽이 4인치(10.2cm) 이내이어야 한다. 엄지와 검지 사이의 웹은 위쪽이 7인치(17.8cm) 이내, 아래쪽이 6인치(15.2cm) 이내이어야 한다.
웹은 가죽 또는 가죽끈으로 엮은 것이든 상관이 없고 손바닥 부분으로 이어지도록 가죽끈으로 미트에 잡아매도 좋으나 앞서의 치수를 넘어서는 안 된다."
RULE_COMMON_BR_3.05,RULE,BASEBALL_RULES,2026_KBO야구규칙.pdf,2026,ARTICLE,3.00 용구 및 유니폼,3.05,1루수 글러브,1,1,34,34,OFFICIAL,CONFIRMED,4724c4924328c782,"[공식야구규칙 2026] 3.00 용구 및 유니폼 > 3.05 1루수 글러브
1루수가 사용하는 글러브 또는 미트는 중량 제한이 없다. 미트의 크기는 위에서 아래까지 13인치(33cm) 이내, 엄지의 V자 부분부터 미트의 외면 끝까지가 8인치(20.3cm) 이내이어야 한다.
엄지와 검지 사이의 공간은 위쪽이 4인치(10.2cm) 이내, 아래쪽이 3.5인치(8.9cm) 이내이어야 한다. 이 공간은 엄격히 고정되어 있으므로 어떤 방법을 동원하거나 물체를 이용하여 넓어지거나 깊어지게 해서는 안 된다. 엄지와 검지 사이의 올가미는 맨 위에서부터 맨 밑까지의 길이가 5인치(12.7cm) 이내이어야 한다.
웹은 가죽 또는 가죽끈으로 엮은 것이든 상관이 없고 손바닥 부분으로 이어지도록 가죽끈으로 미트에 잡아매도 좋으나 앞서의 치수를 넘어서는 안 된다.
그리고 웹은 끈을 꼬거나 끈에 가죽 이외의 것을 감거나 하여 그물과 같은 형태가 되도록 만들어서는 안 된다."
RULE_COMMON_BR_3.06,RULE,BASEBALL_RULES,2026_KBO야구규칙.pdf,2026,ARTICLE,3.00 용구 및 유니폼,3.06,야수 글러브,1,1,34,35,OFFICIAL,CONFIRMED,23c95096f693f915,"[공식야구규칙 2026] 3.00 용구 및 유니폼 > 3.06 야수 글러브
야수의 가죽 글러브는 중량 제한이 없다. 글러브의 치수를 잴 때는 계측기나 줄자를 글러브의 앞쪽 또는 공을 잡는 쪽에 접촉시켜 표면을 따라가며 잰다.
길이는 네 손가락의 어느 끝에서부터이든 상관없이 공을 잡는 포켓 부분을 지나 글러브의 하단까지 13인치(33cm) 이내이어야 한다. 손바닥의 넓이는 검지의 하단 안쪽에서부터 각 손가락을 지나 새끼손가락 바깥 끝까지 7¾인치(19.7cm) 이내이어야 한다. 엄지와 검지 사이 V자형 부분(크로치 crotch)에는 가죽 웹 또는 평면 가죽제품을 부착해도 된다. 웹은 크로치를 꽉 메울 수 있도록 두 겹의 보통 가죽으로 만들거나, 터널형 또는 직사각형의 가죽을 연결하여 만들거나 가죽끈을 엮은 것으로 만들어도 괜찮다. 그러나 그물과 같은 형태가 되도록 가죽이 아닌 것을 감든지 가죽이 아닌 것으로 싸서는 안 된다.
웹이 크로치를 빈틈없이 메웠을 때 웹에 유연성이 있도록 조치해도 괜찮으나 여러 개의 부품을 이어서 웹을 만들 때는 그것을 빈틈없이 서로 붙여서 만들어야 한다. 그러나 부품을 활 모양으로 구부려서 웅덩이를 크게 해서는 안 된다.
웹은 크로치의 크기를 언제나 제어할 수 있도록 만들어야 한다.
크로치의 크기는 맨 위쪽의 길이가 4.5인치(11.4cm) 이내, 깊이가 5¾인치(14.6cm) 이내, 그리고 맨 아래쪽 길이는 3.5인치(8.9cm) 이내이어야 한다.
웹은 크로치의 상하좌우 어느 부분에서도 빈틈없이 꽉 메워져 있어야 한다. 가죽끈으로 묶어서 만들어진 것은 분명히 연결하고, 늘어지거나 풀어질 때는 정상적인 상태로 고쳐야 된다."
RULE_COMMON_BR_3.07,RULE,BASEBALL_RULES,2026_KBO야구규칙.pdf,2026,ARTICLE,3.00 용구 및 유니폼,3.07,투수 글러브,1,1,35,36,OFFICIAL,CONFIRMED,e0fa0e87b2f564a1,"[공식야구규칙 2026] 3.00 용구 및 유니폼 > 3.07 투수 글러브
⒜투수용 글러브는 가죽의 가장자리를 제외한 모든 부분에 흰색, 회색 또는 심판원이 타자의 집중을 저해한다고 판단하는 색상을 사용할 수 없다. 모든 야수는 PANTONEⓇ 색상 기준 14시리즈보다 밝은 색상의 글러브를 사용할 수 없다.
⒝투수는 글러브와 다른 색깔을 띤 이물질을 글러브에 붙여서는 안 된다.
⒞주심은 자체적인 판단이나 다른 심판원의 의견 또는 상대팀 감독의 어필을 근거로 3.07⒜ 또는 ⒝를 위반하는 글러브의 사용을 금지할 수 있다."
RULE_COMMON_BR_3.08,RULE,BASEBALL_RULES,2026_KBO야구규칙.pdf,2026,ARTICLE,3.00 용구 및 유니폼,3.08,안전모(헬멧),1,1,36,36,OFFICIAL,CONFIRMED,da716a3072e077b8,"[공식야구규칙 2026] 3.00 용구 및 유니폼 > 3.08 안전모(헬멧)
KBO는 안전모(헬멧) 사용에 다음과 같은 규칙을 적용한다.
⒜선수는 타격 및 주루 중 반드시 보호용 안전모를 써야 한다.
⒝KBO에 속한 모든 선수는 한쪽 귀 덮개가 달린 안전모(선수의 의향에 따라 양쪽 귀 덮개가 달린 것)를 착용해야 한다.
⒞포수가 수비하고 있을 동안에는 포수용 안전모 및 얼굴 마스크를 착용해야 한다.
⒟배트 보이, 볼 보이 또는 배트 걸, 볼 걸은 직무를 수행하는 동안 양쪽 귀 덮개가 달린 안전모를 착용하는 것이 바람직하다.
⒠베이스 코치는 직무 수행 중에 안전모를 착용해야 한다.
[부기] 심판원은 각 항에 대하여 규칙 위반을 인정하였을 때 이것을 고치도록 명하여야 한다. 심판원의 판단상 적당한 시간이 지났음에도 불구하고 고쳐지지 않을 경우 위반자를 경기에서 퇴장시킬 수 있다."
RULE_COMMON_BR_3.09,RULE,BASEBALL_RULES,2026_KBO야구규칙.pdf,2026,ARTICLE,3.00 용구 및 유니폼,3.09,부적절한 광고,1,1,36,37,OFFICIAL,CONFIRMED,e0634bafd132b454,"[공식야구규칙 2026] 3.00 용구 및 유니폼 > 3.09 부적절한 광고
베이스, 투수판, 공, 배트, 유니폼, 미트, 글러브, 안전모 등 기타 이 규칙에 규정된 경기용구에는 그 제품을 위한 부적절한 광고가 포함되어서는 안 된다. 제조업자가 용구에 표시하는 상품명이나 로고 등은 크기나 내용이 보편타당한 것이어야 한다. 이 조항은 KBO에만 적용한다.
[부기] 제조업자가 프로용 경기용구에 혁신적인 변화를 꾀하고자 할 때는 제조에 앞서 규칙위원회에 그 변경사항을 제시하여 승인을 얻어야 한다.
[주1] 제조업자에는 판매업자도 포함된다.
[주2] 경기용구에는 제조업자(판매업자 포함)의 기본사항 외에 어떠한 광고도 붙일 수 없다.
[주3] ① 배트 표면에 표시되는 소인(燒印)과 같은 내용 및 크기는 다음과 같이 정한다. 배트의 앞부분에는 배트 모델, 배트의 품명, 제조번호, 재종 등만 표시하여야 하며 마크류는 표시할 수 없다. 이러한 표시는 배트의 길이에 따라 세로 5cm 이하, 가로 9.5cm 이하이어야 하며 문자의 크기는 각각 세로 가로 2cm 이하로 한다. 손잡이에 가까운 부분에는 제조업자 또는 제조 위탁업자의 명의를 포함한 상표를 표시하되, 그 표시는 배트의 길이에 따라 세로 6.5cm 이하, 가로 12.5cm 이하로 한다. 위와 같은 상표 등은 모두 배트의 같은 면에 표시하여야 한다.
② 유니폼(모자, 스타킹 포함), 벨트, 양말, 언더셔츠, 바람막이, 점퍼, 헬멧 등 표면의 어떠한 부분에도 상표 등의 표시를 할 수 없다. 단, KBO에서는 헬멧에 40㎠ 이내의 광고물 부착을 허용한다.
③ 글러브에 표시하는 심벌마크 또는 상표는 천 또는 자수로 된 것이어야 하고, 이것을 표시하는 곳은 손등 부분 또는 그곳에 가까운 부분이거나 엄지가 닿는 밑부분 중 한 곳에 한정되며 크기는 세로 4cm, 가로 7cm 이하로 한다. 심벌마크를 천 또는 자수로 표시할 때는(에나멜로 표시하여서는 안됨) 엄지가 닿는 아래쪽에 한정되며 크기는 가로 3.5cm, 세로 3.5cm 이하로 한다.
투수용 글러브에 상표 및 마크류를 천조각 또는 자수로 표시할 때 그 색은 문자 부분을 포함, 모두 흰색 또는 회색 이외의 색이어야 한다. 품명, 품번, 마크류 등을 스탬프로 표시할 때는 검정색 또는 소인의 자연색이어야 한다.
④ 장갑 및 리스트 밴드(wrist band)에 상표 등을 표시할 때는 한 곳에 한정하고 크기는 세로 1cm 이하, 가로 7cm 이하로 한다.
⑤ 그 밖에 용구의 상업화에 대해서는 이 항의 취지에 따라 규칙위원회가 그때마다 판단한다."
RULE_COMMON_BR_3.10,RULE,BASEBALL_RULES,2026_KBO야구규칙.pdf,2026,ARTICLE,3.00 용구 및 유니폼,3.10,경기장의 용구,1,1,37,37,OFFICIAL,CONFIRMED,54e412be34791080,"[공식야구규칙 2026] 3.00 용구 및 유니폼 > 3.10 경기장의 용구
⒜공격팀 선수는 자기 팀의 공격 중에는 글러브, 기타 용구를 경기장에서 덕아웃으로 갖고 들어가야 한다. 페어지역이나 파울지역을 막론하고 경기장 안에는 어떠한 장비도 남겨두어서는 안 된다.
⒝경기장 위에서 유형의 표식을 남기는 마커의 사용은 금지된다."
RULE_COMMON_BR_4.01,RULE,BASEBALL_RULES,2026_KBO야구규칙.pdf,2026,ARTICLE,4.00 경기의 준비,4.01,심판원의 의무,1,1,38,39,OFFICIAL,CONFIRMED,ee4b6d05141a1252,"[공식야구규칙 2026] 4.00 경기의 준비 > 4.01 심판원의 의무
심판원은 경기개시 전에 다음과 같이 준비해야 한다.
⒜경기에 쓰이는 용구 및 선수의 장비가 모두 규정에 부합하는지를 엄격히 살핀다.
⒝분필가루나 흰색 재료로 그어진 경기장의 모든 선(그림 1·2의 굵은 선)이 땅 또는 잔디와 명확하게 구별되는지를 확인한다.
⒞홈구단으로부터 수량, 리그회장의 증명필증(사인)을 점검하고 경기사용구를 수령한다. 경기사용구는 리그회장의 서명이 담긴 포장지로 싸여 있어야 하며, 그 포장지는 경기 직전에 심판원이 공을 점검하고 광택을 제거하기 위해 뜯기 전까지 훼손되어서는 안 된다.
심판원은 그 공이 경기에 사용하기에 적절한지를 결정하는 유일한 권한을 갖는다.
[주] KBO는 공에 총재의 승인 표시를 인쇄하는 것으로 리그회장의 서명을 대신한다.
⒟홈구단이 필요에 따라 즉시 사용할 수 있는 경기사용구를 1타 이상 보유하고 있는지를 확인한다.
⒠최소한 2개의 예비공을 갖고 있어야 하며, 경기 중 필요에 따라 수시로 예비공의 보충을 요구한다.
예비공은 다음의 경우에 사용한다.
⑴ 공이 경기장 밖으로 나가거나 관중석 안으로 들어갔을 경우
⑵ 공이 더러워지거나 더 이상 사용할 수 없게 되었을 경우
⑶ 투수가 공의 교환을 요구했을 경우
[원주] 심판원은 플레이가 종료되어 종전에 사용하던 공이 데드 볼이 될 때까지 투수에게 새로운 공을 주어서는 안 된다. 페어의 타구나 송구가 경기장 밖으로 나갔을 경우 타자 및 주자가 주어진 베이스에 다다를 때까지 예비공을 주어 플레이를 재개시켜서는 안 된다. 경기장 밖으로 홈런을 쳤을 때 심판원은 홈런을 친 타자주자가 본루를 통과할 때까지 투수나 포수에게 새 공을 주어서는 안 된다.
⒡각 경기가 시작되기 전에 공식 로진 백이 투수판 뒤의 그라운드에 놓였는지 확인한다.
⒢주심이 어둠 때문에 플레이에 지장이 있다고 판단하였을 때는 언제든지 경기장의 조명을 켜도록 조치할 수 있다."
RULE_COMMON_BR_4.02,RULE,BASEBALL_RULES,2026_KBO야구규칙.pdf,2026,ARTICLE,4.00 경기의 준비,4.02,감독,1,1,39,39,OFFICIAL,CONFIRMED,6adb843a9e849431,"[공식야구규칙 2026] 4.00 경기의 준비 > 4.02 감독
⒜구단은 경기개시 시간 30분 전까지 총재 또는 그 경기의 주심에게 감독을 지명하여야 한다.
⒝감독은 규칙으로 정해진 특별한 임무를 선수 또는 코치에게 위임한 사실을 주심에게 통고할 수 있다. 이러한 통고가 있으면 지명된 대리자의 모든 활동은 공식적인 것이 된다. 감독은 자기 팀의 행동, 공식야구규칙의 준수, 심판원에 대한 존중에 관하여 항상 모든 책임을 져야 한다.
⒞감독이 경기장을 떠날 때는 선수 또는 코치를 감독대행으로 지명하여야 한다. 감독대행(substitute manager)은 감독으로서의 의무, 권리, 책임을 갖는다. 만일 감독이 경기장을 떠나기 전까지 감독대행을 지명하지 않거나, 지명을 거부하였을 때는 주심이 팀의 일원을 감독대행으로 지명하여야 한다."
RULE_COMMON_BR_4.03_p1,RULE,BASEBALL_RULES,2026_KBO야구규칙.pdf,2026,ARTICLE,4.00 경기의 준비,4.03,타순표의 교환,1,2,39,41,OFFICIAL,CONFIRMED,e9d68f65cb4e5654,"[공식야구규칙 2026] 4.00 경기의 준비 > 4.03 타순표의 교환 (1/2)
홈구단이 경기의 연기 또는 경기개시의 지연을 사전에 알려왔을 경우를 제외하고 1명 이상의 심판원은 경기개시 예정 시각 5분 전에 홈 플레이트 앞에서 양 팀 감독과 만나야 한다.
⒜먼저 홈구단의 감독이 주심에게 2통의 타순표를 제출한다.
⒝다음에 원정구단의 감독이 주심에게 2통의 타순표를 제출한다.
⒞주심에게 제출한 타순표에는 타격순서에 따른 각 선수의 수비위치도 기재해야 한다. 지명타자를 사용할 경우 타순표에는 지명타자가 될 타자를 명시해야 한다. (5.11⒝ 참조) 교체 가능한 선수를 명단에 함께 포함해야 한다. 단, 교체 가능한 선수를 명단에 기재하지 않더라도 해당 선수의 출전을 제한할 수 없다.
⒟주심은 받은 타순표의 정본(正本)과 부본(副本)이 같은지를 대조한 뒤, 상대팀 감독에게 각각 타순표의 부본을 건네준다. 주심이 가지고 있는 것이 정본이 된다. 주심이 타순표를 건네면 각 팀의 타격순서는 확정된다. 이후로는 별도의 규칙으로 정한 사항 외에는 타순표 교체가 허용되지 않는다."
RULE_COMMON_BR_4.03_p2,RULE,BASEBALL_RULES,2026_KBO야구규칙.pdf,2026,ARTICLE,4.00 경기의 준비,4.03,타순표의 교환,2,2,39,41,OFFICIAL,CONFIRMED,b76032965ec91ade,"[공식야구규칙 2026] 4.00 경기의 준비 > 4.03 타순표의 교환 (2/2)
⒠홈구단의 타순표가 주심에게 제출된 이후로는 일기나 경기장 상태에 따른 중도종료나 일시정지, 속개 등 경기진행에 관한 모든 권한은 각 심판원에게 이관된다.
주심만이 경기 중 일기 및 경기장의 상태에 따라 경기를 일시정지 시키느냐, 일시정지 후 경기를 재개하느냐, 일시정지 후 그대로 종료를 명하느냐를 결정하는 권한을 갖고 있다. 주심은 플레이를 중지한 뒤 최소한 30분이 지날 때까지는 경기의 종료를 명해서는 안 된다. 또 주심은 플레이 재개의 가능성이 있다고 확신하면 일시정지 상태를 연장해도 된다.
[원주1] 주심은 경기개시를 위한 “플레이”를 선언하기 전에 타순표의 분명한 착오를 발견하였을 때는 착오를 범한 팀의 감독 또는 주장에게 주의를 주어 이를 수정시켜야 한다. 예를 들면 감독의 부주의로 타순표에 8명만 썼다든지, 동명이인(同名異人)인 2명이 구별되지 않았을 때 심판원은 이러한 잘못을 경기시작 전에 발견하면 고치게 해야 한다. 경기 전에 수정할 수 있는 실수를 부주의한 탓으로 저질렀다고 해서 팀이 불이익을 받아서는 안 된다. 타순표에 기재된 선수가 동명이인 일 때는 배번을, 선수의 이름과 배번이 맞지 않는 경우에는 이름을 우선시한다.
[주] KBO에서는 경기시작 예정 시간 1시간 전에 주심이 홈 플레이트 앞에서 양 팀 감독을 만나 3통의 타순표를 받으며, 아마추어 야구에서는 타순표 제출에 대한 방법은 협회 또는 대회 주최 측 규정에 따른다.
[원주2] 주심은 어떠한 경우에도 경기를 완료하도록 최선을 다하여야 한다. 경기완료의 확신이 있으면 주심은 30분간의 일시정지를 반복하더라도 어디까지나 경기를 속행하도록 노력해야 하며, 경기를 완료할 가능성이 없을 때만 경기의 종료를 선언해야 한다.
[주1] 관중이 비를 피할 만한 시설이 없는 경기장의 경우 비바람이 심하고 경기속행이 불가능하다고 생각될 때에는 30분을 기다릴 필요 없이 경기를 종료할 수도 있다.
[주2] 조명등이 고장났을 경우의 조치 즉시 주심 입회 아래 주최자(홈구단 경기관리인)가 정전 상태를 조사하여 아래와 같은 조치를 취한다.
① 30분 이내에 회복할 수 없음이 명백할 경우에는 즉시 경기를 종료한다.
② 회복의 시기가 분명하지 않을 경우에는 라이트가 꺼진 뒤부터 30분간 대기한다. 단, 경기를 재개할 시기에 대하여서는 제한 시간을 참작하되 경기재개가 적당하다고 주심이 판단하였을 경우에는 이 항에 관계없이 경기를 재개할 수 있다.
③ 30분이 경과된 뒤에도 회복할 가능성이 없을 때는 경기를 종료한다.
④ 30분이 경과하고도 얼마 뒤에 회복될 가능성이 있을 때는 주심은 회복을 기다려 경기를 재개한다."
RULE_COMMON_BR_4.04,RULE,BASEBALL_RULES,2026_KBO야구규칙.pdf,2026,ARTICLE,4.00 경기의 준비,4.04,경기장 사용 결정권,1,1,41,42,OFFICIAL,CONFIRMED,1ef41c1294c0b528,"[공식야구규칙 2026] 4.00 경기의 준비 > 4.04 경기장 사용 결정권
⒜홈구단은 일기가 불순하거나 경기장 상태가 불량할 때 경기를 개시하기에 적합한지를 결정할 권한을 갖고 있다. 다만, 더블헤더의 두 번째 경기는 예외이다.
[주] KBO에서는 경기개시 여부를 KBO 경기운영위원이 홈구단의 경기관리인 또는 그 대리인과 협의하여 결정하며, 아마추어 야구에서는 대회 주최자 및 심판원이 관여할 수 있다.
[예외] 모든 일정이 소화되지 않은 채 리그의 최종순위가 실제의 승패 결과대로 결정되는 일이 없도록 하기 위하여 마지막 몇 주간은 리그회장에게 이 조항의 적용을 중지하는 권한을 줄 수 있다. 예를 들면 정규시즌 경기의 마지막 주에 두 팀 간의 경기를 연기하거나 또는 거행하지 않는 것이 리그의 최종순위에 영향을 미칠 염려가 있을 때는 홈구단에게 주어져 있는 경기개시 결정권을 총재가 갖게 되는 것이다.
⒝일기가 불순하거나 경기장 상태가 불량할 때 첫 번째 더블헤더 경기의 주심만이 두 번째 더블헤더 경기를 치르기가 적합한지를 결정할 권한을 갖고 있다."
RULE_COMMON_BR_4.05,RULE,BASEBALL_RULES,2026_KBO야구규칙.pdf,2026,ARTICLE,4.00 경기의 준비,4.05,특별 그라운드 규칙,1,1,42,42,OFFICIAL,CONFIRMED,599d430b5690f3ce,"[공식야구규칙 2026] 4.00 경기의 준비 > 4.05 특별 그라운드 규칙
타구 및 송구가 경기장 안으로 넘쳐 들어온 관중 속으로 들어가 뜻밖의 상황이 발생할 경우에 대비하여 홈구단 감독은 이에 대처할 수 있는 각종 특별규칙(그라운드 룰)을 만들어 주심 및 상대팀 감독에게 제시해야 한다.
상대팀의 감독이 이것을 수락하면 그 특별규칙은 정규의 규칙이 되지만 수락하지 않았을 때는 주심은 공식야구규칙에 어긋나지 않는 범위 안에서 경기장 상태에 따라 필요하다고 생각되는 특별규칙을 만들어 시행하여야 한다.
[주] 아마추어 야구에서는 대회 주최자 측이 특별규칙을 제정, 실시할 수 있다."
RULE_COMMON_BR_4.06,RULE,BASEBALL_RULES,2026_KBO야구규칙.pdf,2026,ARTICLE,4.00 경기의 준비,4.06,친목 금지,1,1,42,43,OFFICIAL,CONFIRMED,b8f8920c98d175dc,"[공식야구규칙 2026] 4.00 경기의 준비 > 4.06 친목 금지
유니폼을 입은 선수는 다음 사항을 금한다.
⒜선수가 경기 전, 경기 중 또는 경기종료 후를 막론하고 관중에게 말을 걸거나 함께 어울리거나 스탠드에 앉는 것
⒝감독, 코치 또는 선수가 경기 전이나 경기 중 관중에게 말을 걸거나 상대의 선수와 친한 태도를 취하는 것
[주] 아마추어 야구에서는 다음 경기에 출전할 선수가 스탠드에 앉아 관전하는 것을 허용할 경우도 있다."
RULE_COMMON_BR_4.07,RULE,BASEBALL_RULES,2026_KBO야구규칙.pdf,2026,ARTICLE,4.00 경기의 준비,4.07,보안대책,1,1,43,43,OFFICIAL,CONFIRMED,312d059f41ee267a,"[공식야구규칙 2026] 4.00 경기의 준비 > 4.07 보안대책
⒜경기 중에는 유니폼을 입은 선수, 코치, 감독, 홈구단이 공인한 사진담당자, 심판원, 제복을 입은 경찰관, 경비원, 기타 종업원 외에는 장내 입장이 허용되지 않는다.
⒝홈구단은 질서유지에 충분한 경찰의 보호를 요청해야 한다. 경기 중 외부인이 경기장에 들어와 경기를 방해하였을 경우 원정구단은 장내가 정리될 때까지 경기를 거부할 수 있다.
[벌칙] 원정구단이 플레이를 하는 것을 거부한 때부터 최소한 15분 이상의 적당한 시간이 지나도 장내 정리가 이뤄지지 않았을 때는 주심은 원정구단의 승리로 경기를 몰수할 수 있다.
[주] 여기에서 말하는 적당한 시간은 주심의 판단에 따른 것이다. 몰수경기는 루심과 협의한 뒤 주심이 취하는 최후의 수단이다. 그러므로 모든 수단을 동원한 뒤에 불가피할 때에만 선고해야 하며, 입장료를 내고 경기를 관람하러 들어온 팬을 실망시키는 일은 될 수 있는 대로 피해야 한다."
RULE_COMMON_BR_4.08,RULE,BASEBALL_RULES,2026_KBO야구규칙.pdf,2026,ARTICLE,4.00 경기의 준비,4.08,더블헤더,1,1,43,44,OFFICIAL,CONFIRMED,e62cafdf5aee6a0f,"[공식야구규칙 2026] 4.00 경기의 준비 > 4.08 더블헤더
⒜⑴ 정규시즌 경기는 하루에 두 경기까지 거행할 수 있다. 일시정지 경기를 재개할 때는 하루 세 경기까지 치를 수 있다.
⑵ 만일 같은 날 한 장의 입장권으로 두 경기가 짜여 있을 경우는 첫 경기를 그날의 정규경기로 한다.
⒝더블헤더 제2경기는 제1경기가 끝난 뒤에 개시하여야 한다.
⒞더블헤더 제2경기는 제1경기가 끝난 뒤 30분 뒤에 개시하여야 한다. 다만 두 경기 사이에 그 이상의 시간이 필요할 경우 (45분을 넘지 않을 것) 주심은 첫 경기가 끝난 뒤 그 이유를 공시하고 상대팀의 감독에게 알려야 한다.
[예외] 홈구단이 특별행사를 치르기 위해 두 경기 사이의 간격을 규정보다 길게 연장할 것을 요청하고 총재가 이것을 승인하였을 경우 주심은 이것을 공시하고 상대팀 감독에게 알려야 한다. 제1경기의 주심은 제2경기가 시작될 때까지의 시간을 체크해야 한다.
[주] 두 팀 감독의 동의가 있으면 더블헤더의 제1경기가 끝난 뒤 30분 안이라도 두 번째 경기를 시작할 수 있다.
⒟심판원은 더블헤더 제2경기를 가능한 한 시작해야 하고, 경기는 운동장 상태, 시간 제한, 날씨 등이 허용되는 한 계속되어야 한다.
⒠정식으로 일정에 짜여진 더블헤더가 어떤 이유로든 경기개시가 늦어졌을 경우 경기개시 시간에 관계없이 먼저 시작된 경기가 더블헤더 제1경기가 된다.
⒡일정이 바뀜에 따라 어느 경기가 더블헤더의 하나가 될 경우는 그 경기는 제2경기가 되고 정식으로 그날의 일정에 짜여진 경기가 제1경기가 된다.
⒢더블헤더의 첫 번째 경기와 두 번째 경기 사이 또는 경기 중에 경기장 사용 부적합으로 경기가 정지되었을 때 주심은 구장관리인(ground-keeper) 및 보조관계자에게 경기장을 사용할 수 있도록 정비할 것을 지시해야 한다. (7.03⒞)
[벌칙] 구장관리인 및 보조관계자가 주심의 지휘에 따르지 않을 경우 주심은 몰수경기를 선고하여 원정구단에 승리를 줄 수 있다."
RULE_COMMON_BR_5.01,RULE,BASEBALL_RULES,2026_KBO야구규칙.pdf,2026,ARTICLE,5.00 경기의 진행,5.01,경기개시,1,1,45,45,OFFICIAL,CONFIRMED,38ef3315d652ee8c,"[공식야구규칙 2026] 5.00 경기의 진행 > 5.01 경기개시
⒜홈구단의 선수가 각각 수비위치에 서고 원정구단의 첫 타자가 타자석 안에 들어섰을 때 주심이 “플레이”를 선언하면 경기는 시작된다.
[주] 아마추어 야구에서는 주최 측이 적절한 방법으로 선공팀과 후공팀을 결정한다.
⒝주심이 “플레이”를 선고하면 볼 인 플레이가 되고, 규칙에 따라 볼 데드가 되거나 심판원이 “타임”을 선고하여 경기를 정지시키지 않는 한 볼 인 플레이 상태는 계속된다. 볼 데드가 되었을 때는 각 선수는 아웃되거나, 진루하거나, 베이스에 돌아가거나 득점할 수 없다. 단, 볼 인 플레이 중에 일어난 행위(보크, 악송구, 방해, 홈런 또는 경기장 밖으로 나간 페어타구 등)의 결과로 1개 베이스 또는 그 이상의 진루가 허용되었을 때는 예외이다.
⒞투수는 타자에게 투구한다. 그 투구를 치거나 치지 않는 선택권은 타자에게 있다."
RULE_COMMON_BR_5.02_p1,RULE,BASEBALL_RULES,2026_KBO야구규칙.pdf,2026,ARTICLE,5.00 경기의 진행,5.02,수비위치,1,3,45,47,OFFICIAL,CONFIRMED,dc67d155c89cf883,"[공식야구규칙 2026] 5.00 경기의 진행 > 5.02 수비위치 (1/3)
경기시작 때 또는 경기 중 볼 인 플레이가 될 때 포수를 제외한 모든 야수는 페어지역 안에 있어야 한다.
⒜포수는 홈 플레이트 바로 뒤에 있어야 한다. 포수는 포구 또는 플레이를 위해서라면 언제든지 그 자리를 떠나도 좋으나, 타자를 고의4구로 처리할 때는 공이 투수의 손에서 떠날 때까지 포수는 양 발이 캐처스 박스 안에 있어야 한다.
[벌칙] 이를 위반하면 보크가 된다. (6.02⒜⑿ 참조)
⒝투수는 타자에게 투구할 때 정규의 위치에 있어야 한다.
⒞투수와 포수를 제외한 모든 야수는 페어지역 안이라면 어느 곳에 있어도 된다.
KBO에서는 투수와 포수를 제외한 모든 야수는 페어지역 안이라면 어느 곳에 있어도 되지만, 다음의 경우는 예외로 한다."
RULE_COMMON_BR_5.02_p2,RULE,BASEBALL_RULES,2026_KBO야구규칙.pdf,2026,ARTICLE,5.00 경기의 진행,5.02,수비위치,2,3,45,47,OFFICIAL,CONFIRMED,84f7cc1f8efe1fd6,"[공식야구규칙 2026] 5.00 경기의 진행 > 5.02 수비위치 (2/3)
(i) 투수가 마운드에서 자연스러운 투구동작을 시작할 때, 수비팀은 최소한 4명의 선수(투수, 포수 제외)가 내야 흙의 바깥 경계선 안쪽에 양 발이 완전하게 위치하고 있어야 한다.
(ii) 투수가 투구하기 위해 공을 놓는 시점에는, 수비팀은 최소한 4명의 선수(투수, 포수 제외)가 내야 흙의 바깥 경계선 안쪽에 양 발이 완전하게 위치하고 있어야 하며, 이 중 최소한 2명은 2루 베이스를 기준으로 각각의 측면에 양 발이 완전하게 위치하고 있어야 한다.
(iii) 투수가 이닝의 첫 타자에게 첫 번째 투구를 하기 위해 공을 놓는 시점부터, 2루 베이스의 양쪽에 위치한 두 내야수는 그 이닝 동안 2루를 기준으로 자신이 속한 측면 외의 수비위치로 이동하거나 서로 바꿀 수 없다. 단, 수비선수를 교체하는 경우 모든 내야수가 서로 위치를 바꾸거나 다른 위치로 이동할 수 있다(경기에 출전 중이지 않은 선수와의 투수교체는 제외). 이닝 중 어느 내야수를 정상적으로 대체한 선수는 대체 이후 투수가 타자에게 첫 번째 투구를 하기 위해 공을 놓는 시점부터 해당 이닝이 끝날 때까지 2루를 기준으로 자신이 속한 측면 외의 수비위치로 이동하거나 서로 바꿀 수 없다(단, 이닝 중 추가적인 수비 선수교체가 발생한 경우는 제외).
[주1] KBO에서 심판원은 본 내야수 위치 조항의 목적이 투구 전에 타자가 공을 칠 위치를 예측하기 위해 수비팀이 2루 베이스 양쪽에 각각 두 명보다 많은 내야수를 위치시키지 못하도록 하는 것임을 염두에 두어야 한다. 만약 심판원이 판단하기에 어떤 수비선수가 본 규칙 5.02(c)의 적용을 모면하거나 회피하려고 시도한다면, 심판은 아래에 설명된 벌칙을 부과해야 한다.
[벌칙] 수비팀이 규칙 5.02(c)를 위반하였고, 규칙 5.02(c)를 위반한 내야수가 투구 후 타구를 최초로 터치한 선수인 경우, 타자는 아웃될 염려 없이 1루로 출루하며, 각 주자도 아웃될 염려 없이 한 베이스씩 진루한다. 위반한 수비수에게는 실책이 부여되며, 해당 타석은 타수로 기록되지 않는다.
위반에 이어 다른 플레이가 발생한 경우(예 : 희생플라이, 희생번트 등), 공격팀 감독은 주심에게 벌칙을 거부하고 해당 플레이를 받아들인다는 의사를 표명할 수 있다. 이 선택은 플레이가 끝난 즉시 이루어져야 한다.
그 외의 상황에서 수비팀이 규칙 5.02(c)를 위반할 경우 해당 투구는 볼로 선언되며 볼 데드가 된다. 단, 타자가 안타, 실책, 볼넷, 몸에 맞는 볼 등으로 1루에 도달하고, 나머지 주자들이 최소한 한 루씩 진루한다면, 해당 위반에 관계없이 경기가 계속된다.
위반에 이어 다른 플레이가 발생한 경우(예 : 희생플라이, 희생번트 등), 공격팀 감독은 주심에게 벌칙을 거부하고 해당 플레이를 받아들인다는 의사를 표명할 수 있다. 이 선택은 플레이가 끝난 즉시 이루어져야 한다."
RULE_COMMON_BR_5.02_p3,RULE,BASEBALL_RULES,2026_KBO야구규칙.pdf,2026,ARTICLE,5.00 경기의 진행,5.02,수비위치,3,3,45,47,OFFICIAL,CONFIRMED,18d7ccf5aae5db9b,"[공식야구규칙 2026] 5.00 경기의 진행 > 5.02 수비위치 (3/3)
[주2] 투수가 타자에게 투구하기 전에 포수 이외의 야수가 파울지역으로 나가 있는 것은 이 항에서 금하고 있으나, 이것을 위반하였을 때의 벌칙은 없다. 심판원이 이와 같은 사태를 발견하였을 때는 즉시 경고하고 페어지역으로 돌려보낸 뒤 경기를 속행시켜야 하나, 만일 경고할 여유 없이 그대로 플레이가 이루어졌더라도 이 위반행위가 있었다 하여 모든 플레이를 무효로 하지는 않고, 그 반칙행위로 수비팀이 이익을 얻었다고 인정될 때만 그 플레이를 무효로 한다.
⒟타자나 득점하려는 주자를 제외한 공격팀 선수는 볼 인 플레이 중에 포수 라인을 건너가서는 안 된다.
[주] 여기서 말하는 포수 라인이란 ‘캐처스 박스’를 표시한 라인을 말한다."
RULE_COMMON_BR_5.03,RULE,BASEBALL_RULES,2026_KBO야구규칙.pdf,2026,ARTICLE,5.00 경기의 진행,5.03,베이스 코치,1,1,48,48,OFFICIAL,CONFIRMED,630e1692aa8539ac,"[공식야구규칙 2026] 5.00 경기의 진행 > 5.03 베이스 코치
⒜공격팀은 공격 중 1루 부근과 3루 부근에 각각 1명의 베이스 코치를 정해진 위치에 세워야 한다.
⒝베이스 코치는 각 팀이 지정한 2명에 한하며 ⑴ 그 팀의 유니폼을 입고, ⑵ 반드시 헬멧을 착용하며, ⑶ 항상 코치석 안에 있어야 하며, ⑷ 용구 교체 시를 제외하고 주자에게 신체적으로 접촉하지 않아야 한다. 특히 사인 교환 중에도 접촉할 수 없다.
[벌칙] 심판원은 이 조항을 위반한 자를 경기에서 퇴장시켜 경기장 밖으로 보내야 하며 위반한 자는 총재의 징계를 받을 수 있다.
[주1] KBO에서는 상대팀의 어필이 있을 경우 심판원이 위반자에게 첫 번째는 경고 조치하고, 두 번째부터는 퇴장 조치한다.
[주2] 아마추어 야구에서는 베이스 코치수를 반드시 2명으로 국한할 필요는 없다.
[원주] 코치들은 장기간에 걸쳐 한쪽 발을 코치석의 바깥쪽으로 내놓든가 라인 사이에 걸쳐 서든가 하는 방법으로 코치석을 벗어나는 게 일반적인 관례였다. 이런 행위는 상대팀 감독이 이의를 제기하지 않는 한 코치석 밖으로 벗어난 것으로 보지 않는다. 그러나 상대팀 감독이 이의를 제기하면 심판원은 규칙을 엄격히 적용하여 양 팀 코치들에게 코치 박스를 벗어나지 말 것을 명하여야 한다. 코치가 코치석을 벗어나 선수에게 슬라이딩, 귀루, 진루 등의 신호를 보내는 것은 일반적인 관례이다. 이러한 행위는 플레이를 방해하지 않는 한 허용된다.
[주1] 감독은 지정된 코치를 대신하여 베이스 코치가 될 수 있다.
[주2] 코치가 플레이를 방해하지 않는 범위에서 코치석을 벗어나서 지시하는 것은 허용되나, 가령 3루 코치가 본루 근처까지 와서 득점하려는 주자에 대하여 “슬라이딩”하라는 신호를 보내는 것 같은 일은 허용되지 않는다."
RULE_COMMON_BR_5.04_p1,RULE,BASEBALL_RULES,2026_KBO야구규칙.pdf,2026,ARTICLE,5.00 경기의 진행,5.04,타격,1,2,49,51,OFFICIAL,CONFIRMED,467ee2d458ea6fd2,"[공식야구규칙 2026] 5.00 경기의 진행 > 5.04 타격 (1/2)
⒜타격의 순서
⑴ 공격팀의 선수는 그 팀의 타순표에 적혀 있는 순서에 따라 쳐야 한다.
⑵ 경기 중 타순의 변경은 인정되지 않는다. 그러나 타순표에 올라 있는 선수를 후보선수와 교체하는 것은 허용된다.
⑶ 제2이닝부터 각 이닝의 선두타자는 앞선 이닝에서 정규로 타격을 끝낸 타자의 다음 타순에 이름이 올라 있는 타자이어야 한다.
⒝타자석
⑴ 타자는 자기의 타순이 오면 즉시 타자석에 들어가 타격자세를 취하여야 한다.
⑵ 타자는 투수가 세트 포지션으로 들어가거나 와인드업을 시작하였을 경우 타자석에서 벗어나면 안 된다.
[벌칙] 타자가 이 항을 위반하였을 때 투수가 투구하면, 주심은 그 투구에 따라 볼 또는 스트라이크를 선언한다.
[원주] 타자는 마음대로 타자석에 드나들 수 없으므로 타자가 타임을 요구하지 않고 타자석을 떠났을 때 스트라이크 존에 투구되면 스트라이크로 선언된다. 타자가 타격자세에 들어간 다음에는 로진 백을 쓰기 위하여 타자석을 벗어나는 것은 허용되지 않는다. 단, 경기를 지연시키는 행위가 있거나 심판원이 날씨 때문에 어쩔 수 없다고 판단하였을 때에는 예외다.
심판원은 일단 투수가 와인드업을 시작하거나 세트 포지션에 들어가면 타자가 어떠한 이유를 대거나 요구를 하더라도 “타임”을 선언하여서는 안 된다. 가령 “눈에 먼지가 들어갔다”, “안경이 흐려졌다”, “사인을 보지 못했다” 하는 어떤 이유도 마찬가지다. 주심은 일단 타자석에 들어선 타자가 “타임”을 요구하면 허용할 수 있으나, 이유 없이 타자석을 벗어나면 퇴장시켜야 한다. 주심이 엄해야 타자는 타자석 안에 들어가 투수의 투구를 기다리고 있지 않으면 안 된다는 사실을 인식하게 된다. 타자가 타자석에 들어갔는데도 투수가 정당한 이유 없이 꾸물거리고 있다고 주심이 판단했을 때는 잠시 타자석을 벗어나는 것을 허용할 수 있다. 주자가 베이스에 있는 상황에서 와인드업을 시작하거나 세트 포지션에 들어간 투수가 타자석을 벗어나는 타자에게 현혹당해 투구를 끝마치지 못하더라도 심판원은 보크를 선언해서는 안 된다. 투수와 타자가 모두 규칙 위반을 하고 있을 때에는 심판원은 “타임”을 선언하고 투수나 타자 다 같이 새로 시작해야 한다.
⑶ 타자가 타자석에 들어서려고 하지 않거나 타자석 안에 있더라도 타격자세를 취하려 하지 않을 때는 투수에게 투구를 명하여 모든 투구를 스트라이크로 선언한다. 타자가 이 같은 스트라이크가 세 번 선언될 때까지 타격자세를 취하지 않았을 때는 아웃이 선언된다. 그러나 그 이전에 타격자세에 들어가면 그 다음의 투구는 정규규칙에 따라 볼 또는 스트라이크가 가려진다.
[주] 이 항은 타자가 타격을 시작하기 전은 물론 타격 도중 마음대로 타자석을 벗어나 경기를 지연시키려는 행위를 하였을 때도 적용한다. 그러나 타자가 타자석 안에서 천천히 타격을 준비하고 있을 때 또는 주심이 투수에게 투구를 명하지 않았는데도 투수가 투구하였을 때는 이 항을 적용하지 않고 “타임”을 선언한다."
RULE_COMMON_BR_5.04_p2,RULE,BASEBALL_RULES,2026_KBO야구규칙.pdf,2026,ARTICLE,5.00 경기의 진행,5.04,타격,2,2,49,51,OFFICIAL,CONFIRMED,e9e6cdd2c5f2fab8,"[공식야구규칙 2026] 5.00 경기의 진행 > 5.04 타격 (2/2)
⑷ 타자석 규칙 타자는 타자석에 들어간 순간부터는 최소 한 발을 타자석 안에 두어야 한다. 단, 다음에 해당하는 경우는 예외로, 타자는 홈 플레이트 주위의 흙으로 뒤덮인 원을 벗어나서는 안 된다.
(Ａ) 타자가 투구에 스윙했을 경우 (Ｂ) 타자의 체크스윙을 루심에게 어필했을 경우 (Ｃ) 타자가 투구에 중심을 잃고 타자석을 이탈했을 경우(Ｄ) 구단 요청에 의해 타임이 주어질 경우 (Ｅ) 야수가 주자를 향해 수비 플레이를 시도했을 경우(Ｆ) 타자가 페이크 번트 동작을 취했을 경우 (Ｇ) 폭투, 패스트볼이 발생했을 경우 (Ｈ) 투수가 투구 뒤 공을 받고 마운드를 벗어났을 경우(Ｉ) 포수가 수비 사인을 보내기 위해 포수석을 이탈한 경우타자가 위 (Ａ)~(Ｉ)에 해당하지 않은 플레이로 의도적인 경기 지연을 유발하는 경우 주심은 타자에게 최초 위반에 대해 경고를 부과한다. 당해 타자의 2번째 이후 위반에 대해서는 총재가 필요하다고 판단하는 제재를 가할 수 있다. 마이너리그에서는 타자의 2번째 이후 위반에 대해 별도의 투구 없이 스트라이크 및 볼 데드를 선언하며, 주자는 진루할 수 없다.
[주] KBO에서는 별도의 리그 규정 및 제재를 따른다.
⑸ 타자는 타자석 안에 양쪽 발을 두는 것이 정규의 위치이다.
[부기] 타자석을 그린 선은 타자석에 포함된다.
⒞타격의 완료 타자는 아웃되거나 주자가 되었을 때 타격을 끝낸 것이 된다."
RULE_COMMON_BR_5.05_p1,RULE,BASEBALL_RULES,2026_KBO야구규칙.pdf,2026,ARTICLE,5.00 경기의 진행,5.05,타자가 주자가 되는 경우,1,3,51,55,OFFICIAL,CONFIRMED,cf27ecf445e5b105,"[공식야구규칙 2026] 5.00 경기의 진행 > 5.05 타자가 주자가 되는 경우 (1/3)
⒜다음의 경우 타자는 주자가 된다.
⑴ 페어 볼을 쳤을 경우
[원주] 투구가 지면에 닿은 후 타자가 이것을 배트로 쳤을 때는 떠 있는 공을 쳤을 때와 똑같이 취급한다.
⑵ (A) 주자가 1루에 없을 때, (B) 주자가 1루에 있더라도 2아웃일 때, 포수가 제3스트라이크로 선언된 투구를 잡지 못하였을 경우
[원주] 제3스트라이크를 포수가 잡지 못하여 타자가 주자가 된 뒤 벤치 또는 자신의 수비위치로 가던 중 타자가 주자의 의무를 포기하고 홈 플레이트 주위의 흙으로 뒤덮인 원(dirt circle) 을 벗어나 벤치 또는 자신의 수비위치로 가려는 행위를 했다고 심판원이 판단하면 심판원은 아웃을 선언할 수 있다.
⑶ 투구가 일단 땅에 닿은 뒤 튀어 오르면서 스트라이크 존을 통과하더라도 볼이다. 바운드한 투구가 타자에게 닿으면 타자에게 1루가 주어진다. 2스트라이크 뒤에 바운드한 볼을 헛쳤을 때는 포수가 그대로 잡더라도 정규 포구로 인정하지 않는다. (5.05⒜
⑵, 5.09⒜⑶ 참조)
⑷ 투수를 제외한 야수를 통과하거나 투수를 포함한 야수에게 닿은 페어 볼이 페어지역에서 심판원 또는 주자에게 닿았을 경우
⑸ 페어 볼이 본루부터의 거리가 250피트(76.199m) 이상인 펜스를 넘거나 스탠드에 들어갔을 경우 타자가 모든 베이스에 정상적으로 닿으면 홈런이 주어진다. 페어 볼이 본루부터의 거리가 250피트(76.199m) 미만의 펜스를 넘거나 스탠드에 들어갔을 경우에는 2루타가 주어진다.
⑹ 페어 볼이 일단 땅에 닿은 뒤 바운드하여 스탠드에 들어갔을 경우 펜스의 밑이나 중간으로 빠져나갔을 경우 또는 스코어보드·떨기나무·펜스의 담쟁이덩굴 등의 밑으로 굴러 나가거나 그곳에 끼어 멈추었을 경우 타자·주자 모두에게 2개 베이스가 주어진다.
⑺ 페어 볼이 땅에 닿기 전이나 닿은 후거나 관계없이 펜스의 중간에 벌어진 틈이나 밑을 통과하거나, 스코어보드의 중간에 벌어진 틈이나 밑을 통과하거나, 떨기나무·펜스의 담쟁이덩굴 등에 걸렸거나, 펜스나 스코어보드의 틈새에 끼어 멈추었을 경우 타자·주자 모두에게 2개의 베이스가 주어진다.
⑻ 일단 바운드한 페어 볼이 야수에게 닿아 굴절되어 페어지역이나 파울지역을 가릴 것 없이 관중석으로 들어가거나 펜스의 위아래로 넘어갔을 경우 타자·주자 모두에게 2개 베이스가 주어진다.
⑼ 페어 플라이 볼이 야수에게 닿으며 굴절되어 (A) 파울지역의 관중석에 들어가거나 파울지역의 펜스를 넘어 갔을 경우 타자에게 2개 베이스가 주어진다.
(B) 페어지역의 관중석에 들어가거나 페어지역의 펜스를 넘어 갔을 경우 타자에게 홈런이 주어진다. 단, 그 관중석 또는 펜스의 거리가 본루부터 250피트(76.199m) 미만일 때는 타자에게 2개 베이스가 주어진다.
[주] 이 규칙에서 타자· 주자에게 2개 베이스의 진루권이 주어지는 경우는 투수의 투구 시점을 기준으로 한다."
RULE_COMMON_BR_5.05_p2,RULE,BASEBALL_RULES,2026_KBO야구규칙.pdf,2026,ARTICLE,5.00 경기의 진행,5.05,타자가 주자가 되는 경우,2,3,51,55,OFFICIAL,CONFIRMED,eee561a25301b961,"[공식야구규칙 2026] 5.00 경기의 진행 > 5.05 타자가 주자가 되는 경우 (2/3)
⒝타자는 다음 경우 주자가 되어 아웃될 염려 없이 안전하게 1루에 나간다. 단, 타자가 1루로 가서 베이스에 닿는 것을 전제로 한다.
⑴ 심판원이 4구를 선언하였을 경우
[원주] 감독의 신호에 따라 심판에 의해 1루 진루권을 얻은 타자를 포함하여 4구를 얻어 1루 안전진루권을 얻은 타자는 1루로 나가 베이스에 닿을 의무가 있다. 따라서 베이스를 비워줘야 하는 각 주자는 다음 베이스로 진루한다. 이것은 만루 상황이거나 대주자를 투입할 때도 적용된다. 타자의 4구 때문에 진루하게 된 주자가 다른 플레이가 벌어진 것으로 착각하여 슬라이딩으로 베이스에 닿으려다가 베이스에서 떨어졌을 때 야수가 신체를 태그하면 아웃이 된다. 또 주어진 베이스에 닿지 않고 앞의 베이스를 노리다가 신체 또는 그 베이스에 태그당하면 아웃이 된다.
⑵ 타자가 치려고 하지 않은 투구에 닿았을 경우 단, 다음 경우에는 제외된다.
(A) 바운드하지 않은 투구가 스트라이크 존에서 타자에게 닿았을 경우 (B) 타자가 투구를 피하지 않고 그 투구에 닿았을 경우투구가 스트라이크 존에서 타자에게 닿았다면 타자가 피하려 했든 안 했든 상관없이 모두 스트라이크가 선언된다. 투구가 스트라이크 존 밖에서 타자에게 닿았고 타자가 이것을 피하려 하지 않았다면 볼이 선언된다.
[부기] 타자가 투구에 닿았으나 1루 출루가 허용되지 않았을 때는 볼 데드가 되고 어떤 주자도 진루할 수 없다.
[주1] ‘투구가 스트라이크 존에서 타자에게 닿았다’는 것은 홈 플레이트 상공에만 한정되지 않고 이것을 앞뒤로 연장한 공간에서 타자에 닿았을 경우도 포함된다.
[주2] 투구가 스트라이크 존 밖에서 타자에게 닿았을 경우에도 그 투구가 스트라이크 존을 통과했다면 타자가 이것을 피하려 했는지, 안 했는지에 관계없이 스트라이크가 선언된다.
[주3] 타자가 투구를 피하려 했느냐, 안 했느냐는 어디까지나 주심의 판단에 의해 결정되는 것이며, 투구의 성질상 피할 수 없었다고 주심이 판단하였을 경우에는 피하려고 한 것으로 취급한다.
[주4] 투구가 일단 땅에 닿은 뒤 이것을 피하려고 한 타자에게 닿았을 경우도 타자에게는 1루가 허용된다. 단, 스트라이크 존을 통과하고 바운드된 투구는 해당되지 않는다.
[주5] 공이 타자가 착용하고 있는 장신구에만 닿았을 경우 타자는 투구에 맞지 않은 것으로 간주한다. (예 : 목걸이, 팔찌 등)"
RULE_COMMON_BR_5.05_p3,RULE,BASEBALL_RULES,2026_KBO야구규칙.pdf,2026,ARTICLE,5.00 경기의 진행,5.05,타자가 주자가 되는 경우,3,3,51,55,OFFICIAL,CONFIRMED,7db41320b4c6b151,"[공식야구규칙 2026] 5.00 경기의 진행 > 5.05 타자가 주자가 되는 경우 (3/3)
⑶ 포수 또는 야수가 타자를 방해하였을 경우 그러나 방해에도 불구하고 플레이가 계속되었을 때 공격팀 감독은 그 플레이가 끝나면 곧 방해에 대한 벌칙 대신 실제의 플레이를 선택하겠다는 뜻을 주심에게 통고할 수 있다. 이러한 선택은 플레이가 끝난 뒤 즉시 이루어져야 한다. 그러나 타자가 안타, 실책, 4사구 등으로 1루에 나가고 다른 모든 주자가 최소한 한 베이스를 진루했을 때는 방해와 관계없이 플레이는 계속된다.
[원주] 플레이 중에 포수방해가 선고되었더라도 심판원은 감독이 그 플레이를 선택할지도 모르므로 플레이를 계속 진행시켜야 한다. 타자주자가 1루를 밟지 않고 지나치거나 주자가 다음 베이스를 밟지 않고 지나치더라도 5.06⒝⑶(D)[부기]에 규정되어 있는 것처럼 베이스에 닿은 것으로 본다.
[감독이 플레이를 선택하는 경우의 예]
① 1사 3루, 타자가 포수의 타격방해에도 불구하고 외야에 플라이 볼을 쳐 포구 뒤 3루주자가 득점하였다. → 감독은 타자 아웃으로 득점을 기록하는 것, 주자 1·3루(타자가 타격방해로 출루)가 되는 것 중 택일할 수 있다.
② 무사 2루, 타자는 포수에게 방해 받으면서 번트하여 주자를 3루에 보내고 자신은 1루에서 아웃되었다. → 감독은 무사 1·2루와 1사 3루 중 택일할 수 있다.
감독이 방해에 의한 벌칙 적용을 선택하였을 경우 다음과 같이 해석한다.
포수(또는 다른 야수)가 타자를 방해하였을 경우 타자에게는 1루가 허용된다. 이러한 방해가 일어나는 순간 3루주자가 도루 또는 스퀴즈로 득점하려고 하였을 때는 볼 데드가 되어 3루주자의 득점을 인정하고 타자에게는 1루가 허용된다.
이러한 방해가 일어나는 순간 3루주자가 도루 또는 스퀴즈로 득점하려고 하지 않았을 때는 볼 데드가 되어 타자에게 1루가 허용되며, 그 때문에 베이스를 비워줘야 하는 주자는 진루한다. 도루를 시도하지 않은 주자와 베이스를 비우지 않아도 되는 주자는 방해 발생 순간에 점유하고 있던 베이스에 머무르게 된다.
투수가 투구하기 전에 포수가 타자를 방해하였을 경우에는 이를 타격방해로 생각하지 않고 심판원은 즉시 “타임”을 선고하여 처음부터 다시 시작한다.
[주] 감독이 일단 주심에게 플레이 선택을 통고하면 이를 취소할 수 없다.
⑷ 페어 볼이 페어지역에서 야수에 닿기 전에 심판원 또는 주자에게 닿았을 경우 (단, 야수(투수 제외)를 통과하거나 야수(투수 포함)에 닿은 페어 볼이 심판원에게 닿았을 때는 볼 인 플레이다)"
RULE_COMMON_BR_5.06_p1,RULE,BASEBALL_RULES,2026_KBO야구규칙.pdf,2026,ARTICLE,5.00 경기의 진행,5.06,주루,1,9,56,65,OFFICIAL,CONFIRMED,07879d4771001b24,"[공식야구규칙 2026] 5.00 경기의 진행 > 5.06 주루 (1/9)
⒜베이스 점유
⑴ 주자는 아웃되기 전에 비어 있는 베이스에 닿으면 그 베이스를 차지할 권리를 갖는다. 그 주자는 (A) 아웃되거나, (B) 그 베이스에 정규의 점유권을 갖게 된 다른 주자에게 그 베이스를 넘겨주어야 할 때까지 그 권리를 갖는다.
[원주] 주자가 베이스를 정규로 차지할 권리를 얻고 투수가 투구자세에 들어가면 주자는 앞서 차지했던 베이스로 되돌아 갈 수 없다.
⑵ 두 주자가 동시에 같은 베이스를 차지할 수는 없다. 인 플레이 중에 두 주자가 같은 베이스에 닿고 있다면 그 베이스를 차지할 권리는 앞 주자에게 있으며 뒷 주자는 태그당하면 아웃된다.
단, 이 조항 5.06⒝⑵인 경우는 제외한다.
⒝진루
⑴ 주자는 진루할 때 1루, 2루, 3루, 본루를 순서대로 닿아야 한다.
역주해야 할 때는 5.06⒞에 따라 볼 데드가 되지 않는 한 모든 베이스를 역순으로 닿아야 한다. 볼 데드가 되었다면 원래 있던 베이스로 직접 되돌아가도 된다.
[주1] 인 플레이 중에 일어난 행위, 예를 들면 악송구, 홈런 또는 펜스 밖으로 나간 페어 히트 등으로 안전진루권을 얻었을 때도 주자가 진루 또는 역주할 때는 각 베이스에 정규로 닿아야 한다.
[주2] ‘역주해야 할 때’라는 것은,
① 플라이 볼이 떠 있는 동안 다음 베이스로 진루했던 주자가 포구된 것을 보고 리터치하려는 경우 (5.09⒝⑸ 참조)
② 베이스를 밟지 않은 주자가 그 베이스를 다시 밟을 경우 (5.09⒞⑵ 참조)
③ 자기보다 앞선 주자를 추월할 우려가 있을 경우 (5.09⒝
⑼ 참조)를 말하며, 이럴 때는 역순으로 각 베이스를 밟아야 한다.
⑵ 타자가 주자가 되고 진루의 의무가 생겨 두 명의 주자가 같은 베이스에 닿고 있는 경우 그 베이스를 차지할 권리는 후위주자에게 있고 선행주자는 야수가 공을 지닌 채 선행주자의 신체 또는 진루해야만 하는 베이스를 터치하면 아웃된다.
⑶ 다음의 경우 타자를 제외한 각 주자는 아웃될 염려 없이 한 베이스를 진루할 수 있다.
(A) 보크가 선언되었을 경우 (B) 타자가 다음의 이유로 주자가 되어 1루에 진루하기 위해, 그 주자가 루를 비워줄 의무가 생긴 경우
① 타자가 아웃될 염려 없이, 1루에 나갈 수 있게 된 경우"
RULE_COMMON_BR_5.06_p2,RULE,BASEBALL_RULES,2026_KBO야구규칙.pdf,2026,ARTICLE,5.00 경기의 진행,5.06,주루,2,9,56,65,OFFICIAL,CONFIRMED,f4e8a12bd463f7dc,"[공식야구규칙 2026] 5.00 경기의 진행 > 5.06 주루 (2/9)
② 타자가 타격한 페어 볼이, 야수(투수 포함)에 닿기 전 또는 야수(투수 제외)를 통과하기 전에 페어지역에서 심판원 또는 다른 주자에 닿았을 경우
[원주] 안전진루권을 얻은 주자는 위험을 무릅쓰고 주어진 베이스 보다 많이 진루할 수 있다. 안전진루권을 얻은 선행주자가 본루를 밟기 전에 함께 안전진루권을 얻은 후위주자가 제3아웃을 당하더라도 그 득점은 인정된다.
[예] 2사 만루. 타자가 4구를 얻자 2루주자가 성급하게 3루를 돌아 본루까지 넘보다가 포수의 송구에 의해 아웃되었다.
비록 아웃된 뒤라 하더라도 4구와 동시에 득점이 이루어지고 모든 주자는 다음에 닿기만 하면 된다는 이론에 따라 3루주자의 득점이 기록된다.
[주] 이 [원주]는 타자가 4구를 얻음으로써 베이스에 있는 모든 주자에게 다음 베이스로의 안전진루권이 주어졌을 때만 적용된다.
(C) 야수가 플라이 볼을 잡은 뒤 벤치 또는 스탠드 안으로 볼 데드 지역을 밟거나 넘어져 완전히 들어가게 된 경우
[원주] 야수가 정규의 포구를 한 뒤 볼 데드 지역을 밟거나 넘어져 완전히 들어가게 된 경우 볼 데드가 선언되며, 각 주자에게는 1개의 안전진루권을 부여한다. 주자의 위치는 야수가 볼 데드 지역에 들어 간 시점을 기준으로 한다.
(D) 주자가 도루를 시도했을 때 타자가 포수나 다른 야수로부터 방해를 받았을 경우
[주] 이 항은 도루를 시도한 베이스에 주자가 없거나 주자가 있더라도 그 주자와 함께 도루를 시도하였기 때문에 다음 베이스로의 진루가 허용되었을 경우에만 적용한다. 그러나 진루하려는 베이스에 주자가 있고, 더구나 그 주자가 도루를 시도하지 않을 경우에는, 비록 도루 행위가 있었더라도 그 주자의 진루는 허용되지 않는다. 그리고 다만 베이스에서 조금 떨어져 있었다는 정도로는 이 항이 적용되지 않는다.
[부기] 주자가 안전진루권을 얻었을 경우 볼 인 플레이 중이거나 그 주자가 주어진 베이스에 닿은 뒤 규정에 따라 볼 인 플레이가 되었을 때 주자가 주어진 루를 밟지 않고 다음 베이스로 가려고 했을 때는 안전진루권을 상실한다. 주자는 밟지 않은 베이스로 돌아가기 전에 야수가 그 주자나 베이스를 태그하면 아웃된다."
RULE_COMMON_BR_5.06_p3,RULE,BASEBALL_RULES,2026_KBO야구규칙.pdf,2026,ARTICLE,5.00 경기의 진행,5.06,주루,3,9,56,65,OFFICIAL,CONFIRMED,72d3063c8de973b1,"[공식야구규칙 2026] 5.00 경기의 진행 > 5.06 주루 (3/9)
[주] 예를 들어 타자가 우중간을 빠질 듯한 안타를 쳤을 때 우익수가 이것을 막으려고 글러브를 던져 공을 맞혔으나 (3개 베이스가 주어지는 행위) 공은 외야 펜스까지 굴러갔다. 타자주자는 3루를 밟지 않고 본루로 가려다가 도중에 깨닫고 3루로 되돌아가려고 하였다. 이때 타자주자는 이미 3루로 안전하게 돌아가는 것이 허용되지 않으므로 그가 3루에 돌아가기 전에 야수가 타자주자 또는 3루를 태그하고 어필하면 타자주자는 아웃이 된다.
(E) 야수가 모자, 마스크, 기타 옷의 일부를 원래 착용하고 있던 부위에서 떼어 투구된 공을 고의로 건드릴 경우 볼 인 플레이로 볼을 건드린 때의 주자의 위치를 기준으로 진루권이 부여된다."
RULE_COMMON_BR_5.06_p4,RULE,BASEBALL_RULES,2026_KBO야구규칙.pdf,2026,ARTICLE,5.00 경기의 진행,5.06,주루,4,9,56,65,OFFICIAL,CONFIRMED,a6ba46ad97d60e85,"[공식야구규칙 2026] 5.00 경기의 진행 > 5.06 주루 (4/9)
⑷ 다음의 경우 타자주자를 포함한 모든 주자는 아웃될 염려 없이 진루할 수 있다.
(A) 본루까지 들어가 득점하는 경우-페어 볼이 공중에 뜬 채 담장을 넘어가 각 주자가 정규로 각 베이스에 닿았을 경우 또는 페어 볼이 공중에 뜬 채로 명백히 담장을 넘어갔을 것으로 심판원이 판단한 타구를 야수가 글러브, 모자, 기타 옷의 일부를 던져 진로 변경(deflect)을 일으켰을 경우
[주1] 페어의 타구가 공중에 뜬 상태로 확실히 펜스를 넘어갔을 것으로 심판원이 판단하였을 때는 관중이나 새 등에게 닿았을 때도 본루가 주어진다.
공중에 뜬 페어타구 또는 송구가 새에 닿았을 경우에는 인 플레이지만 떠 있는(in flight) 상태는 아니다. 또한 투구가 새에게 맞았을 경우에는 볼 데드로 하고 카운트하지 않는다.
개가 페어의 타구, 송구 또는 투구를 물었을 경우에는 볼 데드로 하고 심판원의 판단에 따라 조치한다.
[주2] 진로 변경(deflect)을 일으켰을 경우란? 공중에 뜬 채 담장을 넘어갈 수 있다고 심판원이 판단한 페어의 타구에 야수가 던진 글러브 등이 닿아서 그라운드 안에 떨어진 경우에도 이 항이 적용된다.
(B) 3개 베이스가 주어지는 경우-야수가 모자, 마스크, 기타 옷의 일부를 원래 있던 곳에서 떼어 페어 볼에 닿게 하였을 경우 이때는 볼 인 플레이므로 타자는 위험을 무릅쓰고 본루까지 들어가도 된다.
(C) 3개 베이스가 주어지는 경우-야수가 글러브를 고의로 던져 페어 볼에 닿게 하였을 경우 이때는 볼 인 플레이므로 타자는 위험을 무릅쓰고 본루로 들어가도 된다.
[주1] 이 항에서 말하는 페어 볼이란 야수에게 이미 닿았든 안 닿았든 관계없다.
[주2] 야수가 내야의 페어지역을 구르고 있는 타구의 진로를 어떤 방법으로든 몸에 닿지 않고 고의로 변하게 하여 파울 볼로 만들었을 경우에도 3개 베이스가 주어진다. 이때도 볼 인 플레이다.
(D) 2개 베이스가 주어지는 경우-야수가 모자, 마스크, 기타 옷의 일부를 원래의 있던 곳에서 떼어 송구에 고의로 닿게 하였을 경우 이때는 볼 인 플레이다.
(E) 2개 베이스가 주어지는 경우-야수가 글러브를 고의로 던져서 송구에 닿게 하였을 경우 이때는 볼 인 플레이다.
[원주] (B), (C), (D), (E)를 적용할 경우 심판원은 던진 글러브, 본래 있던 곳을 떠난 모자나 마스크 등이 공에 닿았는가를 확인하여야 한다. 닿지 않았을 때는 아무런 페널티도 없다. (C), (E)에서 타구 또는 송구의 힘에 밀려 글러브가 야수의 손에서 벗겨졌을 때 또는 바로 잡으려고 노력하였음이 분명한데도 야수의 손에서 글러브가 벗 겨졌을 때는 이 페널티를 적용하지 않는다."
RULE_COMMON_BR_5.06_p5,RULE,BASEBALL_RULES,2026_KBO야구규칙.pdf,2026,ARTICLE,5.00 경기의 진행,5.06,주루,5,9,56,65,OFFICIAL,CONFIRMED,4b5235af736c5744,"[공식야구규칙 2026] 5.00 경기의 진행 > 5.06 주루 (5/9)
[주] 야수의 송구에 대해 위와 같은 행위가 있었을 경우 주자가 진루하는 기점은 야수가 던진 글러브 등이 송구에 닿은 순간이 아니다.
타구 처리 직후 내야수의 최초의 플레이에 따른 송구((G) 의 부기인 경우는 제외)인 경우에는 투수의 투구 당시에 점유하고 있던 각 주자의 위치, ‘기타의 송구’인 경우에는 송구가 야수의 손에서 떨어졌을 때를 기점으로 한다. 주자에게는 2개 베이스가 주어지나 볼 인 플레이므로 아웃될 것을 무릅쓰고 그 이상 진루할 수 있다.
(F) 2개 베이스가 주어지는 경우–페어타구가, (ⅰ) 바운드되거나 진로가 바뀌어 1루 또는 3루의 파울선 밖에 있는 관중석에 들어갔을 경우 (ⅱ) 경기장의 펜스, 스코어보드, 떨기나무 또는 담쟁이덩굴을 빠져 나가거나 그 밑을 굴러 나가거나 속에 끼어 멈추었을 경우 (G) 2개 베이스가 주어지는 경우-송구가, (ⅰ) 그라운드 안으로 관중이 넘쳐 들어와 있지 않을 때에 관중석 또는 벤치에 들어갔을 경우 공이 그라운드로 튀어나오거나 그렇지 않거나를 가리지 않는다.
(ⅱ) 경기장 펜스를 넘거나 빈틈으로 빠져 나갔을 경우(ⅲ) 뒷그물 상부에 비스듬히 쳐 있는 망에 올라갔을 경우(ⅳ) 관중보호망 틈에 끼어서 정지되었을 경우 이때에는 모두 볼 데드가 된다.
(G) 심판원이 2개 베이스 진루를 허용하는 기준은 다음과 같다.
투구 후 최초의 플레이를 하는 내야수가 악송구를 저질렀다면 투구 당시 각 주자가 있던 위치, 나머지 경우는 악송구가 야수의 손에서 떨어지는 순간 각 주자가 있던 위치를 기준으로 한다."
RULE_COMMON_BR_5.06_p6,RULE,BASEBALL_RULES,2026_KBO야구규칙.pdf,2026,ARTICLE,5.00 경기의 진행,5.06,주루,6,9,56,65,OFFICIAL,CONFIRMED,666cfb682e6737b0,"[공식야구규칙 2026] 5.00 경기의 진행 > 5.06 주루 (6/9)
[부기] 악송구가 투구 후 최초의 플레이를 하는 내야수로부터 나왔다 하더라도 타자를 포함한 각 주자가 최소한 1개 베이스를 갔을 경우 이 악송구가 내야수의 손에서 떨어졌을 때 각 주자의 위치를 기준으로 한다.
[원주1] 때로는 주자에게 2개 베이스가 주어지지 않을 수도 있다.
예를 들어 1루에 주자를 두고 타자가 얕은 우익수 플라이 볼을 쳤다. 주자는 1~2루 사이에 서 있고 타자는 1루를 지나 주자의 뒤까지 왔다. 타구는 잡히지 않았고 외야수는 1루에 송구하였으나 송구는 관중석에 들어갔다.
볼 데드가 되는 순간 어느 주자도 주어진 베이스로 가지 못했으므로 1루주자는 3루로, 타자주자는 2루까지 진루한다.
[원주2] ‘악송구가 되었을 때’라는 것은 그 송구가 실제로 야수의 손을 떠났을 때를 가리키는 것이다. 지면에 바운드한 때 또는 송구를 잡으려는 야수를 통과하였거나 스탠드 속으로 들어가 플레이할 수 없게 되었을 때를 말하는 것이 아니다.
악송구가 일어났을 때 송구자의 손을 떠난 순간 타자주자의 위치는 안전진루권을 결정하는 기준이 된다.
타자주자가 1루에 도달하기 전이면 투구 당시 점유하고 있던 베이스로부터 각 2개 베이스를 진루하도록 한다. 타자주자가 송구 전에 1루에 도달했는가 하는 여부는 심판원의 판정에 따른다.
내야수에 의한 최초의 송구가 관중석 또는 덕아웃으로 들어갔으나 타자는 아직 주자가 되지 않는 희한한 플레이가 벌어졌을 경우 (예컨대 3루주자가 패스트볼이나 폭투를 틈타 득점하려고 할 때 이 주자를 잡으려는 포수의 송구가 관중석에 들어갔을 때) 그 악송구가 벌어졌을 때를 기준으로 각 주자에게 2개 베이스를 허용한다. 5.06⒝⑷(G)를 적용할 때 포수는 내야수로 간주된다.
[예] 1루에 주자를 두고 타자가 유격수 앞 땅볼을 쳤다.
유격수는 2루에서 포스 아웃을 노렸으나 너무 늦었"
RULE_COMMON_BR_5.06_p7,RULE,BASEBALL_RULES,2026_KBO야구규칙.pdf,2026,ARTICLE,5.00 경기의 진행,5.06,주루,7,9,56,65,OFFICIAL,CONFIRMED,687cad4c5335135d,"[공식야구규칙 2026] 5.00 경기의 진행 > 5.06 주루 (7/9)
다. 2루수가 1루에 던졌을 때는 이미 타자가 베이스를 통과한 다음이었고 송구는 관중석으로 들어갔다.
→ 2루에 도달한 주자는 득점한다. 송구가 이뤄졌을 때 타자주자가 1루를 통과하였을 때만 타자주자 에게 3루를 허용한다.
(H) 1개 베이스가 주어지는 경우-타자에 대한 투구 또는 투수판에서 주자를 아웃시키려고 던진 투수의 송구가 관중석이나 덕아웃으로 들어갔을 경우 또는 펜스나 백스톱을 넘어가거나 빠져나갔을 경우 이때에는 볼 데드가 된다.
[부기] 폭투나 패스트볼이 포수를 통과하거나 포수에 닿아 방향이 굴절되어 덕아웃, 관중석 등 볼 데드가 되는 곳으로 직접 들어갔을 때는 1개 베이스가 주어진다. 투수가 투수판을 딛고 베이스로 던진 공이 관중석 등 볼 데드가 되는 장소에 들어갔을 때도 1개의 베이스가 주어진다. 그러나 만일 투구나 송구가 포수 또는 야수를 통과한 다음 아직 경기장 안에 있을 때 발에 차이거나, 방향이 바뀌어 볼 데드가 되는 곳으로 들어간 때는 투구 또는 송구 때의 위치를 기준으로 각 주자에게 2개 베이스가 주어진다.
(I) 1개 베이스가 주어지는 경우-볼넷이 되는 투구, 또는 제3스트라이크의 투구가 포수 또는 심판원의 마스크나 용구에 끼어 정지되었을 경우 투수의 폭투가 (H) 및 (I)에 규정된 상태가 되었다면 타자는 1루 이상은 갈 수 없다.
[원주] 주자가 아웃될 염려 없이 1개 베이스 또는 그 이상의 진루가 허용되었더라도 주자는 허용된 베이스는 물론 도중의 베이스에도 닿아야 한다. 예를 들어 타자가 내야 땅볼을 친 후 내야수의 악송구가 관중석으로 들어갔다.
타자주자는 1루를 밟지 않고 2루에 갔다. 타자주자는 2개 베이스가 허용되었다 하더라도 볼 인 플레이가 된 뒤 어필이 있으면 아웃된다. 타구가 잡힌 후 원래 베이스로 돌아가야 할 의무가 있는 주자는 그라운드 룰과 기타 규칙에 따라 안전진루권이 주어졌다 하더라도 반드시 본래의 베이스를 리터치를 하여야 한다. 리터치는 볼 데드일 때 하여도 되며 진루는 본래의 베이스를 기준으로 한다.
[주] 볼넷이 되는 투구, 또는 제3스트라이크의 투구가 (H)[부기]의 뒷부분에 해당할 때는 타자에게 2개 베이스가 주어진다."
RULE_COMMON_BR_5.06_p8,RULE,BASEBALL_RULES,2026_KBO야구규칙.pdf,2026,ARTICLE,5.00 경기의 진행,5.06,주루,8,9,56,65,OFFICIAL,CONFIRMED,af0352f335f8624b,"[공식야구규칙 2026] 5.00 경기의 진행 > 5.06 주루 (8/9)
⒞볼 데드 다음의 경우 볼 데드가 되어 주자는 한 베이스를 진루하거나 원래의 베이스로 돌아간다. 그 사이에 주자는 아웃되지 않는다.
⑴ 투구가 정규의 타격자세에 있는 타자의 몸 또는 옷에 닿았을 경우-타자가 주자가 됨으로써 베이스를 비워줘야 하는 각 주자는 진루한다.
⑵ 주심이 포수의 송구를 방해하였을 경우-각 주자는 원래의 베이스로 돌아간다.
[원주] 포수의 송구가 주자를 아웃시켰다면 방해가 없었던 것으로 한다.
[주1] 여기서 말하는 ‘포수의 송구’란 도루를 저지하려고 하거나 베이스에 있는 주자를 아웃시키려고 하는 것에 한한다.
[주2] 아마추어 야구의 경우 포수의 송구가 주자를 아웃시킨 경우뿐만 아니라 포수의 송구에 의하여 런다운 플레이가 시작되고 그 플레이 도중 수비 측의 실수로 주자가 살았을 경우에도 방해가 없었던 것으로 한다.
⑶ 보크의 경우-모든 주자가 진루한다. (6.02⒜[벌칙] 참조)
⑷ 반칙타구의 경우-모든 주자는 원래의 베이스로 돌아간다.
⑸ 파울 볼이 포구되지 않았을 경우-모든 주자는 원래의 베이스로 돌아간다. 주심은 모든 주자가 원래의 베이스에 다시 닿을 때까지 볼 인 플레이로 해서는 안 된다.
⑹ 내야수(투수 포함)에게 닿지 않은 페어 볼이 페어지역에서 주자 또는 심판원에게 맞았을 경우 또는 내야수(투수 제외)를 통과하지 않은 페어 볼이 심판원에게 맞았을 경우-타자가 주자가 됨으로써 베이스를 비워줘야 하는 각 주자는 진루한다.
[부기] 타구가 투수를 통과한 다음 내야에 서 있는 심판원에게 맞았을 경우 볼 데드가 된다. 그러나 페어지역에서 야수에게 닿아 굴절된 타구가 떠 있는 상태에서 주자 또는 심판원에게 맞고 땅에 떨어지기 전에 내야수가 받았더라도 포구가 아니며, 계속 볼 인 플레이가 된다.
[주] 페어 볼이 파울지역에서 심판원에게 닿았을 때는 볼 인 플레이다.
[원주] 주자가 페어 볼에 맞았더라도 심판원이 다음 사실을 확인하였을 때는 아웃을 선언해서는 안 된다. 이때는 볼 인 플레이이다.
① 일단 내야수에게 닿은 페어 볼에 맞았을 경우"
RULE_COMMON_BR_5.06_p9,RULE,BASEBALL_RULES,2026_KBO야구규칙.pdf,2026,ARTICLE,5.00 경기의 진행,5.06,주루,9,9,56,65,OFFICIAL,CONFIRMED,a50f92aaabc8817d,"[공식야구규칙 2026] 5.00 경기의 진행 > 5.06 주루 (9/9)
② 내야수에게 닿지 않고 가랑이 사이 또는 옆으로 빠진 타구에 주자가 바로 뒤에서 맞았더라도 다른 어떤 내야수도 이 공을 수비할 기회가 없었다고 심판원이 확신한 경우
⑺ 투구가 포수나 심판원의 마스크 또는 용구에 끼어 멈추었을 때-모든 주자는 진루
[부기] 파울 팁이 심판원에게 맞고 튀어나온 것을 포수가 잡더라도 포구가 아니므로 볼 데드가 되어 타자는 아웃되지 않는다.
파울 팁이 심판원의 마스크나 다른 용구에 끼어 멈추더라도 같다. 제3스트라이크(파울 팁이 아닌 것)로 선언된 투구가 포수를 통과하여 심판원에 맞았을 때는 볼 인 플레이다. 심판원에게 맞고 튀어나온 공이 땅에 닿기 전에 잡더라도 타자는 아웃되지 않는다. 그러나 볼 인 플레이므로 1루에 송구하거나 타자를 태그하여 아웃시킬 수 있다. 제3스트라이크로 선언된 투구 또는 볼넷에 의한 출루가 주어지는 투구가 포수 또는 심판원의 마스크나 용구에 끼어 플레이를 할 수 없을 때 타자에게 1루가 허용되며, 모든 주자는 한 베이스를 진루한다.
⑻ 정규의 투구가 득점하려는 주자에게 닿았을 때-모든 주자는 진루"
RULE_COMMON_BR_5.07_p1,RULE,BASEBALL_RULES,2026_KBO야구규칙.pdf,2026,ARTICLE,5.00 경기의 진행,5.07,투구,1,4,65,70,OFFICIAL,CONFIRMED,499f42252638f31b,"[공식야구규칙 2026] 5.00 경기의 진행 > 5.07 투구 (1/4)
⒜정규투구 정규의 투구자세로는 와인드업 포지션(wind-up position)과 세트 포지션(set position)의 두 가지가 있고 어느 것이든 수시로 사용할 수 있다. 투수는 투수판에 발을 대고 포수로부터 사인을 받아야 한다.
[원주] 투수는 사인을 교환한 뒤 투수판에서 발을 뺄 수 있으나 발을 뺀 뒤 곧바로 투수판을 밟고 투구하는 것은 허용되지 않는다. 이 같은 투구는 심판원에 의해 퀵 피치(quick pitch)로 간주된다.
투수는 투수판에서 발을 빼면 반드시 두 손을 신체의 양쪽으로 내려야 한다. 투수는 사인을 받을 때마다 투수판에서 발을 빼서는 안 된다. 투수는 투구시 어느 쪽 발도 본루 방향으로 두 번째 스텝을 밟는 것이 허용되지 않는다. 주자가 있는 경우 6.02(a) 에 따라 보크가 된다. 주자가 없으면 6.02(b)에 따른 투수 반칙행위이다.
⑴ 와인드업 포지션 투수는 타자 쪽을 향하여 서고, 중심발(pivot foot)은 투수판에 대고, 다른 발은 자유롭게 둔다. 이 자세에서 투수는, (A) 타자에 대한 투구와 관련된 동작을 일으켰다면 중단하거나 변경함이 없이 그 투구를 완료하여야 한다.
(B) 타자를 향해 실제로 투구할 때를 제외하고 어느 발이든 땅으로부터 들어 올려서는 안 된다. 단, 자유로운 발은 한 발 뒤로 뺐다가 다시 한 발 앞으로 내디딜 수 있다.
투수가 중심발(pivot foot)은 투수판에 대고, 다른 발은 어디에 두든지 간에 신체 앞에서 두 손을 모아 공을 잡으면 와인드업 포지션에 들어간 것으로 간주한다.
[원주] 와인드업 포지션에서 투수는 중심발이 아닌 자유로운 발을 투수판 위, 앞, 뒤, 또는 양 옆 밖에 놓을 수 있다. 이 자세에서 투수는,
① 타자에게 투구하여도 좋고,
② 주자를 솎아내기(pick-off) 위해 베이스 쪽으로 내디디면서 송구하여도 좋고,
③ 투수판에서 발을 빼도 좋다(이럴 경우 반드시 두 손을 신체의 양옆으로 내려야 한다). 투수판을 벗어날 때는 중심발부터 빼야 하며 자유로운 발을 먼저 빼서는 안 된다. 이런 자세에서 세트 포지션으로 바꾸거나 스트레치 동작을 하여서는 안 된다. 위반하면 보크가 된다."
RULE_COMMON_BR_5.07_p2,RULE,BASEBALL_RULES,2026_KBO야구규칙.pdf,2026,ARTICLE,5.00 경기의 진행,5.07,투구,2,4,65,70,OFFICIAL,CONFIRMED,80aa3716d357f6c3,"[공식야구규칙 2026] 5.00 경기의 진행 > 5.07 투구 (2/4)
⑵ 세트 포지션 투수가 타자를 향하여 서고, 중심발을 투수판에 대고, 다른 발은 투수판 앞에 놓은 상태에서 신체의 앞에서 두 손을 모아 공을 잡은 후 완전히 동작을 정지하는 것이 세트 포지션이다. 이 자세에서 투수는 투구하든지, 베이스에 송구하든지, 중심발을 투수판 뒤로 빼도 좋다.
투수는 세트 포지션을 취할 때 스트레치(stretch, 팔을 머리 위 또는 신체의 앞으로 뻗는 행위)라는 예비동작을 할 수 있다. 그러나 스트레치를 하였으면 투구하기 전에 반드시 세트 포지션을 취해야 한다. 세트 포지션을 취한 뒤 타자에 대한 투구와 관련한 동작을 일으켰다면 중단하거나 변경함이 없이 그 투구를 완료하여야 한다. 투수는 세트 포지션을 취하기에 앞서 한쪽 손을 밑으로 내려 신체의 옆부분에 붙이고 있어야 한다. 이 자세에서 중단함이 없이 일관된 동작으로 세트 포지션에 들어가야 한다.
투수는 스트레치를 계속하여 투구하기 이전에는 (A) 두 손으로 잡은 공을 신체의 앞에 두고 (B) 완전히 정지하여야 한다. 이것은 의무사항이며 심판원은 이를 엄중히 감시하여야 한다. 투수는 주자를 베이스에 묶어두기 위하여 항상 규칙에 위배되는 행위를 하려고 한다. 투수가 ‘완전한 정지’를 이행하지 않았을 때 심판원은 즉시 “보크”를 선고하여야 한다.
[원주] 주자가 없는 경우 투수는 세트 포지션을 할 때 완전히 멈출 필요는 없다. 그러나 투수가 타자를 잡아내기 위해 의도적으로 투구를 하였다고 심판원이 판단을 할 경우 이 투구는 퀵 피치(quick pitch)로 간주되며 볼이 선고된다. 주자가 있는 경우 투수가 중심발로 투수판을 밟은 채 평행하게 두고 자유로운 발을 투수판 앞에 내딛는 경우 이 투구는 세트 포지션으로 간주한다.
[주1] 이 규칙의 ⑴·⑵항에서 말하는 ‘중단하거나 변경함이 없이’라고 함은 와인드업 포지션 및 세트 포지션에서 투수가 투구동작 중에 고의로 일시정지하거나 투구동작을 자연스럽게 이어가지 않고 의도적으로 단계를 취하는 동작을 하거나 손발을 흔들흔들하면서 투구하는 것을 말한다.
[주2] 투수가 세트 포지션을 취할 때에는 투수판을 밟은 다음 투구할 때까지 반드시 공을 두 손으로 잡지 않으면 안 된다. 공을 잡을 때까지 반드시 스트레치를 할 필요는 없으나, 일단 스트레치를 하면 공을 두 손으로 잡아야 한다. 공을 잡을 때는 몸의 앞쪽 어느 곳에서 잡아도 무방하지만 일단 두 손으로 공을 잡고 정지하면 잡은 위치를 이동시켜서는 안 되고 완전하게 신체의 동작을 정지하여 목 이외에는 어느 곳도 움직여서는 안 된다.
[주3] 세트 포지션으로부터 투구할 때 자유로운 발은
① 투수판의 바로 옆으로 내딛지 않는 한 앞쪽이면 어느 방향으로 내디뎌도 괜찮다."
RULE_COMMON_BR_5.07_p3,RULE,BASEBALL_RULES,2026_KBO야구규칙.pdf,2026,ARTICLE,5.00 경기의 진행,5.07,투구,3,4,65,70,OFFICIAL,CONFIRMED,3b42c31e15ece4c3,"[공식야구규칙 2026] 5.00 경기의 진행 > 5.07 투구 (3/4)
② 와인드업 포지션처럼 일단 뒤쪽으로 뺐다가 다시 한 발 내딛는 것은 허용되지 않는다.
[주4] 주자가 베이스에 있을 때 투수는 세트 포지션을 취한 후라도 투구 외의 다른 플레이를 하기 위한 목적으로 자유로이 투수판을 벗어날 수 있다. 이 경우 중심발은 반드시 투수판의 뒤쪽으로 빼야 하며 옆이나 앞으로 빼는 것은 허용되지 않는다. 투수가 중심발을 투수판에서 빼면 타자에게는 투구할 수 없으나 주자가 있는 베이스를 향해 발을 내딛지 않고 손목만으로 송구할 수도 있고, 또 송구하는 시늉만 하는 것도 허용된다.
[주5] 와인드업 포지션이든 세트 포지션이든 중심발로 투수판을 밟은 채 두 손을 모아 공을 잡은 투수가 투수판에서 중심발을 뺄 때는 반드시 공을 두 손으로 잡은 채 빼야 한다. 또 중심발을 투수판에서 뺀 뒤에는 반드시 두 손을 떼어 신체의 옆부분으로 내리고 난 다음 다시 중심발을 투수판에 대지 않으면 안 된다.
[문] 투수가 스트레치를 한 뒤 세트 포지션을 취할 때까지 얼굴 앞에서 두 손을 마주대고 그대로 끌어내려 가슴 앞에서 공을 잡았다. 보크가 되는가? [답] 비록 얼굴 앞에서 두 손을 마주대도 그대로 이어진 동작으로 가슴 앞까지 끌어내려 정지하면 보크가 안 된다. 그러나 일단 얼굴 앞에서 정지하면 그곳에서 공을 잡은 것이 되므로 거기서 두 손을 아래로 내리면 보크가 된다.
⒝준비투구 투수는 매 이닝이 시작될 때 또는 다른 투수를 구원할 때 포수를 상대로 8구를 넘지 않는 범위에서 준비투구(preparatory pitch)를 하는 것이 허용된다. 그 사이에 플레이는 정지된다.
각 리그는 각기 독자적으로 준비투구의 수를 8구 이하로 제한할 수 있다. 이 준비투구는 어느 경우에나 1분을 넘어서는 안 된다. 뜻밖의 사고로 몸을 풀 기회를 얻지 못하고 갑자기 등판한 투수에게는 주심이 필요하다고 인정하는 수의 준비투구를 허용할 수 있다.
⒞투구 지연 베이스에 주자가 없을 때 투수는 공을 받은 후 20초 이내에 타자에게 투구하여야 한다. 투수가 이 규칙을 위반하여 경기를 지연시킬 경우 주심은 볼을 선고한다.
이 규칙의 취지는 불필요한 지연을 막으려는 것이다. 따라서 심판원은 다음 사항을 강조하고, 그럼에도 불구하고 투수의 명백한 지연행위가 있을 때는 즉각 벌칙을 가한다.
⑴ 투구를 받은 포수는 곧바로 투수에게 던질 것
⑵ 이것을 잡은 투수는 곧바로 투수판을 밟고 투구 위치에 설 것
[주] KBO에서는 베이스에 주자가 없을 때 포수로부터 공을 받은 투수는 12초 이내에 투구하여야 한다."
RULE_COMMON_BR_5.07_p4,RULE,BASEBALL_RULES,2026_KBO야구규칙.pdf,2026,ARTICLE,5.00 경기의 진행,5.07,투구,4,4,65,70,OFFICIAL,CONFIRMED,e0ebb8d18ee2dab2,"[공식야구규칙 2026] 5.00 경기의 진행 > 5.07 투구 (4/4)
⒟베이스로의 송구 투수가 준비동작을 일으키고 나서 타자에 대해 투구와 관련된 동작을 일으키기 전에는 언제든지 베이스로 송구할 수 있으나 그에 앞서 송구하려는 베이스 방향으로 직접 발을 내딛는 것이 필요하다.
[원주] 투수는 송구하기 전에 반드시 그쪽으로 발을 내디뎌야 한다. 스냅 스로(snap throw, 손목 힘으로 하는 송구)를 한 후 베이스를 향하여 발을 내딛는 것은 보크다.
[주] 투수가 중심발을 투수판에서 빼지 않고 1루로 송구할 경우 투수판 위에서 중심발을 바꾸어 밟더라도 그것이 한 동작으로 이어질 때는 관계없다. 그러나 송구 전에 중심발을 투수판 위에서 미리 바꾸어 밟은 뒤에 송구하면 중심발을 투수판 위에서 옮긴 것이 되어 보크가 된다.
⒠투수판에서 중심발을 뺐을 때 투수가 투수판 위의 중심발을 뒤쪽으로 빼었을 때는 내야수로 간주된다. 따라서 그 위치에서 범한 악송구는 다른 내야수의 악송구와 똑같이 취급한다.
[원주] 투수는 투수판에서 떨어져 있을 때는 어느 베이스에 송구하여도 좋으나 만약 송구가 악송구가 되면 그 송구는 내야수의 송구로 간주되고, 그 후의 조치는 야수의 송구에 관한 규칙을 따른다.
⒡양손잡이 투수 투수는 투수판을 밟을 때 투구할 손의 반대쪽 손에 글러브를 착용함으로써 주심, 타자, 주자에게 어느 손으로 투구할 것인지를 명확히 표시해야 한다. 투수는 동일 타자를 상대하는 동안 투구하는 손을 변경할 수 없다. 단, 타자 아웃, 타자가 주자가 될 경우, 공수교대가 될 경우, 대타가 나올 경우, 투수가 부상을 당할 경우 투구하는 손을 변경할 수 있다. 투수가 부상으로 동일 타자의 타격 중에 투구하는 손을 변경할 경우 그 투수는 이후 경기에서 물러날 때까지 투구하는 손을 변경할 수 없다. 투수가 이닝 도중 투구하는 손을 변경할 경우 투수는 연습투구를 할 수 없으며, 글러브를 교체할 수 없다. 단, 양손글러브는 허용한다."
RULE_COMMON_BR_5.08_p1,RULE,BASEBALL_RULES,2026_KBO야구규칙.pdf,2026,ARTICLE,5.00 경기의 진행,5.08,득점의 기록,1,3,70,73,OFFICIAL,CONFIRMED,a449101dda397bfe,"[공식야구규칙 2026] 5.00 경기의 진행 > 5.08 득점의 기록 (1/3)
⒜3아웃이 되어 이닝이 끝나기 전에 주자가 정규로 1루, 2루, 3루, 본루에 닿을 때마다 1점이 기록된다.
[부기] 주자가 홈 베이스에 닿았더라도 제3아웃이 다음과 같은 플레이로 이루어졌을 때는 득점으로 기록하지 않는다.
⑴ 타자주자가 1루에 닿기 전에 아웃되었을 때 (5.09, 6.03⒜ 참조)
⑵ 주자가 포스 아웃되었을 때 (5.09⒝⑹ 참조)
⑶ 선행주자가 베이스를 밟지 못해 아웃되었을 때 (5.09⒞⑴,⑵, 5.09⒟ 참조)
[부기] 주자가 일단 정규로 본루에 닿았으면 그 주자의 후속 행위 때문에 그 득점이 무효가 되지는 않는다. 이를테면 3루주자가 플라이 볼이 잡힌 뒤 본루를 밟고 나서 베이스를 너무 일찍 떠난 것이 아닌가 착각하여 3루로 되돌아가려고 하는 행위를 말한다.
⒝정식경기에서 최종회 말 또는 연장회 말의 만루 상황에서 타자에게 4사구나 기타의 플레이로 1루가 주어짐에 따라 3루주자가 승리를 결정하는 득점을 얻게 되는 때는 주심은 그 주자가 본루를 밟고 타자가 1루에 닿을 때까지 경기의 종료를 선고하여서는 안 된다.
[부기] 예외로 관중이 경기장으로 쏟아져 들어와 3루주자가 본루에 닿으려는 것이나 타자주자가 1루에 닿으려는 것을 육체적으로 방해하였을 경우 심판원은 관중에 의한 업스트럭션(주루방해)으로 처리하여 주자의 득점 또는 진루를 인정한다.
[벌칙] 위와 같은 경우 3루주자가 적당한 시간이 지나도 본루에 가려고 하지 않고 또한 본루를 밟으려고도 하지 않았을 경우 주심은 그 득점을 인정하지 않고 규칙을 위반한 선수에게 아웃을 선고하고 경기속행을 명해야 한다. 무사나 1사 때 타자주자가 1루에 가려고 하지 않고 또한 1루에 닿으려고도 하지 않았을 경우 득점은 기록되나 타자주자는 아웃이 선고된다.
[주] 예를 들면 최종회 말 만루에서 타자가 4구를 얻어 결승점을 기록하게 되었을 때 다음 베이스에 진루하여 베이스를 밟을 의무를 가진 주자는 3루주자와 타자주자 뿐이다. 3루주자 또는 타자주자가 적당한 시간이 지나도 그 의무를 이행치 않을 경우 심판원은 수비 측의 어필을 기다리지 않고 아웃을 선고하여야 한다. 타자주자 또는 3루주자가 진루하면서 베이스를 밟지 않았고 적당한 시간이 지나도 밟으려 하지 않는다면 심판원은 수비 측의 어필을 기다리지 않고 아웃을 선고하여야 한다."
RULE_COMMON_BR_5.08_p2,RULE,BASEBALL_RULES,2026_KBO야구규칙.pdf,2026,ARTICLE,5.00 경기의 진행,5.08,득점의 기록,2,3,70,73,OFFICIAL,CONFIRMED,453e500d017babb0,"[공식야구규칙 2026] 5.00 경기의 진행 > 5.08 득점의 기록 (2/3)
[원주] 타자주자가 1루에 닿기 전에 아웃되고 그 것이 제3아웃일 때는 다른 주자가 그 아웃이 이루어지기 전 또는 그 아웃이 이루어지는 동안 본루에 닿았다면 득점은 기록되지 않는다.
[예1] 1사 2·3루. 타자의 안타로 3루주자는 쉽사리 본루에 닿았으나 2루주자는 본루에의 송구로 아웃되어 2아웃이 되었다. 그 사이 타자주자는 2루로 갔으나 1루를 공과(空過)했기 때문에 1루에서의 어필로 제3아웃이 되었다. 3루주자의 득점은? → 타자주자가 1루에 닿기 전에 아웃되었고 이것이 제3아웃이므로 3루주자는 이 플레이가 이루어지는 동안 본루에 닿았기 때문에 득점은 인정되지 않는다.
[예2] 2사 만루. 타자가 홈런을 쳐서 4명 모두 본루를 밟았으나 타자가 1루를 밟지 않았기 때문에 어필로 아웃되었다.
→ 이 경우 타자의 아웃이 1루에 닿기 전의 제3아웃이므로 모든 득점이 기록되지 않는다. 전위주자가 베이스를 밟지 못하여 아웃되었을 때 정규의 주루를 한 후위주자에 관해서는 그 아웃이 2아웃 또는 1아웃일 때와 제3아웃일 때와는 그 사정이 다르다.
[예3] 1사 1·2루에서 타자가 홈런을 쳤다. 2루주자는 본루로 가는 도중 3루를 그냥 지나쳤다. 1루주자와 타자는 정상적으로 베이스를 밟고 본루에 닿았다. 수비팀은 3루에 송구하여 어필하였으므로 심판원은 2루주자에 대하여 아웃을 선고하여 2아웃이 되었다.
→ 1루주자와 타자의 득점은 인정된다.
[예4] 2사 2루. 타자가 홈런을 쳐서 2명 모두 본루를 밟았다. 그러나 2루주자가 3루를 그냥 지나치는 바람에 어필 아웃당해 3아웃이 되었다.
→ 타자는 정당하게 본루를 밟았더라도 득점이 안 된다.
[규칙설명] 전위주자가 베이스에 닿지 못하거나 플라이 볼이 포구될 때에 리터치를 하지 못하여 제3아웃이 될 경우 뒤의 주자는 정당한 주루를 하여도 득점이 안 된다.
[예] 1사 2·3루. 타자가 중견수 플라이로 잡혀 2아웃이 되었다. 3루주자는 그 플라이 아웃을 이용해서 본루에 들어오고 2루주자도 본루에 던진 악송구 때문에 득점하였다. 이때 3루주자에 대해서 어필이 있어 포구 전에 출발했다고 판정되어 제3아웃이 되었다.
→ 아무 득점도 기록되지 않는다.
[규칙설명] 베이스를 밟지 못한 주자 또는 플라이 볼이 포구될 때에 리터치하지 않은 주자에 대해서 수비팀이 어필한 경우 심판원이 그것을 인정하면 그 주자는 아웃이 된다.
[예] 1사 1·3루. 타자는 우익수 플라이 볼로 2아웃이 되었다. 3루주자는 포구한 뒤 3루를 리터치하고 본루에 닿았다. 1루주자는 2루로 향하고 있었기 때문에 1루에 리터치하려고 하였으나 우익수의 송구로 아웃이 되었다. 3루주자는 그 아웃보다 먼저 본루를 밟았다.
→ 1루주자의 아웃은 포스 아웃이 아니므로 그 제3아웃보다 먼저 본루를 밟은 3루주자의 득점은 기록된다."
RULE_COMMON_BR_5.08_p3,RULE,BASEBALL_RULES,2026_KBO야구규칙.pdf,2026,ARTICLE,5.00 경기의 진행,5.08,득점의 기록,3,3,70,73,OFFICIAL,CONFIRMED,c4b59e13fc597aa1,"[공식야구규칙 2026] 5.00 경기의 진행 > 5.08 득점의 기록 (3/3)
[주1] 제3아웃이 포스 아웃이 아닐 때 그 플레이 중에 다른 주자가 본루에 닿았을 경우 주심은 그 주자에 대한 어필의 여지가 있든 없든 관계없이 본루에 닿은 주자가 제3아웃보다 빨랐는지 아닌지를 분명히 하여야 한다.
[주2] 이 항은 타자 및 베이스에 나가 있는 주자에게 안전진루권이 주어졌을 때도 적용된다. 가령 2사 후 어느 주자가 다른 주자를 추월한 까닭에 아웃되었을 때는 그 아웃된 주자의 뒤에 있는 타자 또는 주자의 득점이 기록되지 않는 것은 물론, 아웃된 주자보다 앞에 있는 주자라도 제3아웃이 이루어지기 전에 본루를 밟지 않으면 득점은 기록되지 않는다. 단, 2사 만루에서 타자가 4구를 얻었을 때 다른 어느 주자가 일단 다음 베이스를 밟은 뒤 아웃되었을 때에 한하여 그 제3아웃이 성립된 뒤 3루주자가 본루를 밟더라도 득점은 기록된다. (5.06⒝⑶(B)[원주] 참조)"
RULE_COMMON_BR_5.09_p1,RULE,BASEBALL_RULES,2026_KBO야구규칙.pdf,2026,ARTICLE,5.00 경기의 진행,5.09,아웃,1,15,74,93,OFFICIAL,CONFIRMED,c07914d9d3b6721b,"[공식야구규칙 2026] 5.00 경기의 진행 > 5.09 아웃 (1/15)
⒜타자 아웃 타자 아웃인 경우는 다음과 같다.
⑴ 페어 플라이 볼 또는 파울 플라이 볼(파울 팁은 제외)이 야수에게 정규로 포구되었을 경우
[원주] 야수는 덕아웃 안으로 손을 뻗어 볼을 잡으면 정규의 포구가 된다. 단, 덕아웃 안에 발을 닿게 해서는 안 된다. 야수가 파울 볼 처리를 위해 덕아웃 또는 볼 데드 장소 근처에서 포구를 시도할 경우 반드시 한 발 또는 양 발을 그라운드 위에 두어야 하며, 어느 발도 덕아웃 안이나 볼 데드 지역에 두어서는 안 된다. 정규의 포구 이후 야수가 덕아웃이나 볼 데드 지역을 밟거나 넘어져 완전히 들어가게 된 경우 볼 데드가 된다. 주자는 5.06⒝⑶(C)
[원주]에 따른다.
포구(catch)란 야수가 날아가는 타구나 송구를 손 또는 글러브로 확실하게 잡는 행위를 가리킨다. 모자나 프로텍터(protector), 주머니 또는 유니폼의 다른 부분으로 잡은 것은 포구가 아니다. 또 공을 잡는 것과 동시이거나 그 직후에 다른 선수나 펜스에 부딪치거나 넘어져서 공을 떨어뜨렸을 때는 포구가 아니다. 야수에게 일단 닿은 플라이 볼이 튀어나가 공격팀의 선수 또는 심판원에게 맞았을 때는 어느 야수가 잡더라도 포구가 아니다. 그러나 야수가 공을 잡은 뒤 송구동작으로 이어진 다음에 공을 떨어뜨렸을 때는 포구로 인정된다. 포구를 분명히 하기 위하여 야수들은 그가 분명히 공을 잡고 있다는 사실이 인정될 만큼 충분히 오랫동안 공을 잡고 있어야 하며, 공을 손이나 글러브에서 떼는 것은 자발적이고 분명한 의도를 가진 것이어야 한다.
[참고] 공을 저글(juggle)하거나 다른 야수를 거쳤더라도 지면에 닿기 전에 잡으면 정규의 포구가 된다. 주자는 최초의 야수가 플라이 볼에 손을 댄 순간부터 베이스를 출발할 수 있다. 야수는 펜스, 난간, 로프 또는 그라운드와 관중석의 경계선 상공으로 신체를 뻗어서 플라이 볼을 잡을 수 있다(신체의 대부분은 경기장 안에 있어야 한다). 야수는 난간의 꼭대기나 파울지역에 놓아둔 캔버스 위에 뛰어올라 잡을 수도 있다. 야수가 펜스, 난간, 로프 등의 상공이나 스탠드로 신체를 뻗어서 플라이 볼을 잡으려고 하는 것은 스스로 위험을 감수하고 펼치는 플레이기 때문에 설사 관중이 그 플레이를 방해하더라도 수비방해의 이득을 얻을 수는 없다. 덕아웃 부근에서 플라이 볼을 잡으려는 야수가 덕아웃 안으로 빠지지 않으려고 안쪽에 있는 선수의 신체에 기대었다 하더라도 공을 잡으면 정규의 포구가 된다(어느 팀이든지 상관없다).
[주] 포수가 몸에 지니고 있는 마스크, 프로텍터 등에 닿고 튀어나온 플라이 볼을 땅에 떨어뜨리지 않고 포구하면 정규의 포구가 된다(파울 팁은 용어의 정의 34. 참조). 단, 손 또는 미트 이외의 것, 예를 들어 프로텍터 또는 마스크를 사용하여 잡은 것은 정규의 포구가 아니다."
RULE_COMMON_BR_5.09_p2,RULE,BASEBALL_RULES,2026_KBO야구규칙.pdf,2026,ARTICLE,5.00 경기의 진행,5.09,아웃,2,15,74,93,OFFICIAL,CONFIRMED,5f63d5018737e029,"[공식야구규칙 2026] 5.00 경기의 진행 > 5.09 아웃 (2/15)
⑵ 제3스트라이크가 포수에게 정규로 포구되었을 경우
[원주] ‘정규의 포구’란 땅에 닿지 않은 공이 포수의 미트 속으로 들어가는 것을 뜻한다. 공이 포수의 옷이나 용구에 끼인 것은 정규의 포구가 아니다. 또 심판원에게 맞고 튀어나온 공을 포수가 잡았을 때도 마찬가지다. 파울 팁이 최초에 포수의 신체 또는 용구에 맞고 땅에 닿기 전에 포구하거나 신체 또는 용구에 손이나 미트로 덮어씌우듯이 잡으면 스트라이크이다. 이것이 제3스트라이크이면 타자 아웃이다.
⑶ 무사 또는 1사에 1루주자가 있을 때 제3스트라이크가 선언된 투구를 포수가 잡지 못했을 경우
[주] 무사 또는 1사 때 1루에 주자가 있을 경우(1·2루, 1·3루, 1·2·3루인 때도 같음) 제3스트라이크로 선언된 투구가 뒤로 빠지거나 주심의 마스크 등에 끼었을 경우에도 이 항이 적용되어 타자는 아웃이다.
⑷ 2스트라이크 뒤의 투구를 번트하여 파울 볼이 되었을 경우
⑸ 인필드 플라이가 선언되었을 경우 (용어의 정의 40. 참조)
⑹ 2스트라이크 뒤 타자가 쳤으나(번트도 포함) 투구가 배트에 닿지 않고 타자의 신체에 닿았을 경우
⑺ 야수(투수 포함)에게 닿지 않은 페어 볼이 타자주자에게 닿았을 경우
⑻ 타자주자가 본루에서 1루 사이의 후반부를 달리는 동안 3피트 라인의 바깥쪽(오른쪽) 또는 파울 라인의 안쪽(왼쪽) 내야 잔디로 달려 1루 송구를 처리하려는 야수를 방해하였다고 심판원이 판단하였을 경우 단, 타구를 처리하는 야수를 피하기 위하여 3피트 라인의 바깥쪽(오른쪽) 또는 파울 라인의 안쪽(왼쪽) 내야 잔디를 달리는 것은 관계없다.
[원주] 주자는 양쪽 발이 3피트 레인(three feet lane)의 안쪽 또는 레인의 일부인 라인 위 또는 파울 라인 안쪽(왼쪽)의 내야 흙 위에 있어야만 한다.
심판은 주자가 본루에서 1루 사이 후반부를 달리는 동안 위 조건을 충족한 경우, 또는 야수의 1루를 향한 송구가 이루어진 이후 위 조건을 충족한 경우 5.09⒜⑻을 준수했다고 판단하며, 두 상황 중 더 늦게 발생한 상황을 기준으로 판정한다.
본 항과 6.01⒜⑽에서 주로를 내야 흙까지 인정하는 것은 KBO에서만 적용한다."
RULE_COMMON_BR_5.09_p3,RULE,BASEBALL_RULES,2026_KBO야구규칙.pdf,2026,ARTICLE,5.00 경기의 진행,5.09,아웃,3,15,74,93,OFFICIAL,CONFIRMED,08e579d5c1242e27,"[공식야구규칙 2026] 5.00 경기의 진행 > 5.09 아웃 (3/15)
⑼ 타자가 치거나 번트한 페어타구가 페어지역에서 배트에 다시 닿았을 경우 볼 데드가 되어 주자의 진루는 인정되지 않는다.
이와 반대로 페어의 타구가 굴러와 타자가 떨어뜨린 배트에 페어지역에서 닿았을 경우는 타자 아웃이 아니며 볼 인 플레이다.
단, 타자가 타구의 진로를 방해할 의사가 명백히 없었다고 심판원이 판단하였을 때에 한한다. (6.01⒜ 참조)
[원주] 배트의 부러진 일부분이 페어지역에서 타구에 맞았거나 주자 또는 야수에게 맞았을 때는 플레이는 그대로 계속되고 방해는 선언되지 않는다. 타구가 파울지역에서 배트의 부러진 부분에 맞았을 때는 파울 볼이다. 배트 전체가 페어지역으로 날아가 플레이를 하려는 야수(타구 처리는 물론 송구도 포함)를 방해하였을 때는 고의 여부에 관계없이 방해가 선언된다. 타격용 안전모(헬멧)에 우연히 타구 또는 송구가 맞았을 때는 볼 인 플레이 상태가 계속된다. 타구가 파울지역에서 타격용 안전모 및 땅이 아닌 이물질에 닿았을 때는 파울 볼이며, 볼 데드가 된다. 주자가 안전모를 떨어뜨리거나 공에 던져 타구 또는 송구를 방해하려는 뜻이 명백하다고 심판원이 판단하였을 경우 그 주자는 아웃이 되고, 볼 데드가 되어 다른 주자는 규칙에 의해 방해 전의 베이스로 돌아가야 한다.
[주] ⑼항의 앞부분을 적용할 때는 타자가 배트를 들고 있었느냐 없었느냐는 관계없다.
⑽ 타자가 치거나 번트한 뒤 1루로 뛰어갈 때 아직 파울 볼로 선언되지 않은 타구의 진로를 어떤 방법으로든 고의로 바꿨을 경우이때는 볼 데드가 되며 주자의 진루는 인정되지 않는다.
⑾ 타자가 제3스트라이크를 선언당하거나 페어 볼을 친 뒤 1루에 닿기 전에 그 신체나 1루에 태그되었을 때
[주] 태그할 때는 우선 공을 갖고 신체 또는 베이스에 닿는 것은 물론 태그 뒤에도 확실하게 공을 가지고 있어야 한다. 또 야수가 공을 손에 갖고 있어도 그 공을 글러브 안에서 저글하거나 두 팔과 가슴으로 공을 안아서 잡는 것은 확실한 포구라고 볼 수 없다. 따라서 비록 타자가 1루에 닿기 전에 야수가 공을 손에 갖고 베이스에 닿았더라도 확실하게 잡은 것이 타자가 1루에 닿은 뒤라면, 그 타자는 아웃이 아니다."
RULE_COMMON_BR_5.09_p4,RULE,BASEBALL_RULES,2026_KBO야구규칙.pdf,2026,ARTICLE,5.00 경기의 진행,5.09,아웃,4,15,74,93,OFFICIAL,CONFIRMED,dd5210746af4c829,"[공식야구규칙 2026] 5.00 경기의 진행 > 5.09 아웃 (4/15)
⑿ 무사 또는 1사에 주자 1루, 1․2루, 1․3루 또는 1․2․3루일 때 내야수가 페어의 플라이 볼 또는 라인 드라이브를 고의로 떨어뜨렸을 경우 이때는 볼 데드가 되어 주자는 원래의 베이스로 돌아가야 한다.
[부기] 인필드 플라이 규칙이 적용되는 경우를 제외하고 내야수가 타구에 닿지 않은 채 그대로 땅에 떨어뜨렸을 때는 타자는 아웃이 되지 않는다.
[주1] 이 항은 쉽게 잡을 수 있는 플라이 볼 또는 라인 드라이브를 내야수가 땅에 떨어지기 전에 한 손 또는 두 손으로 닿은 뒤 고의로 떨어뜨렸을 경우에 적용된다.
[주2] 투수, 포수 및 외야수가 내야에서 수비를 하였을 경우에도 이 항의 내야수와 같이 취급한다. 그러나 처음부터 외야에 위치한 내야수는 제외된다.
⒀ 야수가 플레이를 완수하기 위하여 송구를 받으려고 하거나 송구하려는 것을 전위주자가 고의로 방해하였다고 심판원이 인정하였을 경우
[원주] 이 규칙은 공격팀 선수의 용납할 수 없는 비신사적 행위에 대한 벌칙으로 정한 것으로서, 주자가 베이스에 닿으려는 게 아니라 더블 플레이의 피벗맨을 방해하려고 명백히 베이스 라인으로부터 떨어져서 달렸을 때와 같은 경우에 적용되는 것이다. 이 규칙 적용은 심판원의 판단에 따른다(피벗맨은 4-6-3일 때는 유격수, 6-4-3일 때는 2루수에 해당한다).
[주] 전위주자의 방해행위에 대한 조치는 이 항에 규정되어 있지 않으나, 5.09⒝⑶과 같이 방해행위를 저지른 주자를 아웃시키는 것은 물론 타자까지 아웃시키는 규정이므로 난폭한 행위를 막기 위한 조항이다. 이미 아웃된 주자의 방해행위에 대하여는 6.01⒜⑸에 규정되어 있다.
⒁ 2사 3루, 볼카운트 2스트라이크인 상황에서 홈 스틸을 노린 3루주자가 스트라이크 존에서 정상투구에 닿았을 경우 이때 심판원은 “스트라이크 스리”를 선언하여 타자를 아웃시키고 주자의 득점은 인정하지 않는다.
그러나 무사 또는 1사일 때는 타자는 “스트라이크 스리”의 선고로 아웃되고 볼 데드가 되지만 그 득점은 인정된다.
[주] 무사 또는 1사의 경우 다른 주자들은 다음 베이스로 가려는 주루행위가 있었는지 없었는지에 관계없이 한 베이스의 진루가 허용된다. (5.06⒞⑻ 참조)
⒂ 주자를 제외한 공격팀의 선수가 타구를 처리하려고 하는 야수의 수비를 방해한 경우 (6.01⒝ 참조, 주자에 대한 방해에 대해서는 5.09⒝⑶ 참조)
⒝주자 아웃 다음의 경우 주자는 아웃된다.
⑴ 주자가 태그당하지 않으려고 베이스를 연결한 직선으로부터 3피트(91.4cm) 이상 벗어나서 달렸을 경우 단, 타구를 처리하고 있는 야수를 방해하지 않으려고 벗어났을 때는 무방하다."
RULE_COMMON_BR_5.09_p5,RULE,BASEBALL_RULES,2026_KBO야구규칙.pdf,2026,ARTICLE,5.00 경기의 진행,5.09,아웃,5,15,74,93,OFFICIAL,CONFIRMED,01e4d6b9e8af27ca,"[공식야구규칙 2026] 5.00 경기의 진행 > 5.09 아웃 (5/15)
⑵ 1루를 밟은 후 베이스 라인에서 벗어나 다음 베이스로 가려고 하는 의사를 명백히 포기하였을 경우
[원주] 1루를 밟은 주자가 플레이가 종료된 것으로 착각하여 베이스 라인을 떠나 덕아웃 쪽이나 수비위치로 향하였을 때 그런 행위가 주루 의사를 포기한 것이라고 심판원이 판단하였을 경우 그 주자에게 아웃을 선고한다. 아웃이 선고되더라도 다른 주자에 대해서는 볼 인 플레이 상태가 계속된다. 이 규칙은 다음과 같은 플레이나 이와 유사한 플레이에 적용된다.
[예1] 무사 또는 1사 1루, 9회말 동점인 가운데 타자가 홈런을 쳤다.
1루주자는 2루를 돌면서 홈런으로 승리가 자동 확정된 것으로 착각하여 다이아몬드를 가로질러 자기 벤치로 돌아갔다. 그러나 타자주자는 베이스를 완전하게 일주했다.
→ 1루주자는 다음 베이스로 진루할 것을 포기하였기 때문에 아웃이 선고되지만 타자주자는 득점이 인정된다. 만약 2사일 때는 홈런이 인정되지 않는다. 5.09⒟ 참조. 이것은 어필 플레이가 아니다.
[예2] 주자가 1루 또는 3루에서 태그되자 아웃이 선고된 것으로 착각하여 덕아웃을 향해 상당한 거리를 가면 심판원은 진루를 포기한 것으로 간주하여 아웃을 선고한다.
위와 같은 두 가지 플레이에서는 주자는 실질적으로 주로를 벗어난 것으로 간주되어 5.09⒝⑵[부기]에 규정되어 있는 제3스트라이크를 선고당한 타자의 경우와는 명백히 구별된다.
[부기] 제3스트라이크를 포수가 잡지 못하여 타자가 주자가 된 뒤 벤치 또는 자신의 수비위치로 가던 중 타자가 주자의 의무를 포기하고 홈 플레이트 주위의 흙으로 뒤덮인 원(dirt circle)을 벗어나 벤치 또는 자신의 수비위치로 가려는 행위를 했다고 심판원이 판단하면 심판원은 아웃을 선언할 수 있다.
[주1] ‘베이스를 연결한 직선으로부터 3피트(91.4cm)’라고 하는 것은 베이스를 연결한 직선의 좌우로 각 3피트(91.4cm), 즉 6피트(182.8cm) 폭을 가진 지대를 가리킨다. 이것이 통상 주자의 주로(走D)로 불리는 장소이다. 따라서 주자가 야수에게 태그당하지 않으려고 이 주로를 벗어났을 때는 신체에 태그하지 않아도 아웃이 된다. 주자가 주로 밖을 달리고 있을 때 태그 플레이가 일어났을 경우 주로로부터 멀어지면서 야수의 태그를 피하였을 때는 즉시 아웃이 되며, 주로로 되돌아오면서 야수의 태그를 피하였을 때는 주자와 베이스를 연결하는 직선으로부터 3피트(91.4cm) 이상 떨어지면 아웃이 된다.
[주2] 이 항 ⒝⑴의 뒷부분은 야수가 주자의 주로 안에서 타구를 처리하고 있을 때 수비를 방해하지 않으려고 주자가 주로 밖으로 달려도 아웃되지 않는다는 것을 규정한 것이고, 야수가 타구를 잡은 후 태그 플레이가 발생하였을 때에는 이 항 ⒝⑴의 앞부분을 적용받는 것은 물론이다.
[주3] 포스 상태에 있는 주자에 대해서는 이 항 ⒝⑵를 적용하지 않는다."
RULE_COMMON_BR_5.09_p6,RULE,BASEBALL_RULES,2026_KBO야구규칙.pdf,2026,ARTICLE,5.00 경기의 진행,5.09,아웃,6,15,74,93,OFFICIAL,CONFIRMED,a6cd20b3d4b24a5d,"[공식야구규칙 2026] 5.00 경기의 진행 > 5.09 아웃 (6/15)
⑶ 주자가 송구를 고의로 방해하였을 경우 또는 타구를 처리하고 있는 야수를 방해하였을 경우
[벌칙] 주자는 아웃되고 볼 데드가 된다. (6.01⒜[방해에 대한 벌칙] 참조)
[주1] ‘야수가 타구를 처리한다’는 것은 야수가 타구에 대하여 수비동작에 들어간 때부터 타구를 잡아 송구할 때까지의 행위를 말한다. 따라서 주자가 수비행위를 방해하면 타구를 처리하고 있는 야수를 방해한 것이 된다.
[주2] 주자가 5.09⒜⑻, 5.09⒝⑴ 규정대로 주로를 달리고 있었더라도 타구를 처리하고 있는 야수에게 방해가 되었다고 심판원이 판단하였을 때는 이 항이 적용되어 주자는 아웃이다.
[문] 1사 3루. 3루를 밟고 있는 주자가 베이스 위쪽으로 뜬 파울 플라이를 잡으려는 3루수를 방해하여 3루수가 포구할 수 없었다. 어떻게 조치할 것인가? [답] 그 주자가 고의로 수비를 방해하였다고 심판원이 인정하면 주자와 타자 모두에게 아웃을 선고한다.
⑷ 볼 인 플레이 중에 주자가 베이스에서 떨어져 있다가 태그당한 경우 [예외] 타자주자가 1루로 뛰어갈 때는 곧 돌아오는 것을 조건으로 오버런 또는 오버슬라이딩하더라도 태그 아웃되지 않는다.
[부기] 주자가 베이스에 안전하게 도달한 다음, 주자와 부딪친 충격으로 베이스의 캔버스 백이 정위치에서 떨어지더라도 주자에 대해서는 어떠한 플레이도 할 수 없다.
플레이 중에 베이스의 캔버스 백 또는 홈 플레이트가 정위치에서 떨어졌을 때, 이어진 플레이에서 후속주자가 진루하여 원래 베이스가 놓여 있던 지점에 닿거나 머무르면 그 주자는 정규로 베이스에 닿거나 점유한 것으로 간주한다.
[주1] 4구를 얻은 타자가 1루로 진루할 때 즉시 돌아올 것을 조건으로 1루에 닿은 뒤 지나쳐 달리는 것이 허용된다.
[주2] 야수가 주자를 태그하려고 할 때 주자도 아웃당하지 않으려고 거친 플레이를 하는 경우가 많아 야수와 주자가 부딪쳐 야수가 공을 떨어뜨렸을 경우 태그 뒤에 공을 확실히 쥐고 있지 않은 것이 되므로 주자는 아웃되지 않는다. 또 야수가 주자를 태그한 뒤 비록 공을 땅에 떨어뜨리지 않더라도 공을 확실히 쥐고 있지 않고 손 안에서 저글하였을 경우 주자는 아웃이 아니다. 야수가 태그한 뒤 얼마 동안 공을 보유해야 하는가는 오로지 심판원의 판단에 맡긴다. (용어의 정의 15.[포구] 참조)"
RULE_COMMON_BR_5.09_p7,RULE,BASEBALL_RULES,2026_KBO야구규칙.pdf,2026,ARTICLE,5.00 경기의 진행,5.09,아웃,7,15,74,93,OFFICIAL,CONFIRMED,d47a0d3980108619,"[공식야구규칙 2026] 5.00 경기의 진행 > 5.09 아웃 (7/15)
⑸ 페어 플라이 볼, 파울 플라이 볼이 정규로 포구된 뒤 주자가 베이스에 다시 닿기 전에 신체 또는 그 베이스에 태그당한 경우단, 이 아웃은 어필 플레이므로 투수가 타자에게 다음 1구를 투구하거나 다른 플레이를 하거나 플레이를 하려고 한 다음에는 주자가 리터치하지 않은 것으로 아웃되지 않는다. (5.09⒞ 참조)
[원주] 파울 팁일 때는 태그 업(tag up)할 필요가 없으므로 주자는 도루할 수도 있다. 그러나 파울 팁이 포구되지 않으면 파울 볼이 되므로 주자는 원래의 베이스로 되돌아가야 한다.
[주] 플라이 볼이 잡혔을 때 주자가 다시 닿아야 할 베이스라는 것은 진루의 기점이 되는, 즉 투수가 투구할 당시 점유하고 있던 베이스를 말한다.
⑹ 타자가 주자가 됨에 따라 진루할 의무가 생긴 주자가 다음 베이스에 닿기 전에 야수가 그 주자나 베이스에 태그하였을 경우 (이것은 포스 아웃이다)
단, 후위주자가 포스 플레이로 먼저 아웃되면 포스 상태가 해제되어 앞의 주자는 진루할 의무가 없어지므로 몸에 태그당하여야만 아웃이 된다. 주자는 진루할 의무가 있는 베이스에 닿는 순간 포스 상태에서 해제되므로 오버슬라이딩하거나 오버런하였을 때 주자의 몸에 태그하여야 아웃된다(이것은 태그 아웃이다). 그러나 진루할 의무가 있던 베이스에 닿은 주자가 어떤 이유로든 원래 점유하고 있던 베이스로 되돌아가야 할 경우 다시 포스 상태에 놓이게 되며, 그가 도달하여야 할 베이스가 태그되면 주자는 아웃이다(이것은 포스 아웃이다). [원주1] 주자 1루, 타자의 볼카운트는 3볼. 다음 투구가 볼이 되었을 때 주자가 도루하다가 2루에 닿은 뒤 오버슬라이딩(또는 오버런)하였다. 이때 포수의 송구를 잡아 태그하면 주자는 아웃된다(포스 아웃이 아니다). [원주2] 오버슬라이딩이나 오버런은 2루 또는 3루에서 생기며, 1루에서는 이러한 상태는 발생하지 않는다.
[예] 무사나 1사에 주자 1·2루 또는 만루, 타구가 내야수에게 갔다. 내야수는 병살을 노렸으나 1루주자는 2루 송구보다 빨리 2루에 도달했고 타자주자는 1루에서 아웃되었다. 1루수는 2루를 오버런한 1루주자가 베이스에서 떨어져 있는 것을 보고 2루에 송구하여 그 주자를 아웃시켰으나 그 사이 다른 주자는 홈으로 들어갔다.
[문] 이것은 포스 플레이인가? 타자가 1루에서 아웃되었을 때 포스 상태가 해제되는가? 이 플레이 중 2루에서 주자가 제3아웃이 되기 전에 본루에 들어간 주자의 득점은 인정되는가? [답] 포스 플레이가 아니고 태그 플레이다. 득점은 유효하다.
[주] 이 항은 포스 아웃의 규정이고, 타자가 주자가 됨에 따라 베이스에 있던 주자에게 진루 의무가 발생하였을 때 야수가
① 그 주자가 다음 베이스에 닿기 전에 베이스를 태그하였을 경우
② 그 주자가 다음 베이스에 닿기 전에 주자를 태그하였을 경우"
RULE_COMMON_BR_5.09_p8,RULE,BASEBALL_RULES,2026_KBO야구규칙.pdf,2026,ARTICLE,5.00 경기의 진행,5.09,아웃,8,15,74,93,OFFICIAL,CONFIRMED,1c3cd8a26646b103,"[공식야구규칙 2026] 5.00 경기의 진행 > 5.09 아웃 (8/15)
③ 그 주자가 다음 베이스로 가려고도 하지 않고 원래의 베이스에 머무르고 있을 때 그 주자를 태그하였을 경우를 말한다.
특히 ③항의 경우 후위주자가 아웃되지 않는 한 이미 그 베이스에 대한 점유권을 잃었으므로 주자가 베이스에 닿아 있더라도 야수가 그 주자를 태그하면 아웃이 된다.
[예] 1루주자가 타자가 치자마자 마구 달려 일단 2루에 닿았으나 타구가 플라이 볼이 되어 잡히려는 것을 보고 1루로 되돌아가려고 했다. 그런데 야수는 플라이 볼을 떨어뜨렸다가 2루수에게 송구했고 2루수는 주자가 되돌아오기 전에 2루를 태그하였다. → 이 경우 처음 2루를 밟았던 것은 무효가 되어 포스 아웃으로 인정된다.
⑺ 주자가 페어지역에서 내야수(투수 포함)에 닿지 않았거나 내야수(투수 제외)를 통과하지 않은 페어 볼에 닿았을 경우이때 볼 데드가 되고 타자가 주자가 됨에 따라 진루가 허용된 주자 외에는 어느 주자도 득점하거나 진루할 수 없다. (5.06⒞
⑹, 6.01⒜⑿ 참조) 인필드 플라이가 선고된 타구가 베이스에서 떨어져 있는 주자에게 닿았을 때는 타자와 주자가 모두 아웃된다.
[예외] 인필드 플라이가 선고된 타구가 베이스에 닿아 있는 주자에게 닿았을 때는 그 주자는 아웃되지 않고 타자만 아웃된다.
[원주] 2명의 주자가 같은 페어 볼에 닿았을 때 최초에 닿은 한 명만 아웃된다. 이것은 타구가 주자에 닿는 순간 볼 데드가 되기 때문이다.
[주1] 타자가 친 페어 볼이 야수가 처리하기 전에 주자에게 닿았을 때 주자가 수비를 방해하려고 일부러 타구에 닿았거나 (병살을 방지하려고 일부러 타구를 방해하였을 경우는 제외) 주루하다가 불가피하게 닿았거나 상관없이 주자는 아웃된다. 또 타구가 일단 내야수에게 닿았더라도 이를 처리하려는 야수를 주자가 방해하였다면 5.09⒝⑶에 의해 아웃되는 경우도 있다.
[주2] ① 내야수를 통과하기 전에 베이스에 닿고 땅 위를 구르던 페어 볼에 페어지역에서 주자가 닿았을 경우 주자는 아웃되며 볼 데드가 된다."
RULE_COMMON_BR_5.09_p9,RULE,BASEBALL_RULES,2026_KBO야구규칙.pdf,2026,ARTICLE,5.00 경기의 진행,5.09,아웃,9,15,74,93,OFFICIAL,CONFIRMED,528a86a5f66704aa,"[공식야구규칙 2026] 5.00 경기의 진행 > 5.09 아웃 (9/15)
② 내야수를 통과한 직후 베이스에 닿고 땅 위를 구르던 페어 볼에 주자가 그 내야수 바로 뒤의 페어지역에서 닿았을 경우 이 타구에 대해 다른 내야수가 수비할 기회가 없었을 경우에 한하여 타구에 닿았다는 이유만으로 아웃되지는 않는다.
[주3] 일단 베이스에 닿고 땅 위를 구르던 페어 볼이 파울지역에서 주자에게 닿았을 경우 그 주자는 아웃이 되지 않고 볼 인 플레이다.
[주4] 이 항에서 말하는 베이스는 플라이 볼을 쳤을 때 투수가 투구할 당시 주자가 점유하고 있던 베이스를 말한다.
[주5] 인필드 플라이로 선고된 타구가 주자에게 닿았을 때는 그 주자가 베이스에 닿아 있거나 그렇지 않거나 상관없이 볼 데드가 된다.
[주6] 인필드 플라이로 선고된 타구 때 주자가 수비를 방해한 경우 그 주자도 수비방해로 함께 아웃된다. 단, 타구가 파울 볼일 때 타자는 다시 타격한다.
⑻ 무사 또는 1사에서 주자가 득점하려고 할 때 타자가 본루에서 벌어지고 있는 수비 측의 플레이를 방해하였을 경우 2사일 때는 수비방해로 타자가 아웃되며 득점은 기록되지 않는다. (6.03⒜⑶, 6.01⒜, 6.01⒜⑶ 참조)
[주1] 여기서 말하는 ‘본루에서 벌어지는 수비 측의 플레이’라는 것은 야수(포수 포함)가 득점하려는 3루주자를 태그하는 것, 그 주자를 쫓아가 태그하는 것 또는 그 주자를 아웃시키려고 다른 야수에게 송구하는 것을 말한다.
[주2] 이 규정은 무사 또는 1사에서 3루주자가 득점하려고 할 때 타자가 본루에서 야수의 플레이를 방해한 경우에 적용된다.
3루주자가 본루를 향해 출발만 했거나, 일단 본루로 향하였다가 도중에 되돌아간 경우에는 타자가 포수를 방해하더라도 이 항은 적용되지 않는다.
[예] 포수가 공을 잡아 주자를 태그하려는 플레이를 방해하거나, 투수가 투수판에서 정규로 발을 빼 주자를 아웃시키려고 송구한 공(투구가 아님)을 타자가 치거나 해서, 본루에서의 수비를 방해하였을 경우 방해행위를 한 타자를 아웃시키지 않고 수비 대상인 3루주자를 아웃시키는 규정이다.
[주3] 이 항은 본루에서 수비방해를 한 것이 타자일 경우에 한하여 적용되며, 타격을 완료하고 아직 아웃되지 않은 타자주자가 방해하였을 때는 적용되지 않는다.
[예] 스퀴즈 번트를 한 타자가 번트한 타구에 닿거나 타구를 처리하는 야수의 수비를 방해함으로써 3루주자가 본루에서 아웃당하지 않게 하였을 경우 타자는 이미 타자주자가 되어 있으므로 5.09⒜⑺, 5.09⒝⑶에 따라 아웃되고 볼 데드가 되며 3루주자는 투구 당시 점유하고 있던 3루로 돌려보낸다. 타자가 제3스트라이크를 선고받았을 뿐 아직 아웃되지 않았을 때, 그리고 4구를 선고받았을 때의 방해에 대해서는 6.01⒜⑴에 명시되어 있다."
RULE_COMMON_BR_5.09_p10,RULE,BASEBALL_RULES,2026_KBO야구규칙.pdf,2026,ARTICLE,5.00 경기의 진행,5.09,아웃,10,15,74,93,OFFICIAL,CONFIRMED,9cc4a6ea1692b7e3,"[공식야구규칙 2026] 5.00 경기의 진행 > 5.09 아웃 (10/15)
⑼ 후위주자가 아웃되지 않은 선행주자를 앞질렀을 경우 (후위주자가 아웃된다) 단, 주루 도중 발생한 주자끼리의 신체적 접촉이나 도움만으로는 아웃을 선고하지 않는다.
[주1] 볼 인 플레이 중에 발생한 일(악송구, 홈런 또는 펜스 밖으로 나간 페어 히트)로 주자에게 안전진루권이 주어졌을 경우에도 이 항은 적용된다.
[주2] 이 규칙은 주자의 위치가 뒤바뀌었을 때 후위주자를 아웃시킨다는 데에 의미가 있다. 예를 들어 ‘갑’이라는 2루주자, ‘을’이라는 1루주자가 있다고 할 때 을이 갑을 추월하였을 때는 물론, 역주할 필요가 있을 때 갑이 을을 추월하더라도 항상 후위의 을이 아웃되는 것을 규정하고 있다.
[예] 1사 주자 2·3루. 3루(선행주자)주자가 3루와 홈 사이에서 런다운에 걸린다. 선행주자가 태그 아웃될 것이라 믿은 2루(후위주자)주자는 3루를 향해 뛴다. 이때 태그되지 않은 채 3루로 돌아가던 선행주자가 3루를 지나쳐 좌익수 방향까지 나아갔고, 후위주자는 이러한 선행주자의 행동으로 선행주자를 앞지르게 되었다. 결과적으로 후위주자는 아웃되고 3루는 비게 된다. 선행주자가 베이스 포기로 아웃이 선언된 경우를 제외하고, 선행주자는 아웃되기 전 다시 베이스를 터치하면 3루를 점유할 수 있다. (5.06⒜ 참조)
⑽ 주자가 정규로 베이스를 점유한 뒤 수비를 혼란시키려고 하거나 경기를 희롱할 목적으로 역주하였을 경우 이때 심판원은 즉시 “타임”을 선언하고 그 주자에게 아웃을 선고하여야 한다.
[원주] 주자가 앞의 베이스에 닿은 뒤 플라이 볼이 잡힌 것으로 착각하거나 야수들의 제스처에 유인당하여 원래의 베이스로 되돌아가려다가 태그당하면 아웃이 된다. 그러나 원래의 베이스로 되돌아왔을 때는 그 베이스에 닿아 있는 한 태그당하더라도 아웃되지 않는다.
[주] 예를 들어 1루 쪽으로 땅볼을 친 타자가 1루수에게 태그를 당하지 않으려고 주로를 벗어나 달리지 않는 한 본루까지 역주하는 것은 관계없다. 그러나 본루를 넘으면 규칙 위반이 된다.
⑾ 주자가 1루를 오버런 또는 오버슬라이딩한 뒤 곧바로 1루로 귀루하지 않았을 경우 이때 주자가 덕아웃이나 자기의 수비위치로 가려고 하였을 경우 야수가 주자 또는 베이스에 태그하고 어필하면 아웃이 된다.
그리고 또 주자가 2루로 진루하려는 행위를 하였을 때 태그당하면 아웃이 된다.
[원주] 2사 후 1루를 오버런하여 심판원으로부터 세이프의 선고를 받은 타자주자는 5.08⒜를 적용할 때 ‘1루에 도달한 것’이 되며, 곧바로 1루에 귀루하지 않았기 때문에 제3아웃이 되더라도 이 플레이 중에 일어난 득점은 인정된다."
RULE_COMMON_BR_5.09_p11,RULE,BASEBALL_RULES,2026_KBO야구규칙.pdf,2026,ARTICLE,5.00 경기의 진행,5.09,아웃,11,15,74,93,OFFICIAL,CONFIRMED,ab2559a5104e307b,"[공식야구규칙 2026] 5.00 경기의 진행 > 5.09 아웃 (11/15)
⑿ 주자가 본루로 뛰어들거나 슬라이딩하였으나 본루에 닿지도 않았고 다시 닿으려는 시도도 하지 않았을 때 야수가 공을 갖고 본루에 닿은 채 심판원에게 어필하였을 경우 (5.09⒞⑷ 참조)
[원주] 이 항은 본루를 밟지 않은 주자가 벤치 쪽으로 향하고 있기 때문에 포수가 주자를 뒤따라가야 할 때에만 적용한다. 본루에 닿지 못한 주자가 태그되기 전에 본루에 닿으려고 노력할 때와 같은 보통의 플레이에서는 적용되지 않는다. 이 경우 주자는 태그하지 않으면 아웃되지 않는다.
⒞어필 플레이 다음의 경우 어필이 있으면 주자는 아웃이 된다.
⑴ 플라이 볼이 잡힌 뒤 주자가 본래의 베이스를 리터치하기 전에 몸 또는 그 베이스를 태그당하였을 경우 (5.09⒝⑸ 참조)
[원주] 이 규칙에서 말하는 ‘리터치’는 다음 베이스로 가기 위해서는 반드시 베이스에 닿아 있는 상태에서 출발하여야 한다는 것을 뜻한다. 따라서 베이스 뒤에서 출발하여 뛰면서 베이스를 밟고 지나가는 것은 정규의 리터치 방법이 아니다.
⑵ 볼 인 플레이 때 주자가 진루 또는 역주하면서 순서대로 각 베이스에 닿지 못하고 몸 또는 밟지 않은 베이스를 태그당하였을 경우 (5.06⒝⑴ 참조)
[부기] 베이스를 밟지 않은 주자는,
① 후위주자가 본루에 도달하고 나면 선행주자는 미스한 베이스를 다시 밟는 것이 허용되지 않는다.
② 볼 데드 상태에서는 한 베이스를 공과하고 다음 베이스에 도달하고 나면 미스한 베이스를 다시 밟는 것이 허용되지 않는다.
[원주] [예] 타자가 경기장 밖으로 홈런을 치거나 관중석에 들어가는 2루타를 치고 1루를 밟지 않았다(볼 데드). 타자주자는 2루에 닿기 전이라면 잘못을 바로잡기 위하여 1루로 되돌아 갈 수 있다. 그러나 2루에 닿고 나면 1루로 되돌아 갈 수 없다. 수비 측의 어필이 있으면 1루에서 아웃이 선고된다.
[원주] [예] 타자가 유격수 땅볼을 치자 유격수는 스탠드로 들어가는 악송구를 저질렀다(볼 데드). 타자주자는 1루를 밟지 않았으나 악송구 때문에 2루가 주어졌다. 타자주자는 2루까지 안전진루권을 얻었더라도 2루에 가기 전에 반드시 1루를 밟아야 한다. 이는 다 같이 어필 플레이이다.
[주1] 이 항 [부기]①은 볼 인 플레이거나 볼 데드에 관계없이 적용된다.
[주2] 이 항 [부기]의 경우 베이스를 밟지 않은 주자는 어필이 없으면 아웃되지 않는다.
[주3] 본루를 밟지 않은 주자는 볼 데드 때 투수가 새 공이나 원래의 공을 갖고 정규로 투수판에 위치하면 본루를 다시 밟는 것이 허용되지 않는다.
⑶ 주자가 1루를 오버런 또는 오버슬라이딩한 뒤 곧바로 되돌아오지 않아 몸 또는 베이스를 태그당하였을 경우 (5.09⒝⑾ 참조)"
RULE_COMMON_BR_5.09_p12,RULE,BASEBALL_RULES,2026_KBO야구규칙.pdf,2026,ARTICLE,5.00 경기의 진행,5.09,아웃,12,15,74,93,OFFICIAL,CONFIRMED,cf2fb40b3046e24b,"[공식야구규칙 2026] 5.00 경기의 진행 > 5.09 아웃 (12/15)
⑷ 주자가 본루에 닿지 않았고 닿으려는 노력도 하지 않아 본루를 태그당하였을 경우 (5.09⒝⑿ 참조) 이 규칙과 관련된 어필은 투수가 다음 투구를 하기 전 또는 다른 플레이를 하거나 플레이를 시도하기 전에 하여야 한다. 단, 이닝의 초 또는 말이 끝났을 때는 수비 측 선수들이 그라운드를 떠나기 전에 어필하여야 한다.
어필하는 행위는 소멸의 기준이 되는 플레이 또는 플레이를 시도한 것으로 보아서는 안 된다.
같은 베이스에서 한 주자에 대해 연속으로 어필할 수 없다. 수비팀이 첫 번째 어필을 잘못했다면 같은 베이스에서 같은 주자에 대해 두 번째로 어필하는 것은 허용되지 않는다(‘어필을 잘못했다’는 것은 수비팀이 어필하려고 던진 공이 볼 데드가 되는 곳으로 들어간 것을 말한다. 예를 들어 투수가 어필하기 위해 베이스에 송구한 것이 관중석으로 들어갔을 경우에는 두 번째 어필은 허용하지 않는다). 어필 플레이는 명백한 ‘제4아웃’이 있음을 심판원으로부터 인정받을 수 있다. 제3아웃이 성립된 플레이에 다른 주자와 결부된 어필 플레이가 있어서 심판원으로부터 인정을 받았을 경우 그 판정은 제3아웃을 결정하는 데 우선권을 갖는다. 어필 플레이로 제3아웃이 성립된 후라도 수비 측은 그보다 유리한 어필 플레이가 있으면 그쪽을 택해 먼저의 제3아웃과 바꿀 수 있다.
여기서 말하는 ‘수비팀이 그라운드를 떠날 때’라는 것은 벤치 또는 클럽하우스로 가기 위해 투수와 모든 내야수가 페어지역을 벗어난 때를 가리킨다.
[원주] 거의 동시에 2명의 주자가 본루로 쇄도했는데, 첫 번째 주자는 본루를 공과하고 두 번째 주자는 정규로 닿았다. 2사 후인 경우 첫 번째 주자가 본루에 다시 닿으려다가 태그되거나 어필에 의하여 아웃이 선고되면 두 번째 주자가 득점하기 전에 당한 제3아웃이 된다. 따라서 두 번째 주자의 득점은 5.09⒟에 의해 인정되지 않는다. 어필하려다 투수가 보크를 하면 그 행위는 어필 소멸의 기준이 되는 플레이로 간주된다. 어필은 심판원이 어필로 인식할 수 있도록 확실하게 말 또는 행동으로 표현하여야 한다. 선수가 공을 손에 쥐고 베이스에 맥없이 서 있는 것만으로는 어필이 성립되지 않는다.
어필이 벌어지고 있을 때는 볼 데드가 아니다.
[주1] 한 베이스를 2명 이상의 주자가 지나갔을 때 베이스를 밟지 않은 것을 발견하고 어필하려면 어느 주자에 대한 어필인지를 명시해야 한다.
[예] 갑, 을, 병 세 주자가 3루를 통과하고 을이 3루를 밟지 않았을 때는 을에 대한 어필이라는 것을 명시해야 한다. 만약 갑으로 잘못 알고 어필하여 심판원으로부터 인정받지 못하였을 경우에는 그 베이스를 통과한 주자의 수만큼 어필을 반복할 수 있다.
[주2] 어필권이 소멸되는 기준은 투수의 플레이 뿐 아니라 야수의 플레이도 포함된다."
RULE_COMMON_BR_5.09_p13,RULE,BASEBALL_RULES,2026_KBO야구규칙.pdf,2026,ARTICLE,5.00 경기의 진행,5.09,아웃,13,15,74,93,OFFICIAL,CONFIRMED,dea4d7af2fbc5549,"[공식야구규칙 2026] 5.00 경기의 진행 > 5.09 아웃 (13/15)
[예] 타자가 원 바운드로 외야석으로 들어가는 안타를 때려 2루에 갔으나 도중에 1루를 공과하였다. 플레이가 재개된 후 투수가 어필하기 위하여 1루로 던진 것이 악송구가 되었다. 이때 경기장 안에서 구르고 있는 공을 주워 1루에서 어필할 수 있으나 2루주자가 그 악송구를 틈타 3루로 뛰는 것을 보고 3루로 송구하고 나면 1루에서의 어필권은 소멸된다.
[문] 1사 1·3루, 타자가 외야에 큰 플라이 볼을 쳐서 두 주자가 함께 진루하기 시작하였으나 외야수는 이 플라이 볼을 잘 잡았다. 베이스 근처에 있던 3루주자는 베이스로 되돌아와 포구 후 본루를 밟았다. 1루주자는 2루를 돌아 3루 근처까지 갔다가 1루에 돌아가려고 역주하기 시작하였다. 외야수는 2루로 송구했고, 2루수는 1루주자가 2루에 도달하기 전에 2루를 태그하고 어필하였다. 더블 플레이인가? [답] 더블 플레이가 아니다. 그 주자가 1루로 돌아가려면 2루를 통과할 필요가 있다고 해서 2루에 태그하더라도 아웃은 아니다. 그 주자를 태그하거나 진루의 기점이 되는 1루를 태그하지 않으면 아웃이 되지 않는다.
[문] 1사 1루, 타자가 외야에 큰 플라이 볼을 치자 주자는 2루를 돌아 3루 근처까지 갔다가 플라이 볼이 잡히는 것을 보고 2루에 닿지 않고 1루로 가려고 하였다. 어떤 방법으로 어필하면 주자를 아웃시킬 수 있는가? [답] 주자를 태그하거나 2루 또는 1루를 태그하고 어필하면 된다.
[문] 2사 2루, 타자가 3루타를 쳐서 주자를 득점시켰으나 타자는 1루도 2루도 밟지 않았다. 수비 측이 2루를 태그하고 어필하여 아웃이 선고되었다면 득점이 되는가? [답] 득점은 인정된다. 그러나 수비 측이 처음부터 1루에서 어필하였더라면 득점은 인정되지 않는다. 또 2루에서 1루로 송구하여 다시 어필하면 1루에서의 어필 아웃을 앞의 제3아웃과 바꿀 수 있으므로 득점은 인정되지 않는다.
[문] 1사 1·2루, 타자가 우측에 큰 플라이 볼을 쳤을 때 안타가 되리라고 생각한 두 주자는 전력으로 뛰었고 우익수가 포구하였음에도 불구하고 2루주자는 그대로 본루를 밟았다. 그러나 1루주자는 포구된 것을 보고 1루로 되돌아가려고 했으나 1루에서 어필로 아웃되었다. 2루주자는 그 아웃보다 먼저 본루를 밟았는데 그 득점은 인정되는가? [답] 수비 측이 2루에서 어필하지 않는 한 2루주자의 득점은 인정된다. 그러나 수비 측은 어필에 의한 제3아웃이 성립된 후라도 이보다 유리한 어필 아웃을 앞의 제3아웃과 바꿀 수 있으므로 2루에서 어필하면 리터치하지 않은 2루주자는 아웃되고 득점은 인정되지 않는다.
보칙"
RULE_COMMON_BR_5.09_p14,RULE,BASEBALL_RULES,2026_KBO야구규칙.pdf,2026,ARTICLE,5.00 경기의 진행,5.09,아웃,14,15,74,93,OFFICIAL,CONFIRMED,3cd0408f08af472a,"[공식야구규칙 2026] 5.00 경기의 진행 > 5.09 아웃 (14/15)
⒟선행주자가 베이스에 닿지 못했을 때 무사 또는 1사 때 선행주자가 어느 베이스를 밟지 못하거나 리터치하지 못하더라도 정규로 진루한 후위주자는 영향을 받지 않는다.
단, 선행주자가 어필에 의해 제3아웃이 되었을 경우 후위주자의 득점은 인정되지 않는다. 또 그 제3아웃이 포스 플레이인 경우에는 다른 모든 주자의 득점도 인정되지 않는다.
⒠공수교대 공격팀은 3명의 선수가 정규로 아웃되면 수비를 맡고, 상대팀이 공격을 한다.
보칙 : 볼 데드일 때 주자의 귀루에 관한 조치 볼 데드가 되어 각 주자가 귀루할 경우 볼 데드가 된 원인에 따라 돌아가야 할 베이스의 기준이 각각 다르기 때문에 그 기준을 모았다.
투수가 투구할 당시에 점유하고 있던 베이스로 돌아가는 경우
⒜ 파울 볼이 포구되지 않았을 경우 (5.06⒞⑸)
⒝ 타자가 반칙타격을 하였을 경우 (6.03⒜⑴)
⒞ 투구가 정규로 위치하고 있는 타자의 몸 또는 옷에 닿았을 경우 (5.06⒞
⑴, 5.09⒜⑹)
⒟ 무사 또는 1사에 주자 1루, 1·2루, 1·3루 또는 1·2·3루 때 내야수가 페어의 플라이 볼 또는 라인 드라이브를 고의로 떨어뜨렸을 경우 (5.09⒜⑿)
⒠ 타구를 수비하려고 하는 야수를 방해하였을 경우
⑴ 페어 볼이 내야수(투수 포함)에 닿기 전에 타자주자에게 닿았을 경우 (5.09⒜⑺)
⑵ 페어 볼이 내야수(투수 포함)에게 닿기 전 또는 내야수(투수 제외)를 통과하기 전에 페어지역에서 주자 또는 심판원에게 닿았을 경우 (5.06
⒞⑹, 5.05⒝⑷, 5.09⒝⑺, 6.01⒜⑿)
⑶ 타자가 치거나 번트한 페어타구가 페어지역 안에서 배트에 다시 맞았을 경우 (5.09⒜⑼, 6.01⒜⑴)
⑷ 타자 또는 주자가 타구를 처리하고 있는 야수의 수비를 방해하였을 보칙 경우 (5.09⒝⑶, 6.01⒜⑹,⑺,⑽,⑾)
⑸ 타자 또는 주자가 아직 파울로 결정되지 않은 채 파울지역을 구르고 있는 타구의 진로를 어떤 방법으로든 고의로 바꾸었을 경우 (5.09⒜
⑽, 6.01⒜⑵)
⑹ 공격 측 선수 또는 코치가 점유하고 있는 자리를 양보하지 않아 타구를 처리하려는 야수를 방해한 수비방해의 경우 (6.01⒝) 방해가 발생한 순간 점유하고 있던 베이스로 되돌려 보내는 경우"
RULE_COMMON_BR_5.09_p15,RULE,BASEBALL_RULES,2026_KBO야구규칙.pdf,2026,ARTICLE,5.00 경기의 진행,5.09,아웃,15,15,74,93,OFFICIAL,CONFIRMED,61bd91981b933952,"[공식야구규칙 2026] 5.00 경기의 진행 > 5.09 아웃 (15/15)
⒜ 투수의 타자에 대한 투구부터 시작한 수비를 방해하였을 경우
⑴ 주심이 포수의 송구동작을 방해하였을 경우 (5.06⒞⑵)
⑵ 타자가 포수의 송구동작을 방해하였을 경우 (6.03⒜⑶)
⑶ 무사 또는 1사에서 주자가 득점하려고 할 때 타자가 본루에서의 수비 측의 플레이를 방해하였을 경우 (5.09⒝⑻, 6.01⒜⑶)
⑷ 제3스트라이크의 선고를 받고 아직 아웃되지 않은 타자주자 또는 4구를 선고받은 타자주자가 포수의 수비를 방해하였을 경우 (6.01⒜⑴)
⑸ 타자가 워낙 힘차게 배트를 휘두르다가 그 여세로 배트가 포수에게 닿았거나, 아무런 고의성 없이 백스윙하던 배트가 아직 확실하게 포구되지 않은 투구나 포수에 닿았기 때문에 포수가 공을 잡지 못하였다고 심판원이 판단하였을 경우 (6.03⒜⑷[원주])
⒝ 포수 또는 다른 야수가 타자의 타격을 방해하였을 경우 (5.05⒝⑶, 6.01
⒢)
⒞ 주자가 고의로 송구를 방해하였을 경우 (5.09⒝⑶)
⒟ 공격 측 선수 또는 코치가 필요에 따라 자기가 점유하고 있는 장소를 양보하지 않고 송구를 처리하려고 하는 야수를 방해함으로써 수비방해로 아웃을 선고당하였을 경우 (6.01⒝)
⒠ 내야수가 수비할 기회를 잃은 타구(내야수에 닿든 안 닿든 상관없음)를 주자가 고의로 걷어찼다고 심판원이 인정하였을 경우 (6.01⒜⑿)-공을 찼을 때를 기준으로 한다.
⒡ 아웃을 선고당한 타자 또는 주자가 야수의 다음 행위를 방해하였을 경우 (6.01⒜⑸)-다음 행위로 옮기려 할 때를 기준으로 한다.
⒢ 공격 측 선수들이 주자가 도달하려는 베이스 근처에 몰려들어 수비 측을 방해하거나 혼란시키거나 수비를 어렵게 만들었을 경우 (6.01⒜⑷)-수비동작을 일으켰을 때를 기준으로 한다.
⒣ [아마추어 야구] 타자주자가 본루부터 1루로 달릴 때 1루 송구를 받으려는 야수의 동작을 방해하였을 경우 (5.09⒜⑻, 6.01⒜⑽) 주자 3루 때 코치가 코치석을 떠나 어떤 동작으로든 야수의 송구를 유도하였을 경우 또는 코치가 의식적으로 송구를 방해하였을 경우 (6.01⒡, 6.01⒜⑼) 그 송구를 하였을 때 점유하고 있던 베이스로 귀루시킨다."
RULE_COMMON_BR_5.10_p1,RULE,BASEBALL_RULES,2026_KBO야구규칙.pdf,2026,ARTICLE,5.00 경기의 진행,5.10,선수교체 및 마운드 방문,1,7,93,99,OFFICIAL,CONFIRMED,8271b02db6f32ab6,"[공식야구규칙 2026] 5.00 경기의 진행 > 5.10 선수교체 및 마운드 방문 (1/7)
⒜선수의 교체는 볼 데드일 때 언제든지 할 수 있다. 교체하여 출전한 선수는 그 팀의 타격순서(타순)에 따라 물러난 선수의 타순을 이어받는다. 한 번 경기에서 물러난 선수는 그 경기에 또 다시 출전할 수 없으나, 선수 겸 감독은 선수로서 교체되어 경기에서 물러나더라도 자기 의사에 따라 감독으로서 팀을 계속 지휘할 수 있다.
⒝감독은 선수의 교체가 있을 때 이 사실을 곧바로 주심에게 통고하고 교체선수의 이름과 타순표의 순서 및 수비위치를 명시하여야 한다.
수비팀의 선수가 2명 이상 동시에 교체 출전하였을 때는 교체선수가 수비위치에 도달하기 전에 감독은 곧바로 선수의 타순을 주심에게 통고하고, 주심은 이를 공식기록원에게 통고해야 한다. 이 통고가 없을 때에는 주심은 교체 출전한 선수들의 타순을 지정할 권한을 갖는다.
[주] 더블 스위치가 이루어지면 감독이나 코치는 먼저 주심에게 통보해야 한다. 감독이 새로운 투수를 요청하기 전에 (감독 또는 코치가 파울 라인을 가로지르기 전에 더블 스위치를 발표했는지 여부와 관계없이) 주심은 더블 스위치 유무 및 교체된 타격순서를 통보 받아야 한다. 불펜에 신호를 보내거나 불펜으로 이동하는 것은 마운드 위 투수의 공식 교체로 간주된다. 감독이 마운드에 가서 새로운 투수를 요구한 다음, 타격순서를 교환할 의도로 다중 교체 유무를 심판원에게 알리는 것은 허용되지 않는다.
[원주] 경기장에서 물러난 선수는 벤치에서 그 팀과 같이 있을 수 있으며 투수의 워밍업 상대가 될 수도 있다. 선수 겸 감독이 교체되어 물러났을 경우 벤치 또는 코치석에서 지휘를 계속할 수 있다.
심판원은 경기에서 물러나 벤치에 남게 된 선수가 상대팀의 선수, 감독 또는 심판원에게 야유하는 것을 허용해서는 안 된다.
⒞선수교체를 통고받은 주심은 즉시 그 사실을 스스로 발표하거나 발표시켜야 한다.
⒟한 이닝에서 투수는 한 번만 다른 수비위치로 갈 수 있다. 예를 들면 투수가 한 번 다른 수비위치로 가면 그 이닝에서는 투수 외에 다른 수비위치로 가는 것은 허용되지 않는다. 투수 외에 부상으로 물러난 야수를 대신하여 출전한 선수는 5구 안에서 워밍업을 위한 송구를 허용한다. (5.07⒝ 참조)
[원주] 교체 출전한 선수가 출장하면서 발생한 모든 플레이는 인정된다. 한 번 경기에서 물러난 선수가 교체 사실을 인지한 상태에서 재차 출장한 것으로 판단되는 경우 심판원은 감독에게 퇴장 명령을 내릴 수 있다.
[주] KBO에서는 당일 경기에 출장할 수 없는 선수가 출장했을 경우에도 5.10(d)[원주]의 내용을 적용한다."
RULE_COMMON_BR_5.10_p2,RULE,BASEBALL_RULES,2026_KBO야구규칙.pdf,2026,ARTICLE,5.00 경기의 진행,5.10,선수교체 및 마운드 방문,2,7,93,99,OFFICIAL,CONFIRMED,3901eca02445e3c4,"[공식야구규칙 2026] 5.00 경기의 진행 > 5.10 선수교체 및 마운드 방문 (2/7)
⒠타순표에 올라 있는 선수는 다른 선수의 대주자가 될 수 없다.
[원주] 이 규칙은 이른바 커티시 러너(courtesy runner : 상대 측의 양해로 허용된 대주자)의 금지를 뜻하는 것이다. 경기에 출전한 선수는 다른 선수를 위하여 커티시 러너가 될 수 없고 일단 경기에서 물러난 선수도 같다. 타순표에 올라 있지 않은 선수라도 한 번 주자로 출전하였으면 교체 출전선수로 본다.
⒡4.03⒜ 및 ⒝에 따라 주심에게 건네준 타순표에 기재되어 있는 투수는 상대팀의 첫 타자 또는 그 대타자가 아웃되거나 1루에 나갈 때까지 투구할 의무가 있다. 단, 그 투수가 부상 또는 질병으로 투구가 불가능하게 되었다고 주심이 인정하였을 때는 교체할 수 있다."
RULE_COMMON_BR_5.10_p3,RULE,BASEBALL_RULES,2026_KBO야구규칙.pdf,2026,ARTICLE,5.00 경기의 진행,5.10,선수교체 및 마운드 방문,3,7,93,99,OFFICIAL,CONFIRMED,f9c8a3345bca8d3e,"[공식야구규칙 2026] 5.00 경기의 진행 > 5.10 선수교체 및 마운드 방문 (3/7)
⒢어느 투수를 대신하여 구원에 나선 투수는 그때의 타자 또는 대타자가 아웃되거나 1루에 나가거나 공수교대가 될 때까지 투구할 의무가 있다. 단, KBO(퓨처스리그에만 적용)에서는 선발투수와 구원투수는 그때의 타자 또는 대타자를 포함하여 최소 세 명의 연속된 타자에게 투구해야 하며, 세 타자가 아웃되거나 1루에 나가거나 공수교대가 될 때까지 투구할 의무가 있다. 다만, 그 투수가 부상 또는 질병 때문에 더 이상 투구가 불가능하게 되었다고 주심이 인정한 경우, 우천 등 경기 중단 후 재개로 부상 발생의 위험이 있다고 심판진이 인정하였을 때는 교체할 수 있다.
[주] KBO에서 연속된 세 명의 타자 중 하나로 인정을 받으려면 타자는 자신의 타석을 완료해야 하며, 타자가 아웃되거나 주자가 되어야만 타석이 완료된다.
만약 구원에 나선 투수가 연속 세 명의 타자를 상대하기 전에 이닝이 종료된다면, 투수는 이닝 교대 중 교체될 수 있다.
그러나 그 투수가 다음 이닝에도 다시 등판하면, 최소 세 명의 연속된 타자 요건을 충족하기 위해 필요한 만큼의 타자에게 투구를 완료해야 한다.
이 요건에는 그 전 이닝에 그 투수와 함께 타석을 마친 타자도 포함된다(즉, 1회에 0타석을 마친 경우 2회에 3타석을 완료해야 하며, 1회에 1타석을 마친 경우 2회에 2타석을 완료해야 한다. 1회에 2타석을 마친 경우 2회에 1타석을 완료해야 한다). 견제구로 주자를 아웃시킨 경우는 타자수에 포함하지 않는다. 다만, 견제구에 의한 주자 아웃으로 이닝을 마친 경우 투수를 교체할 수 있다.
여러 가지 경우의 상황에서 이 항은 다음과 같이 적용한다.
① 5.10(i)에 따른 이닝의 첫 타자에 대한 투구 완료에도 불구하고 이 항의 세 타자 요건을 충족하지 않았다면 투수를 교체할 수 없다.
② 세 타자 요건을 충족하지 못한 상황에서 감독이나 코치가 2회를 초과하여 투수 마운드에 올라갈 경우 즉시 투수를 교체해야 하는 규정에도 불구하고, 투수는 세 타자 요건을 충족할 때까지(또는 그에 앞서 이닝이 종료된 경우는 이닝 종료 시까지)는 투구해야 하며, 이후 즉시 투수를 교체해야 한다.
③ 투수가 세 타자 요건을 충족하지 못한 채 경기가 7.02(c)에 따른 일시정지를 맞았을 경우 그 투수가 속행경기에 출전하였을 때는 이 항에 따른 세 타자 요건을 충족하여야 교체할 수 있다.
④ 투수가 퇴장 조치된 경우는 이 항을 적용하지 않는다."
RULE_COMMON_BR_5.10_p4,RULE,BASEBALL_RULES,2026_KBO야구규칙.pdf,2026,ARTICLE,5.00 경기의 진행,5.10,선수교체 및 마운드 방문,4,7,93,99,OFFICIAL,CONFIRMED,2f73833d13db8050,"[공식야구규칙 2026] 5.00 경기의 진행 > 5.10 선수교체 및 마운드 방문 (4/7)
⒣규칙에 의해 교체가 허용되지 않는 투수가 출전하였을 때 심판원은 이 규칙에 합당한 준비가 이루어질 때까지 정규투수에게 다시 등판하도록 명하여야 한다. 만약 잘못으로 출전한 투수가 지적당하지 않은 가운데 타자에게 1구를 던지거나 또는 베이스에 있는 주자가 아웃되었을 경우 그 투수는 정당화되며 다음의 플레이는 모두 유효하게 된다.
[원주] 감독이 5.10⒣를 위반하여 투수를 물러나게 하려고 할 때는 심판원은 그 감독에게 불가능하다는 것을 알려야 한다. 우연히 주심이 실수하여 규칙에 허용되지 않은 투수의 출전을 발표하였을 경우도 그 투수가 투구하기 전이라면 정당한 상태로 바로잡아야 한다. 만일 잘못 출전한 투수가 이미 1구를 던졌다면 그 투수는 정규의 투수가 된다.
⒤이미 경기에 출장하고 있는 투수가 이닝의 처음에 파울 라인을 넘어서면 그 투수는 첫 번째 타자가 아웃이 되거나 1루에 나갈 때까지 투구해야 한다. 단, 그 타자의 대타가 나온 경우 또는 그 투수가 부상 혹은 부상에 의해 투구가 불가능하다고 심판진이 인정할 경우, 우천 등 경기 중단 후 재개로 부상 발생의 위험이 있다고 심판진이 인정할 경우는 제외한다.
투수가 주자로 루상에 있거나 타자로 타석에 등장하여 이닝이 종료되고 덕아웃으로 들어가지 않았을 경우에는 곧바로 준비투구를 던지기 위해 마운드로 갈 경우 마운드를 밟기 전까지는 투수교체가 가능하다.
⒥교체 발표가 없었던 선수의 취급 선수교체 사실이 발표되지 않았더라도 다음과 같은 경우 교체선수가 경기에 출전한 것으로 본다.
⑴ 투수라면 투수판 위에 섰을 때
⑵ 타자라면 타자석에 섰을 때
⑶ 야수라면 물러난 야수의 통상 수비위치까지 나간 후 경기가 재개되었을 때
⑷ 주자라면 물러난 주자가 있던 베이스에 섰을 때 교체가 발표되지 않은 선수가 하나의 플레이를 펼치거나 그 선수에 대하여 플레이가 이루어지면 모두 정규의 것으로 된다."
RULE_COMMON_BR_5.10_p5,RULE,BASEBALL_RULES,2026_KBO야구규칙.pdf,2026,ARTICLE,5.00 경기의 진행,5.10,선수교체 및 마운드 방문,5,7,93,99,OFFICIAL,CONFIRMED,193327a24be7dfa9,"[공식야구규칙 2026] 5.00 경기의 진행 > 5.10 선수교체 및 마운드 방문 (5/7)
⒦양 팀 선수 및 교체선수는 실제로 경기에 참여하거나 경기에 나갈 준비를 하고 있거나, 1루 또는 3루 베이스 코치로 나가 있을 때를 제외하고는 자기 팀 벤치에 들어가 있어야 한다. 경기 중에는 선수, 교체선수, 감독, 코치, 트레이너, 배트 보이 외에는 어떠한 사람도 벤치에 들어가는 것이 허용되지 않는다.
[벌칙] 이 조항을 위반하였을 때는 심판원은 경고한 뒤 위반자를 경기장 밖으로 내보낼 수 있다.
[원주] 현역선수등록에서 빠진 선수가 경기 전의 연습에 참가하거나 벤치에 앉는 것은 허용된다. 그러나 경기 중에는 투수의 워밍업을 돕거나 상대팀을 야유하는 등 어떤 행동도 금지된다. 현역선수등록에서 제외된 선수는 경기 중 언제 어떤 목적으로든 그라운드에 나오는 것이 금지된다.
[주1] 대기타석(on-deck circle)에는 다음 타자 또는 그 대타자 외에는 들어갈 수 없다.
[주2] KBO는 벤치 또는 덕아웃에 들어갈 수 있는 사람을 리그 규정으로 정하고, 아마추어 야구는 협회, 연맹 및 리그 규정으로 정하고 있다."
RULE_COMMON_BR_5.10_p6,RULE,BASEBALL_RULES,2026_KBO야구규칙.pdf,2026,ARTICLE,5.00 경기의 진행,5.10,선수교체 및 마운드 방문,6,7,93,99,OFFICIAL,CONFIRMED,e0cdd9c2ebc77add,"[공식야구규칙 2026] 5.00 경기의 진행 > 5.10 선수교체 및 마운드 방문 (6/7)
⒧마운드 방문 KBO는 감독이나 코치가 투수에게 가는 것에 관하여 다음과 같은 규칙을 적용한다.
⑴ 이 조항은 감독이나 코치가 한 회에 동일 투수에게 갈 수 있는 횟수를 제한하는 규칙이다.
⑵ 감독이나 코치가 한 회에 동일 투수에게 두 번째 가게 되면 그 투수는 자동적으로 경기에서 물러나야 한다.
⑶ 감독이나 코치는 동일 타자가 타석에 있을 때 또 다시 그 투수에게 갈 수 없다. 그러나
⑷ 공격 측이 그 타자의 대타자를 내었을 경우 감독이나 코치는 다시 그 투수에게 가도 좋으나 그 투수는 경기에서 물러나야만 한다. 감독이나 코치가 투수에게 갔다가 투수판을 중심으로 18피트(5.486m)의 둥근 장소를 떠나면 한 번 간 것이 된다.
[원주] 감독이나 코치가 포수 또는 내야수에게 간 다음 포수나 야수가 그대로 투수에게 가거나 투수가 수비위치에 있는 야수에게 갔을 때는 감독이나 코치가 마운드에 간 것으로 간주한다. 단, 1구가 던져진 뒤이거나 다른 플레이가 벌어진 다음에는 상관없다. 감독이나 코치가 포수 또는 내야수에게 간 다음 그 야수가 투수와 상의하기 위하여 마운드에 가서 이 규칙 적용을 모면하거나 회피하려는 어떤 시도도 모두 마운드에 간 것이 된다. 코치가 마운드에 가서 투수를 물러나게 하고 감독이 새로운 투수에게 지시를 하기 위하여 마운드에 갔을 때는 그 이닝에서 새로운 투수에게 한 번 간 것이 된다.
감독이나 코치가 심판에게 더블 스위치 또는 선수교체를 알리기 위해 투수판을 중심으로 18피트(5.486m)의 둥근 장소를 일시적으로 떠날 경우 이는 마운드 방문으로 간주되지 않는다.
감독이 이미 한 번 마운드에 갔으므로 같은 이닝, 같은 투수, 같은 타자일 때 또 다시 갈 수 없다는 심판원의 경고에도 불구하고 감독이 두 번째로 갔다면 그 감독은 퇴장되며, 투수는 그 타자가 아웃되거나 주자가 될 때까지 투구한 후 물러나야 한다.
그 투수는 한 타자에게 투구를 마친 후 물러나야 하므로 심판원은 구원투수의 워밍업을 명하도록 감독에게 통고하여야 한다. 심판원은 상황에 따른 판단으로 교체투수에게 8구 또는 그 이상의 준비투구를 허용할 수 있다.
투수가 다쳤을 때 감독이 그 투수 곁에 가고 싶으면 심판원에게 허가를 요청할 수 있다. 허가가 나면 마운드에 가는 횟수에는 계산되지 않는다.
[주1] 우리나라에서는 이 조항에 있는 ‘투수판을 둘러싼 18피트(5.486m) 둘레의 장소’를 파울 라인으로 대체하여 적용한다.
[주2] 감독이나 코치가 투수에게로 간 뒤 파울 라인을 넘어오면 그 투수는 그 타자가 아웃되거나 공수교대가 된 다음이 아니면 물러날 수 없다. 단, 그 타자가 대타자로 바뀌었을 때는 가능하다.
[주3] 감독이나 코치가 투수 곁에 간 횟수를 계산할 때 다음의 어느 경우나 한 번으로 치지 않는다."
RULE_COMMON_BR_5.10_p7,RULE,BASEBALL_RULES,2026_KBO야구규칙.pdf,2026,ARTICLE,5.00 경기의 진행,5.10,선수교체 및 마운드 방문,7,7,93,99,OFFICIAL,CONFIRMED,6c0ceb1a98f0807b,"[공식야구규칙 2026] 5.00 경기의 진행 > 5.10 선수교체 및 마운드 방문 (7/7)
① 투수교체를 통고한 후 플레이가 재개되기 전에 새로 나온 투수 곁으로 감독이나 코치가 갔을 경우
② 감독이나 코치가 마운드에 가서 투수를 물러나게 하고 그대로 머물러 있다가 새로 나온 투수에게 지시를 하고 돌아왔을 경우 그러나 다음의 경우는 감독이나 코치가 투수 곁에 간 횟수로 계산한다.
① 감독이나 코치가 파울 라인 근처까지 가서 투수에게 지시하였을 경우 그러나 파울 라인 근처까지 갔으나 투수에게 지시함이 없이 그대로 되돌아 왔을 경우에는 제외한다.
② 투수가 파울 라인을 넘어와 감독이나 코치의 지시를 받았을 경우
③ 코치가 마운드에 가서 투수를 물러나게 한 후 파울지역까지 되돌아와서 감독과 상의하고 새로 나온 투수 곁에 갔을 경우
[주4] 감독이나 코치가 마운드에 가서 투수를 물러나게 한 후 새로 나온 구원투수에게 지시를 하기 위하여 마운드에 간 다음 그 타자의 대타자가 기용되었을 때 또 다시 투수 곁으로 갈 수는 있으나 그 투수는 그 대타자가 아웃되거나 주자가 되거나 공수교대가 될 때까지 투구한 후 물러나야 한다."
RULE_COMMON_BR_5.11_p1,RULE,BASEBALL_RULES,2026_KBO야구규칙.pdf,2026,ARTICLE,5.00 경기의 진행,5.11,지명타자,1,2,100,102,OFFICIAL,CONFIRMED,b87d0c47d91f5d99,"[공식야구규칙 2026] 5.00 경기의 진행 > 5.11 지명타자 (1/2)
모든 리그는 지명타자 규칙(Designated Hitter Rule)을 채택할 수 있다.
⒜외국의 경우 지명타자 제도를 채택하고 있는 리그에 소속되어 있는 팀과 이를 채택하지 않은 리그에 소속되어 있는 팀 사이에 경기를 할 때는 이 제도의 채택 여부를 다음 사항을 기준으로 정한다.
⑴ 시범경기 및 월드시리즈에서는 홈구단의 관례에 따른다.
⑵ 올스타 경기에서 양 팀과 양 리그가 동의하였을 때에만 채택한다.
⒝지명타자 규칙은 다음과 같다.
⑴ 지명타자 (A) 각 팀은 경기마다 투수를 대신하여 타격할 타자를 지명할 수 있다. 지명타자는 경기시작 전에 교환되는 타순표에 수비로 출장하지 않은 선수를 지명하며, 투수는 타격순서 밖의 칸에 기재한다.
(B) 경기 전에 심판원에게 제출하는 타순표에 지명타자를 표시하지 않았을 때는 그 경기에 지명타자를 쓸 수 없다.
⑵ 지명타자의 타순 지명타자의 타순은 타순표에 기재된 위치에 고정되며 이를 바꿀 수 없다.
⑶ 지명타자의 교체 (A) 지명타자에도 대타를 기용할 수 있다. 이때 그 대타자 또는 그와 교체된 선수가 지명타자가 된다. 그러나 경기 전에 제출된 타순표에 기재된 지명타자는 상대팀 선발투수가 교체되지 않는 한 그 투수에 대하여 적어도 한 번은 타격을 끝내야 한다.
(B) 지명타자 자리에 대주자를 기용할 수 있다. 이때 그 대주자 또는 그와 교체된 선수가 지명타자가 된다.
(C) 지명타자가 퇴장을 당하면 감독은 곧바로 지명타자의 타순에 들어갈 교체선수를 주심에게 통보하여야 한다.
(D) 앞 항에 의해 물러난 지명타자는 다시 경기에 출장할 수 없다.
⑷ 지명타자의 소멸 다음에 해당하는 교대가 있을 때는 지명타자 제도가 없어지게 된다.
(A) 지명타자가 수비에 나갔을 때 (B) 등판 중의 투수가 다른 수비위치로 나갔을 때(C) 지명타자의 대타자 또는 대주자가 그대로 투수로 되었을 때 (D) 등판 중의 투수가 지명타자의 대타자 또는 대주자가 되었을 때 등판 중인 투수는 지명타자 외에 다른 선수의 대타자 또는 대주자가 될 수 없다.
(E) 타순표에 기재된 야수가 투수로 되었을 때 (F) 야수를 교체하면서 등판 중 또는 새로 출장하는 투수를 타순표에 넣었을 때"
RULE_COMMON_BR_5.11_p2,RULE,BASEBALL_RULES,2026_KBO야구규칙.pdf,2026,ARTICLE,5.00 경기의 진행,5.11,지명타자,2,2,100,102,OFFICIAL,CONFIRMED,eddc5f04627bda11,"[공식야구규칙 2026] 5.00 경기의 진행 > 5.11 지명타자 (2/2)
⑸ 지명타자가 소멸되었을 경우의 타순 지명타자가 소멸되었을 때의 타순은 다음과 같은 규칙에 따른다. 기존 타선에서 2명 이상 새로운 선수의 동시 교대가 이루어져 타순의 선택이 필요할 경우 감독은 각각의 타순과 수비위치를 정해 주심에게 통고해야 한다.
(A) 지명타자가 수비에 나갔을 때는 지명타자의 타순은 변경하지 않고 이와 관련된 교체로 물러난 야수의 타순에 투수가 들어간다.
(B) 등판 중인 투수가 다른 포지션으로 수비위치를 바꿨을 때는 야수로 변신한 투수 및 새로 등판하는 구원투수는 이와 관련된 교체에 따라 물러선 타순에 들어간다.
(C) 대타자, 대주자가 그대로 투수가 되었을 때는 그 타순에 들어간다.
(D) 등판 중인 투수가 지명타자의 대타자 또는 대주자가 되었을 때는 지명타자의 타순에 들어간다.
(E) 타순표에 기재된 야수가 투수로 되었을 때는 새로 경기에 출전하는 야수 또는 야수로 변신한 앞의 투수가 지명타자의 타순에 들어간다. 단, 이와 동시에 지명타자가 수비로 나갔을 때는 새로 경기에 출전하는 야수 또는 야수로 변신한 앞의 투수는 이와 관련된 교체로 물러난 야수의 타순에 들어간다.
(F) 이 항의 (A)부터 (E)까지 해당하는 교체 이외의 경우는 등판 중 또는 새로 출전하는 투수를 어느 타순에라도 넣을 수 있다. 투수를 지명타자 이외의 타순에 넣으려고 할 때는 물러난 선수 대신 새로 경기에 출전하는 선수가 지명타자 타순에 들어간다."
RULE_COMMON_BR_5.12_p1,RULE,BASEBALL_RULES,2026_KBO야구규칙.pdf,2026,ARTICLE,5.00 경기의 진행,5.12,타임 선언,1,2,102,104,OFFICIAL,CONFIRMED,332eb9951b8e3593,"[공식야구규칙 2026] 5.00 경기의 진행 > 5.12 타임 선언 (1/2)
⒜심판원이 경기를 중지시킬 때는 “타임”을 선언해야 한다. 주심이 “플레이”를 선언하였을 때에 정지 상태는 끝나고 경기는 재개된다.
타임의 선언부터 플레이의 선언까지는 볼 데드 상태이다.
⒝심판원이 “타임”을 선언하면 볼 데드가 된다.
다음과 같은 경우 주심은 타임을 선언하여야 한다.
⑴ 날씨, 어둠 등으로 더 이상 경기를 계속하는 것이 불가능하다고 판단하였을 경우
⑵ 조명시설의 고장 때문에 심판원이 플레이를 진행하기가 어렵거나 불가능하게 되었을 경우
[부기] 각 리그는 조명시설의 고장 때문에 경기가 중단되었을 경우에 대비하여 나름대로의 특별규칙을 만들어둘 수 있다.
[주1] 플레이의 진행 중 조명시설에 이상이 생길 당시 끝나지 않은 플레이는 무효로 한다. 더블 플레이 및 트리플 플레이를 하고 있는 동안 조명시설에 이상이 생겼다면 비록 최초의 아웃이 성립된 뒤라도 그 플레이는 완성된 것으로 보지 않는다. 조명시설이 고쳐지면 고장으로 무효가 된 플레이가 시작되기 전의 상태에서 다시 시작하여야 한다.
[주2] 타구, 투수의 투구나 송구, 야수의 송구가 5.06⒝⑷에 규정된 상태(아웃될 염려 없이 진루)로 되었을 때 4사구, 보크, 포수나 야수의 방해, 주루방해 등으로 주자가 안전하게 진루할 수 있게 되었을 때 조명시설에 이상이 생겼을 경우 비록 각 주자의 주루가 끝나지 않았더라도 그 플레이는 유효로 한다.
[주3] 플레이 도중 조명시설 일부에 이상이 생겼을 때 (예 : 불빛이 갑자기 약해지거나 타워 1~2개가 꺼졌을 경우) 즉시 타임을 선언하느냐 아니면 플레이가 끝날 때까지 볼 인 플레이 상태로 두느냐 하는 것은 심판원의 판단에 맡긴다.
⑶ 선수나 심판원에게 사고가 일어나 직무를 수행할 수 없게 되었을 경우 외야 펜스 너머로 홈런을 치거나 1개 이상의 안전진루권을 얻었으나 뜻밖의 사고로 그 권리를 행사할 수 없게 되었을 때는 대주자가 플레이를 끝내도록 할 수 있다.
⑷ 감독이 선수를 교체하거나 협의하기 위하여 타임을 요구하였을 경우
[주] 감독은 플레이가 진행되고 있지 않을 때 “타임”을 요청할 수 있다. 투수가 투구동작에 들어갔거나 주자가 뛰고 있을 때처럼 플레이가 시작되려고 하거나 플레이를 하고 있을 때는 “타임”을 요청하면 안 된다. 이럴 때는 감독의 요청이 있더라도 심판원은 “타임”을 선언하여서는 안 된다. “타임”이 발효되는 것은 “타임”이 요청되었을 때가 아니라 심판원이 “타임”을 선언한 순간부터이다.
⑸ 심판원이 공을 검사할 필요를 느끼거나, 양 팀 감독과 협의하거나 이와 비슷한 이유가 있을 경우
⑹ 야수가 플라이 볼을 잡은 뒤, 벤치나 스탠드로 넘어 들어가 쓰러지거나 줄을 넘어서 경기장 안까지 넘쳐 들어온 관중 속으로 파묻혔을 경우 주자에 대해서는 5.06⒝⑶(C) ‘아웃될 염려 없이 진루’의 규정을 적용한다. 야수가 포구한 뒤 벤치로 들어가면 볼 데드로 하고, 각 주자에게는 1개의 안전진루권을 부여한다.
⑺ 심판원이 선수나 그 밖의 사람들에게 경기장 밖으로 나가도록 명령하였을 경우"
RULE_COMMON_BR_5.12_p2,RULE,BASEBALL_RULES,2026_KBO야구규칙.pdf,2026,ARTICLE,5.00 경기의 진행,5.12,타임 선언,2,2,102,104,OFFICIAL,CONFIRMED,cca27c23125b1c36,"[공식야구규칙 2026] 5.00 경기의 진행 > 5.12 타임 선언 (2/2)
⑻ 심판원은 플레이가 진행되고 있는 도중에 “타임”을 선언하여서는 안 된다. 단, 5.12⒝의 ⑵ 및 ⑶에 규정된 경우는 예외이다.
[주] 선수의 생명과 관계되는 중대하고 긴박한 사태라고 심판원이 판단하였을 때는 플레이가 진행 중이더라도 타임을 선언할 수 있다. 그 선언으로 볼 데드가 되었을 경우 심판원은 플레이가 어떤 상황으로 진행되었을 것인가를 판단하여 볼 데드 뒤의 조치를 취한다.
볼 데드가 된 다음, 투수가 새 공이나 원래의 공을 갖고 정규로 투수판에 서고, 주심이 “플레이”를 선언하였을 때 경기는 다시 시작된다. 투수가 공을 갖고 투수판에 서면 주심은 곧바로 “플레이”를 선언하여야 한다."
RULE_COMMON_BR_6.01_p1,RULE,BASEBALL_RULES,2026_KBO야구규칙.pdf,2026,ARTICLE,"6.00 부적절한 플레이, 금지행동, 비신사적 행위",6.01,"방해, 업스트럭션",1,14,105,119,OFFICIAL,CONFIRMED,5c99afa1ab9e119d,"[공식야구규칙 2026] 6.00 부적절한 플레이, 금지행동, 비신사적 행위 > 6.01 방해, 업스트럭션 (1/14)
⒜타자 또는 주자에 의한 방해 다음의 경우는 타자 또는 주자에 의한 방해(interference)가 된다.
제3스트라이크 후 타자가 투구를 처리하려고 하는 포수를 방해하였을 경우
⑴ 제3스트라이크를 선고받았을 뿐 아직 아웃되지 않거나 4구를 선고받고 1루로 나가야 할 타자주자가 홈으로 들어오는 3루주자에 대한 포수의 수비를 방해하였을 경우 타자주자는 아웃이 되고 3루주자는 방해가 일어난 순간 또는 그 이전에 본루에 닿지 않는 한 3루로 돌아가야 한다. 다른 주자들도 마찬가지로 돌아가야 한다.
[주1] 제3스트라이크를 선고받고 5.09⒜⑵ 또는 5.09⒜⑶으로 아웃된 타자가 3루주자에 대한 포수의 수비를 방해하였을 때는 6.01⒜⑸에 의해 3루주자도 아웃으로 한다.
[주2] [주1]의 경우에서 더블 스틸을 방지하려는 포수의 수비를 방해하였을 때는 그 대상이 된 주자를 아웃으로 하고 나머지 주자는 방해 발생 순간에 점유하고 있던 베이스로 되돌려 보낸다. 만약 포수의 수비가 어느 주자에 대하여 이루어졌는지가 명백하지 않을 경우 본루에서 가까운 주자를 아웃으로 한다.
(6.01⒜⑸[주] 참조) 타자가 치거나 번트한 페어타구가 페어지역 안에서 배트에 다시 맞았을 경우 볼 데드가 되어 주자의 진루는 인정되지 않는다. 이와 반대로 페어타구가 굴러와 타자주자가 떨어뜨린 배트에 페어지역에서 닿았을 경우에는 볼 인 플레이다. 단, 타자가 타구의 진로를 방해하려는 의도가 없었다고 심판원이 판단하였을 때에 한한다. (5.09⒜⑼ 참조)
[원주] 투구된 공이 포수 또는 심판원에게 맞고 타자에게 닿은 경우 타자주자가 포수의 수비행위를 명확하게 방해하는 것으로 심판원이 판단하지 않는 한 해당 플레이는 방해로 간주되지 않는다. 아직 포구되지 않은 투구가 홈 플레이트 부근에 머물러 있는 상황에서 타자 또는 심판에게 의도치 않게 우연히 닿는 경우 볼 데드가 되며 모든 주자들은 투구 당시 점유하고 있던 베이스로 돌아가야 한다. 단, 해당 투구가 제3스트라이크일 경우 타자는 아웃된다.
⑵ 타자 또는 주자가 아직 파울 볼로 선언되지 않은 타구의 진로를 어떤 방법으로든지 고의로 변경시켰을 경우 (5.09⒜⑽ 참조)
[주] 주자가 이 항에 해당하였을 때에는 볼 데드가 되어 다른 주자는 진루할 수 없으나 타자에게는 1루가 허용된다. 또 타자가 출루함에 따라 진루가 허용된 주자는 진루할 수 있다.
⑶ 무사 또는 1사 3루에서 타자가 본루에서의 수비 측 플레이를 방해하였을 경우 주자가 아웃된다. 그러나 2사일 때는 타자가 아웃이다. (6.03⒜⑶, 5.09⒝⑻ 참조)
[주] 이 항은 5.09⒝⑻과 표현만 다를 뿐이다. 베이스에서 조금 떨어진 데 지나지 않는 3루주자를 잡으려는 포수의 플레이를 타자가 방해하였을 경우 등에는 적용되지 않는다."
RULE_COMMON_BR_6.01_p2,RULE,BASEBALL_RULES,2026_KBO야구규칙.pdf,2026,ARTICLE,"6.00 부적절한 플레이, 금지행동, 비신사적 행위",6.01,"방해, 업스트럭션",2,14,105,119,OFFICIAL,CONFIRMED,9c4701b6250db810,"[공식야구규칙 2026] 6.00 부적절한 플레이, 금지행동, 비신사적 행위 > 6.01 방해, 업스트럭션 (2/14)
⑷ 공격 측 선수들이 주자가 도달하려는 베이스 근처에 몰려들어 수비 측을 방해하거나 혼란시키거나 수비를 어렵게 만들었을 경우 그 주자는 동료선수가 상대 수비를 방해한 것으로 간주되어 아웃이 된다.
⑸ 아웃이 선고된 직후의 타자 또는 주자가 다른 주자에 대한 야수의 플레이를 저지하거나 방해하였을 경우 그 주자는 동료선수가 상대 수비를 방해한 것에 의하여 아웃이 된다. (5.09⒜⒀ 참조)
[원주] 타자 또는 주자가 아웃된 후 계속 뛰더라도 그 행위만으로는 야수를 혼란시키거나 방해하거나 가로막았다고 보지 않는다.
[주] 이 항을 적용할 때 2~3명의 주자가 있을 경우 방해당한 수비동작이 직접 어느 주자에 대하여 이루어지고 있다는 것이 판명되었을 때는 그 주자를 아웃으로 하지만 수비가 어느 주자에 대하여 이루어지려고 했는지가 불분명할 때는 본루에서 가장 가까운 주자를 아웃으로 한다.
이런 원칙에 따라 1명의 주자에 대하여 아웃을 선고하였을 때는 볼 데드가 되어 다른 주자는 수비방해가 이루어진 순간에 점유하고 있던 베이스로 돌려보낸다.
단, 타구를 처리하는 야수가 타자주자에 대하여 수비하지 않고 다른 주자에 대한 수비가 방해되었을 경우 그 주자를 아웃으로 하고 나머지 주자는 투수가 투구할 당시 점유하고 있던 베이스로 되돌려 보낸다. 그러나 타자주자는 다시 타자석에 돌려보낼 수 없으므로 1루의 점유를 허용한다. 또 타자가 1루에 진루함으로써 주자에게 1루를 넘겨줄 의무가 생긴 주자는 2루로 진루시킨다.
[예] 무사 만루, 타자가 유격수 앞 땅볼을 쳐서 3루주자가 홈에서 포스 아웃되었다. 이때 포수가 다시 3루로 송구하여 더블 플레이를 하려는 것을 포스 아웃된 3루주자가 떠밀어서 방해하였다.
→ 그 주자와 3루로 향하던 주자는 아웃이 되며 타자에게 1루가 주어지므로 1루주자는 2루로 가는 것이 허용된다.
⑹ 주자가 병살을 하지 못하도록 명백한 고의로 타구를 방해하거나 타구를 처리하고 있는 야수를 방해하였다고 심판원이 판단하였을 때 심판원은 방해한 주자에게 아웃을 선고하고 타자주자에게도 동료선수의 방해에 의하여 아웃을 선고한다. 이 경우 볼 데드가 되어 다른 주자는 진루도 득점도 할 수 없다.
⑺ 타자주자가 병살을 하지 못하도록 명백한 고의로 타구를 방해하거나 타구를 처리하고 있는 야수를 방해하였다고 심판원이 판단하였을 때 심판원은 타자주자에게 방해에 의한 아웃을 선고하고 어느 곳에서 병살이 이루어지려고 했는지에 관계없이 본루에서 가장 가까운 주자에게 아웃을 선고한다. 이 경우 볼 데드가 되어 다른 주자는 진루할 수 없다.
⑻ 3루 또는 1루 쪽의 베이스 코치가 주자에게 닿거나 부축하여 주자가 베이스로 돌아가거나 다음 베이스로 가는 것에 육체적으로 도움을 주었다고 심판원이 판단하였을 경우"
RULE_COMMON_BR_6.01_p3,RULE,BASEBALL_RULES,2026_KBO야구규칙.pdf,2026,ARTICLE,"6.00 부적절한 플레이, 금지행동, 비신사적 행위",6.01,"방해, 업스트럭션",3,14,105,119,OFFICIAL,CONFIRMED,c83ebbdbc805e8b2,"[공식야구규칙 2026] 6.00 부적절한 플레이, 금지행동, 비신사적 행위 > 6.01 방해, 업스트럭션 (3/14)
⑼ 3루에 주자가 있을 때 베이스 코치가 코치석을 떠나 어떠한 동작으로든지 야수의 송구를 유도하였을 경우
⑽ 1루에서 수비가 벌어지고 있을 때 주자가 본루~1루 사이의 후반부를 달리면서 3피트 라인의 바깥쪽(오른쪽) 또는 파울 라인의 안쪽(왼쪽) 내야 잔디로 달림으로써 1루로 던진 공을 받거나 타구를 처리하는 야수에게 방해가 되었다고 심판원이 인정하였을 경우 (5.09⒜⑻ 참조)
⑾ 주자가 타구를 처리하려고 하는 야수를 피하지 않거나 송구를 고의로 방해하였을 경우 단, 2명 이상의 야수가 몰려들어 타구를 처리하고 있는 상황에서 주자가 그 중 한 명 또는 여러 명과 부딪쳤을 때 심판원은 그 야수들 중에서 이 규칙을 적용하는 데 가장 적합한 위치에 있었던 야수 1명을 정하여 그 야수에게 닿았을 경우에만 아웃을 선고한다. (5.09⒝⑶ 참조) 타자의 파울 타구로 인해 주자가 수비방해로 아웃되어 제3아웃이 된 경우 타자는 타석을 마친 것으로 간주되고, 다음 이닝의 선두타자는 다음 타순의 타자가 된다(2아웃 미만인 경우 타자는 타석에 들어가 타격을 완료한다).
[원주] 타구를 처리하려는 포수와 1루로 달리려는 타자주자가 부딪쳤을 경우 일반적으로 수비방해도, 주루방해도 없었던 것으로 보고 아무런 선고도 하지 않는다. 타구를 처리하려는 야수에 의한 주루방해는 매우 악의적이거나 난폭한 경우에 한하여 선고되어야 한다. 왜냐하면 규칙은 야수에게도 공정한 권리를 주기 때문이다. 그러나 공정한 권리가 있다고 해서 아무렇게나 해도 된다는 뜻은 아니다. 가령 타구를 처리한다면서 고의로 주자의 발을 걸면 주루방해가 선고된다. 한편 포수가 타구를 처리하는 중에 1루수나 투수가 타자주자를 방해하면 업스트럭션이 선고되어 타자주자에게 1루가 주어진다."
RULE_COMMON_BR_6.01_p4,RULE,BASEBALL_RULES,2026_KBO야구규칙.pdf,2026,ARTICLE,"6.00 부적절한 플레이, 금지행동, 비신사적 행위",6.01,"방해, 업스트럭션",4,14,105,119,OFFICIAL,CONFIRMED,b8ef16612146ac4d,"[공식야구규칙 2026] 6.00 부적절한 플레이, 금지행동, 비신사적 행위 > 6.01 방해, 업스트럭션 (4/14)
⑿ 야수(투수 포함)에게 닿지 않은 페어 볼이 페어지역에서 주자에게 닿았을 경우 단, 주자가 페어 볼에 맞았더라도 (A) 일단 내야수(투수 포함)에 닿은 페어 볼에 맞았을 경우(B) 내야수(투수 제외)에게 닿지 않고 가랑이 사이 또는 옆으로 빠진 페어 볼에 야수 바로 뒤에서 맞았더라도 이 타구를 다른 어떤 내야수도 수비할 기회가 없었다고 심판원이 확신하는 경우 심판원은 주자가 타구에 맞았다는 이유만으로 아웃을 선고하여서는 안 된다.
그러나 야수가 수비할 기회를 놓친 타구(내야수에게 닿거나 닿지 않거나를 불문)라 하더라도 주자가 고의로 타구를 찼다고 심판원이 인정하면 그 주자는 방해한 것으로 간주되어 아웃을 선고받아야 한다.
(5.06⒞⑹, 5.09⒝⑺ 참조) [방해에 대한 벌칙] 주자는 아웃되고 볼 데드가 된다.
공격 측의 방해 – 공격팀 선수가 플레이를 하려는 야수를 방해하거나 가로막거나 저지하거나 혼란시키는 행위이다. 심판원이 타자, 타자주자 또는 주자에게 수비방해에 의한 아웃을 선고했을 때는 다른 주자들은 방해 발생 순간에 점유하고 있었다고 심판원이 판단하는 베이스로 돌아가야 한다. 다만, 이 규칙에서 따로 규정한 경우는 예외이다.
[원주1] 타자주자가 1루에 닿기 전에 방해가 일어났을 때는 각 주자는 투구 당시에 점유하고 있던 베이스로 돌아가야 한다.
단, 방해가 일어나기 전에 아웃되거나 세이프된 주자는 예외다.
[원주2] 타구를 처리하고 있는 야수를 방해하였다고 심판원이 재정한 주자는 고의 여부에 관계없이 아웃이 된다. 그러나 정규로 베이스를 밟고 있는 주자는 페어지역이나 파울지역에 관계없이 야수에게 방해가 되었더라도 심판원이 고의라고 판단하였을 경우를 제외하고는 아웃되지 않는다.
심판원이 그 방해가 고의였다고 판단하였을 때는, 다음과 같은 벌칙이 주어진다. 무사나 1사일 때는 그 주자와 타자에게 아웃을, 2사일 때는 타자에게 아웃을 선고한다.
[원주3] 3루와 본루 사이에서 협공당하던 주자가 공격 측 방해로 아웃이 선고되었을 경우 후위주자가 이미 3루를 점유하였더라도 심판원은 그 주자를 2루로 되돌려 보내야 한다. 또 2~3루 사이에서 협공당한 주자가 방해에 의하여 아웃되었을 경우도 마찬가지다. 왜냐하면 어떤 주자도 상대팀을 방해한 플레이로 진루할 수 없기 때문이며 주자는 다음 베이스에 정규로 닿기 전에는 그 이전의 베이스를 차지하고 있어야 한다."
RULE_COMMON_BR_6.01_p5,RULE,BASEBALL_RULES,2026_KBO야구규칙.pdf,2026,ARTICLE,"6.00 부적절한 플레이, 금지행동, 비신사적 행위",6.01,"방해, 업스트럭션",5,14,105,119,OFFICIAL,CONFIRMED,929c10f2f2937b38,"[공식야구규칙 2026] 6.00 부적절한 플레이, 금지행동, 비신사적 행위 > 6.01 방해, 업스트럭션 (5/14)
⒝ 야수의 권리 공격 측 선수, 베이스 코치, 그 밖에 다른 멤버들은 타구 또는 송구를 처리하려는 야수에게 자리를 비워주어야 한다(양측 덕아웃 포함).
[벌칙] 수비방해를 선고하고 그 플레이의 대상이 되었던 타자 또는 주자를 아웃시킨다.
[주] 예를 들면 선수가 2개의 배트를 갖고 대기타석에 있다가 타자가 파울 플라이 볼을 쳐서 포수가 이것을 잡으려고 달려오자 배트 한 자루만 들고 장소를 양보하였다. 그러나 포수는 남겨둔 배트에 걸리는 바람에 쉽게 잡을 수 있었던 파울 플라이 볼을 놓쳤다. 선수가 남긴 배트가 포수의 포구에 명백히 방해가 되었다고 심판원이 판단하면 타자는 아웃이 된다.
[원주] 수비 측의 방해–투구를 치려는 타자를 방해하는 야수의 행위를 말한다.
⒞ 포수방해 방해에도 불구하고 플레이가 계속되었을 때 공격팀 감독은 그 플레이가 끝나면 곧 방해에 대한 벌칙 대신 실제의 플레이를 선택하겠다는 뜻을 주심에게 통고할 수 있다. 이러한 선택은 플레이가 끝난 뒤 즉시 이루어져야 한다. 그러나 타자가 안타, 실책, 4사구 등으로 1루에 나가고 다른 모든 주자가 최소한 한 베이스를 진루했을 때는 방해와 관계없이 플레이는 계속 된다.
[원주] 플레이 중에 포수방해가 선고되었더라도 심판원은 감독이 그 플레이를 선택할지도 모르므로 플레이를 계속 진행시켜야 한다. 타자주자가 1루를 밟지 않고 지나치거나 주자가 다음 베이스를 밟지 않고 지나치더라도 5.06⒝⑶(D)[부기]에 규정되어 있는 것처럼 베이스에 닿은 것으로 본다.
[감독이 플레이를 선택하는 경우의 예] : 5.05⒝⑶ 참조"
RULE_COMMON_BR_6.01_p6,RULE,BASEBALL_RULES,2026_KBO야구규칙.pdf,2026,ARTICLE,"6.00 부적절한 플레이, 금지행동, 비신사적 행위",6.01,"방해, 업스트럭션",6,14,105,119,OFFICIAL,CONFIRMED,c149a5f9544bb41b,"[공식야구규칙 2026] 6.00 부적절한 플레이, 금지행동, 비신사적 행위 > 6.01 방해, 업스트럭션 (6/14)
⒟의도하지 않은 방해 장내 입장이 허용된 사람이 경기를 방해하였을 때 그 방해가 고의가 아니면 볼 인 플레이다. 그러나 경기에 참여하는 공격팀 선수나 코치석에 있는 코치나 심판원은 예외이다. (심판원의 방해에 관해서는 5.06⒞ 참조) 방해가 고의적일 때는 볼 데드가 되고 심판원은 방해가 없었더라면 경기가 어떠한 상태가 되었을지를 판단하여 방해에 의한 불이익을 해소할 수 있는 조치를 취한다. (6.01⒝, 5.09⒝⑶ 참조)
[원주] 방해가 고의인지 아닌지는 그 행위에 따라 결정해야 한다.
[예1] 배트 보이, 볼 보이, 경찰관 등이 타구 또는 송구에 닿지 않으려고 피하다가 닿았을 때는 고의방해로 보지 않는다.
그러나 공을 주워 올리거나, 잡거나, 의도적으로 공을 밀거나 발로 차서 공을 건드리는 행위는 고의 방해에 해당한다.
KBO에서는 외야에 위치한 볼 보이의 신체 및 볼 보이가 소지한 일체의 장비(의자 포함)에 맞았을 경우 고의 여부를 불문하고 2개 베이스가 주어진다.
[예2] 타자가 유격수 앞 땅볼을 쳤다. 타구를 잡은 유격수가 1루에 악송구하여 공격팀의 1루 코치는 송구에 맞지 않으려고 피하다가 그라운드에 넘어졌다. 악송구를 주우러 가던 1루수가 그 코치와 충돌하였다. 결국 타자는 3루까지 진루했다. 그 코치가 고의로 방해했느냐의 여부는 심판원의 판단에 따라 결정한다. 코치가 플레이를 방해하지 않으려고 가능한 모든 노력을 했다고 심판원이 판단하면 고의방해로 선고할 필요는 없다. 코치가 방해하지 않으려는 시늉만 했을 뿐 사실은 피하지 않은 것으로 심판원이 판단하면 고의에 의한 방해를 선고해야 한다."
RULE_COMMON_BR_6.01_p7,RULE,BASEBALL_RULES,2026_KBO야구규칙.pdf,2026,ARTICLE,"6.00 부적절한 플레이, 금지행동, 비신사적 행위",6.01,"방해, 업스트럭션",7,14,105,119,OFFICIAL,CONFIRMED,828bab824d9c30f4,"[공식야구규칙 2026] 6.00 부적절한 플레이, 금지행동, 비신사적 행위 > 6.01 방해, 업스트럭션 (7/14)
⒠관중의 방해 타구 또는 송구에 대하여 관중의 방해가 있었을 때는 방해와 동시에 볼 데드가 되며 심판원은 만일 방해가 없었더라면 경기가 어떠한 상태가 되었을지를 판단하여 볼 데드 뒤 조치를 취한다.
[부기] 관중이 플라이 볼을 잡으려는 야수를 명백히 방해하였을 경우는 심판원은 타자 아웃을 선고해야 한다.
[원주] 타구 또는 송구가 스탠드에 들어가 관중에 닿았다가 운동장 안으로 되돌아와 볼 데드가 되는 것과, 관중이 울타리를 넘어 경기장 안으로 넘어와 인 플레이인 공 또는 선수에 닿거나 다른 방법으로 플레이를 방해한 것은 구분되어야 한다. 후자는 명백한 고의이며 6.01⒟에 따라 고의적 방해로 보아야 한다. 타자와 주자는 심판원의 판단에 의해 그 방해가 없었더라면 갈 수 있었다고 심판원이 판단한 위치로 가게 된다. 야수가 펜스, 난간, 로프 넘어 스탠드 안으로 팔을 뻗어 포구하려 했을 때는 방해를 당하더라도 방해로 인정받지 않는다. 그것은 스스로 위험을 무릅쓰고 벌이는 플레이기 때문이다. 그러나 관중이 그라운드 안으로 팔을 뻗어 야수의 포구를 명백히 방해하였을 경우 타자는 관중의 방해에 따라 아웃이 선고되어야 한다.
[예] 1사 3루, 타자가 외야로 깊숙한 플라이 볼을 쳤다(페어, 파울 불문). 관중이 타구를 잡으려는 외야수를 명백히 방해하였다. 심판원은 관중방해에 의한 아웃을 선고하였다. 그 선고와 동시에 볼 데드가 되며, 심판원은 타구가 깊었으므로 야수가 방해를 받지 않고 잡았더라도 3루주자가 포구 뒤 득점할 수 있었다고 판단하면 3루주자의 득점은 인정한다. 본루(홈 플레이트)로부터 가까운 플라이 볼에 대하여는 방해가 있었더라도 이 같은 조치를 취하여서는 안 된다.
⒡감독과 심판원의 방해 송구가 우연히 베이스 코치에게 닿거나, 투구 또는 송구가 심판원에게 닿았더라도 볼 인 플레이다. 그러나 베이스 코치가 고의로 송구를 방해하였을 경우 주자는 아웃된다.
[원주] 심판원의 방해 ① 도루를 저지하려는 포수의 송구동작을 주심이 방해하였을 경우 ② 타구가 야수(투수 제외)를 통과하기 전에 페어지역에서 심판원에게 닿았을 경우"
RULE_COMMON_BR_6.01_p8,RULE,BASEBALL_RULES,2026_KBO야구규칙.pdf,2026,ARTICLE,"6.00 부적절한 플레이, 금지행동, 비신사적 행위",6.01,"방해, 업스트럭션",8,14,105,119,OFFICIAL,CONFIRMED,1c4b31bbecc50c89,"[공식야구규칙 2026] 6.00 부적절한 플레이, 금지행동, 비신사적 행위 > 6.01 방해, 업스트럭션 (8/14)
⒢스퀴즈 플레이 또는 도루를 통한 방해 3루주자가 스퀴즈 플레이 또는 도루를 통해 득점하려고 할 때 포수나 다른 야수가 공을 갖지 않은 채 본루 위 또는 그 앞으로 나오거나 타자나 타자의 배트를 건드렸을 경우 투수에게 보크를 선고하고 타자는 인터피어(타격방해)에 의해 1루가 주어진다. 이때는 볼 데드가 된다.
[주1] 포수가 공을 갖지 않고 본루 위 또는 그 앞으로 나가거나 타자 또는 타자의 배트를 건드렸을 경우는 다 같이 포수의 인터피어가 된다. 특히 포수가 공을 갖지 않고 본루 위 또는 그 앞으로 나갔을 경우에는 타자가 타자석 앞에 있었느냐 없었느냐, 또 치려고 하였느냐 안 하였느냐에 관계없이 포수의 인터피어가 된다. 그리고 ‘다른 야수의 방해’라는 것은 예컨대 1루수 등이 두드러지게 전진하여 투수의 투구가 본루를 통과하기 전에 차단하여 스퀴즈 플레이를 방해하는 행위 등을 말한다.
[주2] 타격방해와 보크가 동시에 일어나지도 않았고, ‘포수가 공을 갖지 않고 본루 위 또는 그 앞에 나가면 보크가 된다’는 조항이 없는데도 여기서 보크란 용어가 사용되고 있는 것은 본루를 노린 3루주자에게 본루를 허용하기 위하여 편의상 만들어진 것에 불과한 것으로 해석하여야 한다. 이 규칙에서는 5.05⒝⑶, 5.06⒝
⑶(D)를 적용하여 득점하려고 한 주자에게 본루를 허용한다. 따라서 3루주자와 함께 도루를 시도한 주자와 타자가 1루에 나감으로써 베이스를 비워주어야 하는 주자만 진루가 허용된다. 도루를 시도하지 않은 주자와 베이스를 비워주지 않아도 되는 주자는 진루가 허용되지 않는다.
[주3] 이 조항은 투수가 정규의 투구를 했을 때에 한하여 적용된다. 투수가 정규의 투구를 하지 않았을 때는 투수에게 보크를 선고할 뿐 타자에게는 1개 베이스가 주어지지 않는다.
[주4] 투수가 투수판에서 정규로 발을 뺀 뒤 주자를 잡으려고 송구하였을 때는 포수가 본루 위 또는 그 앞으로 나오는 것은 정규의 플레이이다. 따라서 타자가 이 송구를 치면 오히려 수비방해가 된다.
⒣방해의 선언 업스트럭션(주루방해)이 발생하였을 때 심판원은 “업스트럭션”을 선고하거나 몸으로 신호를 하여야 한다."
RULE_COMMON_BR_6.01_p9,RULE,BASEBALL_RULES,2026_KBO야구규칙.pdf,2026,ARTICLE,"6.00 부적절한 플레이, 금지행동, 비신사적 행위",6.01,"방해, 업스트럭션",9,14,105,119,OFFICIAL,CONFIRMED,4ec18aa43f972071,"[공식야구규칙 2026] 6.00 부적절한 플레이, 금지행동, 비신사적 행위 > 6.01 방해, 업스트럭션 (9/14)
⑴ 주루방해를 당한 주자를 상대로 플레이가 벌어지고 있거나 타자주자가 1루를 밟기 전에 주루방해를 당하였을 경우 볼 데드가 되고, 베이스상의 모든 주자는 주루방해가 없었더라면 도달하였으리라고 심판원이 판단하는 베이스까지 아웃될 염려 없이 진루할 수 있다. 주루방해를 당한 주자는 방해가 일어났을 때 점유하고 있던 베이스보다 적어도 1개 베이스 이상 진루할 수 있다.
주루방해를 당한 주자에게 진루가 허용됨으로써 베이스를 비워주어야 할 선행주자는 아웃될 염려 없이 다음 베이스로 진루할 수 있다.
[원주] 주루방해를 당한 주자에게 플레이가 벌어지고 있는 경우 심판원은 “타임”을 선고할 때와 마찬가지로 두 손을 머리 위로 올려 업스트럭션의 신호를 하여야 한다. 주루방해 신호가 있으면 즉시 볼 데드가 된다. 그러나 심판원이 주루방해를 선고하기 전에 야수의 손을 떠난 공이 악송구가 되었을 경우 주루방해가 일어나지 않았더라면 그 악송구에 의하여 갈 수 있는 베이스까지 진루가 허용된다. 2~3루 사이에서 협공당하던 주자가 유격수의 손을 떠난 공이 공중에 떠 있는 사이 3루 쪽으로 향하다가 3루수에게 주루방해를 당했을 때 그 송구가 덕아웃으로 들어갔다면 그 주자에게는 본루가 허용된다. 이때 다른 주자는 주루방해가 선고되기 전에 점유하고 있던 베이스를 기준으로 2개 베이스가 주어진다.
[주1] 런다운 플레이 중에 주자가 주루방해를 당하였다고 심판원이 판단하였을 경우는 물론, 야수가 주자(1루에 닿은 후의 타자주자 포함)를 아웃시키려고 그 주자가 진루하려는 베이스로 직접 송구하였을 때 그 주자가 주루방해를 당하였다고 심판원이 판단하였을 때도 이 항을 적용한다.
[주2] 주자 2· 3루에서 3루주자가 투수 견제에 걸려 3루와 본루 사이에서 협공당했고 이 틈에 3루에 도달하였던 2루주자는 협공당하던 3루주자가 3루로 되돌아옴에 따라 2루에 돌아가려다 2~3루 사이에서 런다운에 걸렸다. 그런데 이 런다운 플레이 중에 2루주자가 공을 갖지 않은 2루수와 충돌하였다.
→ 심판원이 2루수의 주루방해를 인정하면 “업스트럭션”을 선고하고 볼 데드로 하여 2루주자는 3루에, 3루주자는 본루에 진루시킨다.
[주3] 주자 1루. 타자가 좌익수 옆으로 안타를 쳤을 때 좌익수는 1루주자의 3루 진루를 막으려고 3루로 송구하였으나 1루주자는 2루를 지나 공을 갖지 않은 유격수와 충돌하였다.
→ 심판원이 유격수의 주루방해를 인정하면 “업스트럭션”을 선고하고 볼 데드로 하여 1루주자에게 3루 점유를 허용한다. 타자에 대해서는 심판원이 업스트럭션 발생 당시의 상황에 따라 2루에 도착하였을 것이라고 판단하면 2루 점유를 허용하지만 업스트럭션이 없었더라면 2루에 진루할 수 없었을 것으로 판단하면 1루에 머무르게 한다."
RULE_COMMON_BR_6.01_p10,RULE,BASEBALL_RULES,2026_KBO야구규칙.pdf,2026,ARTICLE,"6.00 부적절한 플레이, 금지행동, 비신사적 행위",6.01,"방해, 업스트럭션",10,14,105,119,OFFICIAL,CONFIRMED,be283ef763691fea,"[공식야구규칙 2026] 6.00 부적절한 플레이, 금지행동, 비신사적 행위 > 6.01 방해, 업스트럭션 (10/14)
[주4] 1루에 주자를 두고 타자가 1루 앞 땅볼을 쳤다. 땅볼을 받은 1루수는 1루주자를 포스 아웃시키려고 2루에 송구하였는데 1루로 달리던 타자주자와 1루에서 공을 받으려던 투수가 1루 바로 앞에서 충돌하였다.
→ 심판원이 투수의 주루방해를 인정하면 “업스트럭션”을 선고하고 볼 데드로 한다. 이때 2루에서의 포스 아웃이 업스트럭션보다 나중에 이루어졌다고 심판원이 판단하였을 때는 1루주자를 2루에 진루시킨다. 이와 반대로 업스트럭션보다 2루에서의 포스 아웃이 먼저 이루어졌다고 판단하였을 경우 타자주자의 1루 점유만 인정할 뿐 1루주자의 2루에서의 포스 아웃은 취소되지 않는다."
RULE_COMMON_BR_6.01_p11,RULE,BASEBALL_RULES,2026_KBO야구규칙.pdf,2026,ARTICLE,"6.00 부적절한 플레이, 금지행동, 비신사적 행위",6.01,"방해, 업스트럭션",11,14,105,119,OFFICIAL,CONFIRMED,70ad6d37441a3a66,"[공식야구규칙 2026] 6.00 부적절한 플레이, 금지행동, 비신사적 행위 > 6.01 방해, 업스트럭션 (11/14)
⑵ 주루방해를 당한 주자를 상대로 플레이가 벌어지고 있지 않을 경우 모든 플레이가 끝날 때까지 경기는 계속된다. 심판원은 플레이가 끝난 것을 확인한 뒤 “타임”을 선고하고 주루방해로 인하여 주자가 받았으리라고 심판원이 판단한 불이익을 제거하도록 적절한 조치를 취한다.
[원주] 6.01⒣⑵와 같이 업스트럭션에 의한 볼 데드가 되지 않았을 경우 주루방해를 당한 주자가 업스트럭션에 의하여 심판원이 허용하려고 했던 베이스보다 더 많이 진루하려고 했을 때 위험을 무릅쓰고 갈 수는 있으나 안전진루권은 소멸되고 태그당하면 아웃된다. 이 아웃은 심판원의 판단에 따른 재정이다.
[주1] 주자 2루. 타자가 좌전안타를 쳤다. 좌익수는 본루로 가려는 2루주자를 아웃시키려고 본루에 송구하였다. 타자주자는 1루를 지나면서 1루수와 부딪쳐 심판원이 업스트럭션 신호를 하였다. 좌익수의 본루 송구는 포수의 머리 위를 넘는 악송구가 되어 2루주자는 쉽게 득점할 수 있었다.
업스트럭션을 얻은 타자주자는 공이 구르고 있는 것을 보고 2루를 지나 3루까지 뛰었으나 공을 주운 투수로부터 송구를 받은 3루수에게 3루 바로 앞에서 태그되었다.
→ 심판원이 타자에게는 업스트럭션으로 2루 밖에 안전진루권이 주어지지 않는다고 판단하였다면 3루에서의 아웃이 인정된다. 이와 반대로 타자주자가 3루수의 태그를 피하여 3루에서 살았을 경우 3루 점유는 인정된다. 어느 경우이거나 2루주자의 득점은 인정된다.
[주2] 타자가 3루타가 될 듯한 장타를 치고 나서 1루를 밟지 않고 2루를 지나 3루로 가려다가 유격수에게 방해당해 3루로 갈 수 없었다.
→ 심판원은 이 주루 실수는 고려할 필요 없이 방해가 없었더라면 도달하였으리라 판단되는 3루로 보내야 한다.
만약 수비 측이 타자주자가 1루를 밟지 않은 것을 알고 어필하면 주자는 아웃된다. 주루 실수는 업스트럭션과는 아무 관계가 없기 때문이다.
[부기] 포수는 공을 갖지 않고서는 득점하려는 주자의 진로를 막을 권리가 없다. 베이스 라인은 주자에게 권리가 부여된 것이므로 포수는 날아오는 송구를 받으려고 하거나 이미 공을 갖고 있을 때만 선상에 위치할 수 있다. 이 규정을 위반한 것으로 간주되는 포수에게는 반드시 “업스트럭션”을 선고해야 한다."
RULE_COMMON_BR_6.01_p12,RULE,BASEBALL_RULES,2026_KBO야구규칙.pdf,2026,ARTICLE,"6.00 부적절한 플레이, 금지행동, 비신사적 행위",6.01,"방해, 업스트럭션",12,14,105,119,OFFICIAL,CONFIRMED,9ab3f19f63f0a60d,"[공식야구규칙 2026] 6.00 부적절한 플레이, 금지행동, 비신사적 행위 > 6.01 방해, 업스트럭션 (12/14)
⒤홈 플레이트에서의 충돌
⑴ 득점을 시도하는 주자는 포수(혹은 홈을 수비하는 다른 선수)와 접촉할 목적으로 홈을 향한 자신의 직선 주로에서 이탈할 수 없고, 혹은 피할 수 있는 충돌을 시도할 수 없다. 만약 심판의 판단으로 득점을 시도하던 주자가 그러한 방식으로 포수(혹은 홈을 수비하는 다른 선수)와 접촉을 시도하는 경우 심판은 해당 주자(홈을 수비하는 다른 선수의 포구 여부와 관계없이)에게 아웃을 선언한다.
본 상황에서 심판은 볼 데드를 선언하며, 다른 주자들은 충돌 시점에 자신이 마지막으로 터치했던 베이스로 복귀해야 한다.
만약 주자가 적절한 방식으로 슬라이딩하여 홈에 들어오는 경우 해당 주자는 6.01⒤를 위반했다고 판단되지 않는다.
[주] 주자가 홈을 터치하려는 노력을 하지 않으면서, 어깨를 낮추거나, 또는 손· 팔꿈치· 팔을 이용하여 밀치거나 하는 행동은 주자가 포수와 접촉을 시도할 목적으로 (6.01⒤ 위반) 주로에서 이탈했거나 혹은 피할 수 있었던 충돌을 시도했다고 판단하는 근거가 될 수 있다. 다리 슬라이딩(feet first slide)의 경우 포수와의 접촉이 있기 전 주자의 엉덩이와 다리가 먼저 그라운드에 닿는다면 해당 슬라이딩은 적절한 것으로 간주된다. 머리 슬라이딩(head first slide)의 경우 포수와의 접촉이 있기 전 주자의 몸이 먼저 그라운드에 닿는다면 해당 슬라이딩은 적절한 것으로 간주된다. 포수가 주자의 주로를 막는 경우 심판은 해당 주자가 피할 수 있었던 접촉을 시도하여 6.01⒤⑴을 위반했다고 판단해서는 안 된다."
RULE_COMMON_BR_6.01_p13,RULE,BASEBALL_RULES,2026_KBO야구규칙.pdf,2026,ARTICLE,"6.00 부적절한 플레이, 금지행동, 비신사적 행위",6.01,"방해, 업스트럭션",13,14,105,119,OFFICIAL,CONFIRMED,e13b20d8c2e53ed9,"[공식야구규칙 2026] 6.00 부적절한 플레이, 금지행동, 비신사적 행위 > 6.01 방해, 업스트럭션 (13/14)
⑵ 포수는 자신이 공을 갖고 있는 경우를 제외하고는 득점을 시도하는 주자의 주로를 막을 수 없다. 만약 심판의 판단으로 공을 갖고 있지 않은 포수가 주로를 막는 경우 심판은 주자에게 세이프를 선언한다. 상기에도 불구하고, 포수가 송구를 받으려는 정당한 시도과정(예를 들어, 홈 방면 송구의 방향·궤도·바운드에 대한 반응으로, 또는 투수나 내야 안쪽으로 들어온 내야수가 던진 송구에 대한 반응으로)에서 주자의 주로를 막게 되는 경우는 6.01⒤⑵의 위반으로 간주되지 아니한다. 또한 주자가 슬라이딩을 통해 포수(혹은 홈 커버 선수)와의 충돌을 피할 수 있었던 경우는, 포수가 공을 갖고 있지 않더라도 6.01⒤⑵를 위반했다고 판정되지 아니한다. 6.01⒤에서 명시된 “포수”는 홈을 수비하는 모든 야수에게 똑같이 적용된다.
[주] 포수가 공을 갖고 있지 않은 채로 (혹은 송구를 포구하려는 정당한 시도 과정이 아닌 상태에서) 홈을 막고, 그와 동시에 득점을 시도하는 주자의 주루를 방해 또는 저지하지 않는다면, 포수는 6.01⒤⑵를 위반했다고 간주되지 않는다.
포수가 홈 플레이트를 봉쇄했지만, 심판의 판단으로 주자가 원래 아웃이 될 상황이었다면 포수가 해당 주자의 주루를 방해 또는 저지했다고 간주되지 아니한다.
또한 포수는 슬라이딩을 시도하는 주자를 태그할 때 불필요한 강제 접촉을 피하기 위한 최선의 노력을 다해야 한다.
슬라이딩을 시도하는 주자와 불필요한 강제 접촉(예를 들어, 무릎· 정강이 보호대, 팔꿈치, 전완 등을 이용하여 시도하는 접촉)을 상습적으로 하는 포수는 총재에 의해 제재를 받을 수 있다. 6.01⒤⑵는 홈에서의 포스 플레이에는 적용되지 아니한다."
RULE_COMMON_BR_6.01_p14,RULE,BASEBALL_RULES,2026_KBO야구규칙.pdf,2026,ARTICLE,"6.00 부적절한 플레이, 금지행동, 비신사적 행위",6.01,"방해, 업스트럭션",14,14,105,119,OFFICIAL,CONFIRMED,943f787a3645a5db,"[공식야구규칙 2026] 6.00 부적절한 플레이, 금지행동, 비신사적 행위 > 6.01 방해, 업스트럭션 (14/14)
⒥더블 플레이 시도 시 슬라이딩 주자가 더블 플레이 성립을 방해하기 위한 목적으로 ‘정당한 슬라이딩’이 아닌 방식으로 야수에 접촉하거나 접촉을 시도할 경우 6.01에 따라 해당 주자에게 방해가 선고된다. 이 항의 ‘정당한 슬라이딩’이란 다음과 같다.
⑴ 베이스에 도달하기 전에 슬라이딩을 시작(몸이 지면에 닿아야 함)하는 경우
⑵ 손과 발로 베이스에 도달하려고 하는 경우
⑶ 슬라이딩 후 베이스(홈 플레이트 제외)에 머무르려고 하는 경우
⑷ 야수와의 접촉을 목적으로 주로를 변경하지 않고 베이스에 도달하는 슬라이딩을 하는 경우 ‘정당한 슬라이딩’을 시도하는 주자는 6.01에 따라 방해가 선고되지 않으며, 이는 허용되는 슬라이딩에 따른 결과에 의해 야수와 접촉하는 경우도 포함한다. 또한 주자와 야수의 접촉이 베이스를 향한 주자의 정규 주로에 야수가 위치하여(또는 움직여서) 발생하는 경우도 방해로 선고되지 않는다. 상기 예외 규칙에도 불구하고, 주자가 롤블록을 하거나 야수의 무릎 위로 다리를 들어 올리거나 차는 경우 또는 팔이나 상체를 던져 고의적으로 접촉할 경우(또는 시도할 경우)에는 ‘정당한 슬라이딩’으로 인정하지 않는다. 심판원이 주자가 6.01(j)를 위반했다고 판단한 경우 주자와 타자 모두에게 아웃을 선고한다. 단, 주자가 이미 아웃이 된 경우에는 수비 측이 플레이를 시도하려고 한 주자에게 아웃이 선고된다."
RULE_COMMON_BR_6.02_p1,RULE,BASEBALL_RULES,2026_KBO야구규칙.pdf,2026,ARTICLE,"6.00 부적절한 플레이, 금지행동, 비신사적 행위",6.02,투수의 반칙행위,1,6,119,126,OFFICIAL,CONFIRMED,0928c7cc4eb523f7,"[공식야구규칙 2026] 6.00 부적절한 플레이, 금지행동, 비신사적 행위 > 6.02 투수의 반칙행위 (1/6)
⒜보크 베이스에 주자가 있을 때 다음의 경우 보크가 된다.
⑴ 투수판에 중심발을 대고 있는 투수가 투구와 관련된 동작을 일으키다가 투구를 중지하였을 경우
[원주] 왼손잡이든 오른손잡이든 어느 투수라도 자유발을 흔들어 투수판 뒤끝을 넘게 되면 타자에게 투구를 해야 한다. 단, 2루주자에 대한 픽오프 플레이(pick-off play)일 경우 2루에 송구하는 것은 허용된다.
⑵ 투수판에 중심발을 대고 있는 투수가 1루 또는 3루에 송구하는 시늉만 하고 실제로 송구하지 않았을 경우
[주] 투수가 투수판에 중심발을 대고 있을 때 주자가 있는 2루에는 그 베이스 쪽으로 똑바로 발을 내디디면 던지는 시늉만 해도 괜찮으나 1루와 3루, 타자에게는 던지는 시늉에 그쳐서는 안 된다. 투수가 중심발을 투수판 뒤쪽으로 빼면 주자가 있는 어느 베이스에도 발을 내딛지 않고 던지는 시늉만 해도 괜찮으나, 타자에게는 허용되지 않는다.
⑶ 투수판을 딛고 있는 투수가 베이스에 송구하기 전에 발을 똑바로 그 베이스 쪽으로 내딛지 않았을 경우
[원주] 투수판을 밟고 있는 투수는 베이스에 송구하기 전에는 직접 그 베이스 쪽으로 자유발을 내딛도록 이 규칙은 요구하고 있다. 투수가 실제로 내딛지 않고 자유발의 방향을 바꾸거나 조금 위로 올려서 돌리거나 또는 발을 내딛기 전에 신체의 방향을 바꾸어 송구하였을 경우는 보크이다.
투수는 베이스에 송구하기 전에 그 베이스 쪽으로 직접 발을 내디뎌야 하며 발을 내디딘 후에는 송구하지 않으면 안 된다(2루는 예외). 투수가 투수판에서 발을 뺀 다음 이러한 행동을 했다면 보크가 아니다. 주자 1·3루 상황에서 투수가 3루를 향해 발을 내디딘 후 3루에 송구하는 시늉을 취한 다음, 1루주자가 2루에 도루하는 것을 보고 1루를 향해 재차 발을 내디딘 후 1루로 송구하였을 경우 이는 보크이다. 단, 2루에 송구하는 시늉을 취하는 것은 허용된다.
⑷ 투수판에 중심발을 대고 있는 투수가 주자가 없는 베이스에 송구하거나 송구하는 시늉을 하였을 경우 단, 플레이에 필요하다면 상관없다.
[문] 주자 1루 때 주자가 없는 2루에 송구하거나 송구하는 시늉을 하면 보크가 되는가? [답] 보크이다. 그러나 1루주자가 2루에 도루하려는 것을 방지할 목적으로 2루 방향으로 올바르게 자유로운 발을 내디디면 보크가 아니다. 또한 투수가 투수판에서 정규로 발을 뺐다면 스텝을 밟지 않고 송구하여도 관계없다.
⑸ 투수가 반칙투구를 하였을 경우
[원주] 퀵 피치(quick pitch)는 반칙투구이다. 타자가 타자석 안에서 아직 충분한 자세를 갖추기 전에 투구했을 경우 심판원은 그 투구를 퀵 피치로 판정한다. 베이스에 주자가 있으면 보크가 되며 없으면 볼이다. 퀵 피치는 위험하기 때문에 허용해서는 안 된다.
⑹ 투수가 타자를 정면으로 보지 않고 투구했을 경우"
RULE_COMMON_BR_6.02_p2,RULE,BASEBALL_RULES,2026_KBO야구규칙.pdf,2026,ARTICLE,"6.00 부적절한 플레이, 금지행동, 비신사적 행위",6.02,투수의 반칙행위,2,6,119,126,OFFICIAL,CONFIRMED,3182afbf4c431100,"[공식야구규칙 2026] 6.00 부적절한 플레이, 금지행동, 비신사적 행위 > 6.02 투수의 반칙행위 (2/6)
⑺ 투수가 투수판을 밟지 않고 투구와 관련된 동작을 취하였을 경우 [문] 주자 1루 때 투수가 투수판을 양 발 사이에 두고 스트레치를 시작하였으나 공을 떨어뜨렸다. 보크가 되는가? [답] 투수가 중심발을 투수판에 대지 않은 채 투구와 관련된 동작을 일으켰으므로 보크이다.
⑻ 투수가 불필요하게 경기를 지연시켰을 경우
⑼ 투수가 공을 갖지 않고 투수판을 밟거나 걸터섰을 경우 또는 투수판에서 떨어져 투구에 관련된 시늉을 했을 경우
[주] ‘투수판에서 떨어져’라는 것은 경기장 구획선 그림 3에 표시된 24인치(61cm)×6인치(15.2cm)의 직사각형 지역이 있는데, 베이스에 주자가 있을 때 투수가 공을 갖지 않은채 한쪽 발이라도 그 안에 대고 투구하는 시늉을 하면 심판원은 투수에게 보크를 선고한다.
⑽ 투수가 정규의 투구자세를 취한 후 실제로 투구하거나 베이스에 송구하지 않고 공에서 한쪽 손을 떼었을 경우
⑾ 투수판에 중심발을 대고 있는 투수가 고의 여부에 관계없이 공을 떨어뜨렸을 경우
⑿ 고의4구를 진행 중인 투수가 포수석 밖에 나가 있는 포수에게 투구하였을 경우
[주] ‘포수석 밖에 있는 포수’라는 것은 포수가 포수석 안에 두 발을 모두 두지 않은 것을 말한다. 따라서 고의4구가 진행되고 있을 때 공이 투수의 손을 떠나기 전에 포수가 한쪽 발이라도 포수석 밖으로 내놓으면 이 항이 적용된다.
⒀ 투수가 세트 포지션으로 투구할 때 완전히 정지하지 않고 투구하였을 경우
[벌칙] 6.02⒜각 항에 해당되는 경우에는 볼 데드가 되고 각 주자는 아웃될 염려 없이 1개 베이스를 진루할 수 있다. 단, 타자가 안타, 실책, 4사구, 기타로 1루에 도달하고 다른 주자들도 최소한 1개 베이스 이상 진루하였을 때는 보크와 관계없이 플레이는 계속된다.
[부기1] 투수가 보크를 하고도 베이스나 홈으로 악송구를 하였을 경우 주자는 아웃될 위험을 무릅쓰고 주어지는 베이스보다 더 많이 진루할 수 있다.
[부기2] 이 규칙의 벌칙을 적용받은 주자가 안전진루권이 주어진 최초의 베이스를 밟지 않고 지나쳐 어필 아웃을 당하더라도 1개 베이스를 진루한 것으로 해석한다.
[원주] 심판원은 보크 규정의 목적이 투수가 고의로 주자를 속이려는 것을 막으려는 데에 있다는 것을 명심해야 한다. 의심스러운 때는 투수의 의도가 무엇이었는지가 해결의 기준이 된다. 심판원이 명심해야 할 사항은 다음과 같다.
① 공을 갖지 않고 투수판 부근에 가로서는 것은 무조건 주자를 속이려는 뜻으로 보고 보크를 선고한다."
RULE_COMMON_BR_6.02_p3,RULE,BASEBALL_RULES,2026_KBO야구규칙.pdf,2026,ARTICLE,"6.00 부적절한 플레이, 금지행동, 비신사적 행위",6.02,투수의 반칙행위,3,6,119,126,OFFICIAL,CONFIRMED,d628873eec8a44ac,"[공식야구규칙 2026] 6.00 부적절한 플레이, 금지행동, 비신사적 행위 > 6.02 투수의 반칙행위 (3/6)
② 1루에 주자가 있을 때 투수는 1루에 대한 머뭇거림이 없이 완전히 회전하여 2루에 송구해도 좋다. 이때는 빈 베이스에 송구한 것으로 보지 않는다.
[주1] 투수 보크가 일어난 투구가 4사구가 되었을 경우 주자 1루, 1·2루 또는 만루일 때는 그대로 플레이를 계속하나, 주자가 2루, 3루 또는 2·3루 및 1·3루일 때는 벌칙의 앞부분을 적용한다. 포수나 다른 야수의 타격방해는 포함되지 않는다.
[주2] [부기1]의 악송구에는 투수의 악송구 뿐 아니라 투수로부터의 송구를 잡지 못한 야수의 미스 플레이도 포함된다. 주자가 투수의 악송구 또는 야수의 미스 플레이를 이용하여 보크에 의해 주어진 것보다 더 많은 진루를 시도할 때에는 보크와 관계없이 플레이는 계속된다.
⒝비어있는 베이스에 대한 반칙투구 베이스에 주자가 없을 때 투수가 반칙투구를 하였을 경우 그 투구는 볼이 선고된다. 단, 타자가 안타, 실책, 4사구 등으로 1루에 나갔을 때는 제외한다.
[원주] 투구동작 중 투수의 손에서 미끄러진 공이 파울 라인을 넘게 되면 볼로 선고되고 넘지 않았을 경우에는 투구로 보지 않는다. 그러나 주자가 베이스에 있을 때는 보크가 된다.
[주] 주심은 반칙투구에 대하여 볼을 선고하였으면 그것이 반칙투구에 의한 것임을 투수에게 알려야 한다. 또한 6.02⒞⑹을 위반하였을 경우 그 벌칙을 적용한다."
RULE_COMMON_BR_6.02_p4,RULE,BASEBALL_RULES,2026_KBO야구규칙.pdf,2026,ARTICLE,"6.00 부적절한 플레이, 금지행동, 비신사적 행위",6.02,투수의 반칙행위,4,6,119,126,OFFICIAL,CONFIRMED,4352f275b88b2aca,"[공식야구규칙 2026] 6.00 부적절한 플레이, 금지행동, 비신사적 행위 > 6.02 투수의 반칙행위 (4/6)
⒞투수의 금지사항 투수는 다음의 행위를 해서는 안 된다.
⑴ 투수가 투수판을 둘러싼 18피트의 둥근 원 안에 있는 동안 입 또는 입술을 만진 후 공을 바로 만지는 행위, 혹은 투수판을 밟고 입 또는 입술을 만지는 행위. 투수는 공을 만지기 전 또는 투수판을 밟기 전에 투구하는 손의 손가락을 확실하게 닦고 건조시켜야 한다.
[예외] 심판원은 추운 날씨에는 경기에 앞서 양 팀 감독의 동의를 얻어 투수가 손을 부는 행위를 허용할 수 있다.
[벌칙] 이 규칙을 위반할 경우 심판원은 즉시 볼을 회수하고 투수에게 경고해야 한다. 이후 반복된 규칙 위반에는 볼을 선언한다. 그러나 투구가 진행되고 타자가 안타, 에러, 사구 등으로 1루에 나가고 다른 주자들도 아웃됨이 없이 최소 1개 베이스 이상 진루하였을 경우 위반행위와는 상관없이 플레이는 계속된다. 그리고 이러한 위반을 반복한 투수는 총재가 벌금을 부과한다.
⑵ 공, 손 또는 글러브에 침을 바르는 것
⑶ 공을 글러브, 몸 또는 유니폼에 문지르는 것
⑷ 공에 이물질을 바르는 것
⑸ 공을 어떠한 형태로든 훼손하는 것
⑹ 규칙 6.02(c)(2)~(5)에 규정된 공 혹은 샤인 볼, 스핏 볼, 머드 볼, 에머리 볼을 투구하는 것 단, 투수가 맨손으로 공을 문지르는 것은 허용된다.
[주] 샤인 볼(shine ball)-공을 마찰하여 미끌거리게 한 것스핏 볼(spit ball)-공에 침을 바른 것 머드 볼(mud ball)-공에 진흙을 바른 것 에머리 볼(emery ball)-공을 샌드페이퍼로 문질러 거칠게 한 것 또한 공에 입김을 쏘이는 것도 금지되어 있다.
⑺ 투수가 이물질을 신체에 붙이거나 지니고 있는 것
[원주] 투수는 손, 손가락, 손목에 어떠한 것도 부착해서는 안 된다(예 : 반창고, 테이핑, 접착제, 팔찌 등). 심판원은 규칙 6.02"
RULE_COMMON_BR_6.02_p5,RULE,BASEBALL_RULES,2026_KBO야구규칙.pdf,2026,ARTICLE,"6.00 부적절한 플레이, 금지행동, 비신사적 행위",6.02,투수의 반칙행위,5,6,119,126,OFFICIAL,CONFIRMED,f4ff4658f5af5f80,"[공식야구규칙 2026] 6.00 부적절한 플레이, 금지행동, 비신사적 행위 > 6.02 투수의 반칙행위 (5/6)
(c)(7)에 따라 부착물이 이물질인지 여부를 결정해야 하지만 어떤 경우에도 투수가 손, 손가락 또는 손목에 부착물을 착용하고 투구할 수 없다.
[주1] 테이핑 등 이물질 부착 관련-경기 중 투수의 신체에 이물질 부착이 심판 또는 상대팀 어필에 의해 확인된 경우 심판원의 재량 하에 타자의 타격행위에 혼돈을 주지 않고 투구변화에 영향을 주지 않는다고 판단되면 허용한다.
[주2] 건강목걸이 등 착용-경기에 지장이 없고 관례적으로 허용되는 것은 인정하되 상대팀 어필이 있을 경우 심판원이 판단하여 결정한다(목걸이, 귀걸이, 아이패치 등).
⑻ 타자가 타자석에 있을 때 포수 이외의 야수에게 송구하여 고의로 경기를 지연하는 것 단, 주자를 아웃시키려 하였을 경우는 제외한다.
[벌칙] 심판원은 일단 경고한다. 그런데도 이러한 지연행위가 반복될 경우 그 투수를 퇴장시킨다.
[주] 투수가 투수판에서 떨어진 채로 포수의 사인을 받는 일이 가끔 있어 경기를 지연시키고 있다. 이것은 좋지 못한 습관이므로 감독 및 코치는 이것을 고치도록 노력하여야 한다.
⑼ 고의적으로 타자를 맞히려고 투구하는 것 이 같은 반칙행위가 생겼다고 심판원이 판단하였을 때 심판원은 다음 중 택일할 수 있다.
(A) 그 투수 또는 그 투수와 감독을 한꺼번에 경기에서 퇴장시킨다.
(B) 그 투수와 양 팀 감독에게 이 같은 투구가 다시 나올 때는 그 투수(또는 그 투수를 구원 등판한 투수)와 감독이 퇴장당한다는 요지의 경고를 한다. 만약 심판원은 필요한 상황이라고 판단될 때는 경기개시 전 또는 경기 중에 언제든지 양 팀에 경고할 수 있다. 총재는 규칙 8.04에 규정된 권한에 따라 추가 제재를 가할 수 있다.
[원주] 팀의 구성원은 규칙 6.02(c)(9)에 따라 내려진 경고에 대하여 이의를 제기하거나 논쟁하기 위해 경기장에 나올 수 없다. 만약 감독, 코치, 선수가 덕아웃 혹은 자신의 위치를 떠나 이의를 제기할 경우 중단하라는 경고를 받아야 한다. 만약 항의가 계속된다면 퇴장당할 수 있다.
타자의 머리를 향해 투구하는 것은 스포츠정신에 위배되고 대단히 위험하다. 이러한 행위는 누구에게든 비난 받을 것이다. 심판원은 지체없이 본 규칙을 엄격히 적용하여야 한다."
RULE_COMMON_BR_6.02_p6,RULE,BASEBALL_RULES,2026_KBO야구규칙.pdf,2026,ARTICLE,"6.00 부적절한 플레이, 금지행동, 비신사적 행위",6.02,투수의 반칙행위,6,6,119,126,OFFICIAL,CONFIRMED,a1584eb852dee995,"[공식야구규칙 2026] 6.00 부적절한 플레이, 금지행동, 비신사적 행위 > 6.02 투수의 반칙행위 (6/6)
⒟벌칙 (c)의 (2)~(7) 중 그 어느 하나를 위반하는 경우
⑴ 투수는 경기에서 즉시 퇴장당하며 자동적으로 출전이 정지된다.
마이너리그 주관 경기는 자동적으로 10경기 출장 정지된다.
⑵ 심판원에 의해 위반이 선언되고 플레이가 이어졌을 경우 공격 측의 감독은 주심에게 해당 플레이 결과를 선택하기로 결정했다고 통보할 수 있다. 그러한 선택은 플레이가 끝나고 즉시 이루어져야 한다. 그러나 타자가 안타, 실책, 4사구 등으로 1루에 출루하였고 나아가 다른 주자가 다음 루에 도달하거나 본래의 루(다음 루에 도달하기 전에 아웃이 되지 않음)에 머무는 경우에는 반칙과 관계없이 플레이는 계속된다.
⑶ 공격 측이 플레이를 선택하더라도 위반사항은 인정되며 ⑴항의 벌칙은 여전히 유효하다.
⑷ 공격 측 감독이 플레이를 선택하지 않으면 주심은 주자가 없으면 볼을 선언하고, 주자가 있으면 보크를 선언한다.
⑸ 투수가 각 항을 위반했는지의 여부는 심판원만이 결정한다.
[6.02(d) 원주1] 투수가 규칙 6.02(c)(2) 또는 규칙 6.02(c)(3) 중 하나를 위반하고 심판의 판단에 따라 투수가 공의 특성을 변경할 의도가 없었다면, 심판원의 재량으로 규칙 6.02(c)(2)~6.02(c)(6) 위반에 대한 페널티를 적용하는 대신 투수에게 경고를 줄 수 있다. 그러나 투수가 반복해서 규칙을 위반하는 경우 페널티를 적용해야 한다.
[6.02(d) 원주2] 만약 로진 백에 공이 맞았을 경우 인 플레이다. 비가 오거나 경기장이 젖어 있을 경우 심판원은 투수에게 로진 백을 뒷주머니에 넣어 두도록 지시할 수 있다(투수는 로진 백을 맨 손에 바르는 용도로 사용할 수 있다. 투수를 포함한 모든 야수는 로진을 공이나 글러브에 바르거나 로진 백을 사용하여 유니폼을 털 수 없다)."
RULE_COMMON_BR_6.03_p1,RULE,BASEBALL_RULES,2026_KBO야구규칙.pdf,2026,ARTICLE,"6.00 부적절한 플레이, 금지행동, 비신사적 행위",6.03,타자의 반칙행위,1,6,126,132,OFFICIAL,CONFIRMED,1e9f2f3a146ea81a,"[공식야구규칙 2026] 6.00 부적절한 플레이, 금지행동, 비신사적 행위 > 6.03 타자의 반칙행위 (1/6)
⒜다음의 경우 타자는 반칙행위로 아웃된다.
⑴ 타자가 한 발 또는 양 발을 완전히 타자석 밖에 두고 타격을 했을 경우
[원주] 타자가 타자석 밖에서 투구를 쳤을 때는 페어 볼이나 파울 볼에 상관없이 아웃이 선고된다. 심판원은 고의4구가 진행되는 동안 투구를 치려는 타자의 발 위치에 특별히 주의를 기울여야 한다. 타자석에서 점프하거나 타자석을 벗어나면서 투구를 쳐서는 안 된다.
⑵ 투수가 투구할 준비동작에 들어갔을 때 타자가 한쪽 타자석에서 다른 쪽 타자석으로 옮겼을 경우
[주] 투수가 투수판을 밟고 포수와 사인을 교환하고 있을 때 타자가 한쪽 타자석에서 다른 쪽으로 옮겼을 때도 이 항을 적용하여 타자는 아웃이다.
⑶ 타자가 타자석을 벗어남으로써 포수의 수비나 송구를 방해하였을 경우 또는 어떠한 동작으로든 본루에서의 포수의 플레이를 방해하였을 경우"
RULE_COMMON_BR_6.03_p2,RULE,BASEBALL_RULES,2026_KBO야구규칙.pdf,2026,ARTICLE,"6.00 부적절한 플레이, 금지행동, 비신사적 행위",6.03,타자의 반칙행위,2,6,126,132,OFFICIAL,CONFIRMED,efe7cd1e4d60e138,"[공식야구규칙 2026] 6.00 부적절한 플레이, 금지행동, 비신사적 행위 > 6.03 타자의 반칙행위 (2/6)
⑷ 타자가 제3스트라이크 투구 또는 주자가 있는 상황에서 배트를 페어 또는 파울지역으로 던져 포수(미트 포함)를 맞혔을 경우[예외] 진루하려던 주자가 아웃되었거나 득점하려던 주자가 타자의 방해 때문에 아웃을 선고받았을 경우 타자는 아웃되지 않는다.
[원주] 타자가 포수를 방해하였을 때 주심은 “인터피어런스(수비방해)”를 선언하여야 하며, 타자는 아웃되고 볼 데드가 된다.
공격 측 방해가 있었을 때는 모든 주자는 진루할 수 없고 방해 발생 순간에 있었으리라고 심판원이 판단하는 베이스로 돌아가야 한다. 그러나 포수가 진루하려던 주자를 아웃시켰다면 방해가 없었던 것으로 간주하여 그 주자만 아웃이 되고 타자는 아웃되지 않는다. 이때 다른 주자는 [주자가 아웃되면 방해는 없었던 것으로 간주한다]는 규칙에 따라 진루도 가능하다. 이럴 경우 아무런 규칙 위반의 선언이 없었던 것처럼 플레이는 계속된다. 타자가 워낙 힘차게 배트를 휘두르다가 그 여세로 배트가 포수에게 닿았거나, 아무런 고의성 없이 백스윙하던 배트가 아직 확실하게 포구되지 않은 투구나 포수에 닿았기 때문에 포수가 공을 잡지 못하였다고 심판원이 판단하였을 때는 타자의 방해를 선언하지 않고 볼 데드로 하며 주자의 진루는 허용하지 않는다. 타자에 대하여는 그것이 제1스트라이크, 제2스트라이크일 때는 스트라이크만 선언하고 제3스트라이크일 때는 타자 아웃으로 한다(제2스트라이크 뒤의 파울 팁도 포함된다).
[주1] 타자가 스윙하지 않았는데 포수가 투구를 놓쳐 그 공이 타자석 안에서 타자가 들고 있는 배트에 닿았을 때는 볼 인 플레이다.
[주2] 이 항은 포수 외에 다른 야수의 본루에서의 플레이를 타자가 방해하였을 경우에도 포함한다. 타자가 방해행위를 했더라도 주자를 실제로 아웃시켰을 때는 타자는 그대로 두고 그 주자의 아웃을 인정하여 방해와 관계없이 플레이는 계속된다. 그러나 아웃시킬 기회는 있었으나 야수의 실책으로 주자가 살았을 때는 이 항의 앞부분을 적용하여 타자를 아웃시킨다(단, KBO에서는 포수의 송구에 의해 런다운 플레이가 시작되면 심판원은 곧바로 “타임”을 선언하여 볼 데드로 하고 타자를 방해에 의한 아웃으로 선고하고, 주자는 점유하고 있던 베이스로 돌려보낸다. 아마추어 야구에서는 포수의 송구에 의해 런다운 플레이가 시작되어 그 플레이 중에 수비 측의 실수로 주자가 살았을 경우에 한하여 실제로 아웃은 성립되지 않았으나 방해와는 관계없이 플레이는 계속되고 타자는 아웃으로 하지 않는다)."
RULE_COMMON_BR_6.03_p3,RULE,BASEBALL_RULES,2026_KBO야구규칙.pdf,2026,ARTICLE,"6.00 부적절한 플레이, 금지행동, 비신사적 행위",6.03,타자의 반칙행위,3,6,126,132,OFFICIAL,CONFIRMED,1f061237367b9201,"[공식야구규칙 2026] 6.00 부적절한 플레이, 금지행동, 비신사적 행위 > 6.03 타자의 반칙행위 (3/6)
⑸ 타자가 어떤 방법으로든 공의 비거리를 늘리거나 이상한 반발력이 생기도록 개조·가공하였다고 심판원이 판단하는 배트를 쓰거나 쓰려 했을 경우 여기에는 배트에 이물질을 끼우거나, 표면을 평평하게 하거나, 못을 박거나, 속을 비우거나, 홈을 파거나, 파라핀 왁스를 칠하는 것 등이 포함된다.
어떠한 진루도 허용되지 않지만 이 배트를 사용하여 벌어진 플레이에서 발생한 아웃은 그대로 인정된다. 타자는 아웃되어 경기에서 퇴장당하며, 뒤에 총재에 의해 페널티가 주어진다.
[부기] 심판원은 타자가 공의 비거리를 늘리거나 반발력에 영향을 주기 위해 개조·가공한 부정 배트 또는 비공인 배트를 사용한 사실을 타격 전이나 타격 중에 발견하였을 경우 경고 후 곧바로 교체하고 제재금 200만원을 과하며, 발견시점이 타격완료 직후일 경우에는 해당 기록 무효 처리 후 곧바로 아웃을 선고하고 제재금 500만원을 과한다. 또한 경기종료 이후 발견하였거나 경기 중이라도 규칙상 어필 시기가 지난 이후 발견하였을 경우에는 기록은 인정되나 제재금 500만원을 과한다.
심판원은 타자가 유색배트 규정이나 그을림 효과 등과 같은 제조 기준을 위반한 배트를 사용한 사실을 타격 전이나 타격 중에 발견하였을 경우 경고 후 곧바로 교체하고 제재금 30만원을 과하며 발견시점이 타격완료 직후일 경우에는 해당 기록은 인정되지만 제재금 50만원을 과한다. 또한 경기종료 이후 발견하였거나 경기 중이라도 규칙상 어필 시기가 지난 이후 발견하였을 경우에는 기록은 인정되나 제재금 100만원을 과한다."
RULE_COMMON_BR_6.03_p4,RULE,BASEBALL_RULES,2026_KBO야구규칙.pdf,2026,ARTICLE,"6.00 부적절한 플레이, 금지행동, 비신사적 행위",6.03,타자의 반칙행위,4,6,126,132,OFFICIAL,CONFIRMED,1a8c56d420f59d6d,"[공식야구규칙 2026] 6.00 부적절한 플레이, 금지행동, 비신사적 행위 > 6.03 타자의 반칙행위 (4/6)
⒝타격순서 착오 (batting out of turn)
⑴ 타자가 자기 차례에 타격을 하지 못하고 다른 선수가 타격을 끝냈을 경우 상대팀이 어필하면 아웃이 선언된다.
⑵ 부정위타자(improper batter)가 아웃되거나 주자가 되어 타격을 완료하기 전이면 정위타자(proper batter)는 부정위타자의 볼카운트를 이어받아 타자석을 넘겨 받을 수 있다.
⑶ 부정위타자가 타격을 끝냈을 때 다음 타자에게 투구하거나 다른 플레이를 하기 전에 주심에게 어필하면 주심은 (A) 정위타자에게 아웃을 선고하고 (B) 부정위타자의 타격에 의하거나 부정위타자가 안타, 실책, 4사구 같은 것으로 1루에 나감에 따라 일어난 모든 진루나 득점은 무효로 한다.
⑷ 주자가 부정위타자의 타격 도중에 도루, 보크, 폭투, 패스트볼 등으로 진루하는 것은 정규의 진루이다.
[주1] 이 항의 ⑶, ⑸, ⑺에서 말하는 ‘투수의 투구’라 함은 투수가 다음 타자에게 1구를 던졌을 경우는 물론 비록 투구하지 않더라도 그 전에 플레이를 하거나 플레이를 시도하는 경우도 포함된다. 단, 어필하기 위한 송구 등은 여기서 말하는 플레이에 포함되지 않는다. 또 이닝의 초 또는 말이 끝났을 때의 어필 시기에 관해서는 5.09⒞를 적용한다.
[주2] 부정위타자의 타격에 의하거나 부정위타자의 1루 출루에 따라 생긴 모든 진루 및 득점을 무효로 한다고 했으나 진루 뿐 아니라 부정위타자의 타격행위에 의한 모든 결과를 무효로 한다. 즉, 부정위타자가 2루 앞 땅볼을 쳐서 1루주자가 2루에서 포스 아웃된 뒤 어필에 의해 정위타자가 아웃을 선고받으면 1루주자의 포스 아웃은 취소된다.
⑸ 부정위타자가 타격을 끝낸 뒤 어필이 없이 다음 타자에게 투구하였을 경우 부정위타자는 정위타자로 인정되며 그 타격 결과는 정당한 것이 된다.
⑹ 정위타자가 타격순서 착오로 아웃이 선언되었을 경우 다음 타자는 그 정위타자 다음 타순에 올라 있는 타자이다."
RULE_COMMON_BR_6.03_p5,RULE,BASEBALL_RULES,2026_KBO야구규칙.pdf,2026,ARTICLE,"6.00 부적절한 플레이, 금지행동, 비신사적 행위",6.03,타자의 반칙행위,5,6,126,132,OFFICIAL,CONFIRMED,794043aa4ee7c376,"[공식야구규칙 2026] 6.00 부적절한 플레이, 금지행동, 비신사적 행위 > 6.03 타자의 반칙행위 (5/6)
⑺ 부정위타자가 투수의 투구 전에 어필이 없었으므로 정위타자로 인정되었을 경우 다음 타자는 이 정당화된 부정위타자의 다음 타순에 올라 있는 타자이다. 부정위타자의 타격행위가 정당화되면 타격순서는 즉각 그 정당화된 부정위타자의 다음 타자에게로 건너뛴다.
[원주] 심판원은 부정위타자가 타자석 안에 있다는 사실을 어느 누구에게도 주의를 환기시켜서는 안 된다. 이 규칙은 양 팀 감독 및 선수들이 끊임없는 주의를 기울이도록 하기 위해 만들어진 것이다. 이 규칙에는 두 가지 명심해야 할 사항이 있다.
타격순서 착오를 일으켰다면 아웃으로 선고되는 선수는 정위타자이다. 만약 부정위타자가 아웃되거나 출루하고 나서 어필 없이 다음 투구가 이뤄지거나 다른 플레이가 벌어진다면 부정위타자가 정위타자로 인정되고 거기서부터 타격순서가 이어진다.
[부기] 타순을 다음과 같이 가정하고 타순 착오로 생기는 여러 경우를 예를 들어 설명한다.
타순 1 2 3 4 5 6 7 8 9타자 A B C D E F G H I [예제1] A 타순에 B가 타석에 들어가 볼카운트 2B-1S가 되었을 때
① 공격 측이 타순의 잘못을 알았다.
② 수비 측이 어필하였다.
해답 : 어느 경우든 A는 볼카운트 2B-1S를 인계받아 타자석에 들어가 공격한다. 이때 아웃은 되지 않는다.
[예제2] A 타석에서 B가 2루타를 쳤다. 이 경우
① 수비 측이 곧바로 어필하였다.
② 수비 측이 C에게 1구를 던진 뒤에 어필하였다.
해답 : ① 정위타자 A는 아웃이 되고, B가 다시 타자가 된다.
해답 : ② B는 그대로 2루에 머무르고, C가 정규의 다음 타자가 된다.
[예제3] A, B 모두 4구로 나가고 C는 땅볼을 쳐서 B를 포스 아웃시키고 A를 3루로 진루시켰고 D 타순에 E가 타자석에 들어섰다. E의 타격 도중 폭투가 일어나 A는 득점하고 C는 2루에 진루하였다. E는 땅볼로 아웃되면서 C를 3루에 보냈다.
이 경우
① 수비 측이 곧바로 어필하였다.
② 수비 측이 다음 타자석에 들어간 D에게 1구를 던진 뒤 어필하였다.
해답 : ① 정위타자 D가 아웃을 선언받고 E의 타격행위로 3루에 진루한 C는 2루로 돌아와야 하지만, 폭투 에 의한 A의 득점 및 C의 2루 진루는 E의 타격행위와는 관계없이 이루어진 것이므로 유효하
다. E는 다음 정위타자가 되어 또 다시 치지 않 으면 안 된다.
해 답 :② A의 득점은 인정되고 C는 3루에 머무른다. 정당화된 E 다음의 F가 정규의 다음 타자가 된다.
[예제4] 2사 만루, F 타순에 나온 H가 3루타를 쳐서 모든 주자를 득점시켰다. 이때
① 수비 측이 곧바로 어필하였다."
RULE_COMMON_BR_6.03_p6,RULE,BASEBALL_RULES,2026_KBO야구규칙.pdf,2026,ARTICLE,"6.00 부적절한 플레이, 금지행동, 비신사적 행위",6.03,타자의 반칙행위,6,6,126,132,OFFICIAL,CONFIRMED,47dda084f76a5567,"[공식야구규칙 2026] 6.00 부적절한 플레이, 금지행동, 비신사적 행위 > 6.03 타자의 반칙행위 (6/6)
② 수비 측은 G에게 1구를 투구한 뒤 어필하였다.
해답 : ① 정위의 F가 아웃을 선고받고 득점은 전혀 인정되지 않는다. G가 다음 이닝의 선두타자가 된다.
해답 : ② H는 3루에 머무르고 3점이 기록된다. I가 정규의 다음 타자가 된다.
[예제5] 2사 만루, F 타순에 H가 나가 3루타를 쳐서 모든 주자를 득점시켰다. 뒤이어 타자석에 들어간 G에게 1구가 투구된 뒤에
① H는 3루에서 투수 견제구로 아웃되어 공수교대가 되었다.
② G가 플라이 볼을 치고 아웃되어 공수교대가 되었으나, 어필이 없이 상대팀이 공격에 들어갔다.
위의 두 가지 경우 누가 다음 이닝의 선두타자가 되는가? 해답 : ① I이다. G에게 1구를 투구함으로써 H의 3루타는 정당화되었고, I가 정규의 다음 타자가 된다.
해답 : ② H이다. 공수교대 전에 어필이 없었으므로 G의 타격행위는 정당화되므로 H가 정규의 다음 타 자가 된다.
[예제6] A 타순에 D가 나와 4구를 얻은 뒤, A가 타자석에 서고 1구가 투구되었다. 이때 투구 전에 어필이 있었더라면 정위타자인 A가 아웃 선고를 받고 D의 4구는 취소되어 B가 정규의 다음 타자가 되겠지만, 이미 A에게 1구가 던져졌으므로 D의 4구는 정당화되어 E가 정규의 다음 타자가 된다. 그러나 부정위타자인 A는 그대로 타격을 펼쳐 플라이 아웃이 되고, B가 타자석에 들어섰다. 이때 B에게 1구가 투구되기 전에 어필이 있다면 정위타자인 E가 아웃 선고를 받고 F가 정규의 다음 타자가 될 것이다. 또 다시 어필 없이 B에게 1구가 투구되었으므로 이번에는 A의 타격행위가 정당화되어 B가 정규의 다음 타자가 되었다.
그 B가 4구를 얻어 D를 2루로 보내고, 다음 타자인 C는 플라이 볼을 쳐서 아웃이 되었다. D가 정규의 다음 타자가 되어야 하는데, 2루주자로 나가 있다. 이때 누가 정규의 다음 타자가 되는가? 해답 : D의 타순은 잘못되어 있으나 이미 정당화되었고, 베이스에 있으므로 D를 빼놓고 E를 정규의 다음 타자로 한다."
RULE_COMMON_BR_6.04,RULE,BASEBALL_RULES,2026_KBO야구규칙.pdf,2026,ARTICLE,"6.00 부적절한 플레이, 금지행동, 비신사적 행위",6.04,경기 중 금지사항,1,1,132,134,OFFICIAL,CONFIRMED,0d02e67ee8eb8881,"[공식야구규칙 2026] 6.00 부적절한 플레이, 금지행동, 비신사적 행위 > 6.04 경기 중 금지사항
⒜감독, 선수, 후보선수, 코치, 트레이너 및 배트보이는 어느 때이거나 벤치, 코치석, 그 밖에 경기장 안의 어떤 장소에서도 다음과 같은 행위를 하여서는 안 된다.
⑴ 말이나 사인 등으로 관중의 소란을 부추기는 것
⑵ 어떤 방법으로든지 상대팀의 선수, 심판원 또는 관중을 향해 폭언하는 것
⑶ 볼 인 플레이 중에 “타임”이라고 외치거나 기타 어떤 말이나 행동으로 명백히 투수의 보크를 유도하는 것
⑷ 어떠한 형태로든 심판원에게 고의로 접촉하는 것
⒝유니폼을 입은 선수는 다음 사항을 금한다.
⑴ 선수가 경기 전, 경기 중 또는 경기종료 후를 막론하고 관중에게 말을 걸거나 함께 어울리거나 스탠드에 앉는 것
⑵ 감독, 코치 또는 선수가 경기 전이나 경기 중 관중에게 말을 걸거나 상대의 선수와 친한 태도를 취하는 것
[주] 아마추어 야구에서는 다음 경기에 출전할 선수가 스탠드에 앉아 관전하는 것을 허용할 경우도 있다.
⒞야수는 타자의 시선을 막아서서 스포츠맨 정신에 어긋나는 의도를 갖고 고의적으로 타자를 현혹시켜서는 안 된다.
[벌칙] 심판원은 반칙자를 경기에서 퇴장시키고 경기장 밖으로 내보내야 한다. 그리고 투수가 보크를 범했더라도 무효로 한다.
⒟감독, 선수, 코치 또는 트레이너는 경기에서 퇴장당하면 곧바로 경기장을 떠나야 하며 그 경기의 나머지 부분에 관여할 수 없다. 경기에서 퇴장당한 사람은 클럽하우스 안에 머물러 있거나 사복으로 갈아입고 야구장을 떠나거나 자기 팀의 벤치로부터 멀리 떨어진 관중석에 앉아 있어야 한다.
[원주] 출전정지 중인 감독, 코치 또는 선수는 유니폼을 입을 수 있으며, 경기 전 팀 훈련에 참가할 수 있다. 그러나 경기 중에는 사복으로 갈아입어야 하고, 덕아웃 또는 경기 중에 선수들이 머무는 장소에서 멀리 떨어져 있어야 한다. 또한 경기 중에 관중석에서 경기를 관람할 수 있지만, 기자석이나 중계 구역에 있는 것은 허용되지 않는다.
⒠벤치에 있는 자가 심판원의 판정에 대하여 지나친 불만을 표시하였을 때 심판원은 일차적으로 경고하고, 그럼에도 불구하고 이러한 행위가 계속될 때는 다음과 같은 조치를 취한다.
[벌칙] 심판원은 위반자에게 벤치로부터 클럽하우스로 갈 것을 명한다(클럽하우스가 없는 구장에서는 경기를 볼 수 없는 곳). 만일 심판원이 위반자를 적발해낼 수 없으면 후보선수 전원을 벤치에서 퇴장시킬 수 있다. 그 팀 감독은 교체에 필요한 선수만 경기장으로 다시 불러들일 수 있다."
RULE_COMMON_BR_7.01_p1,RULE,BASEBALL_RULES,2026_KBO야구규칙.pdf,2026,ARTICLE,7.00 경기의 종료,7.01,정식경기(Regulation Game),1,2,135,137,OFFICIAL,CONFIRMED,7fd277c127e11693,"[공식야구규칙 2026] 7.00 경기의 종료 > 7.01 정식경기(Regulation Game) (1/2)
⒜정식경기는 보통 9회로 성립되지만 다음과 같은 예외가 있다. 즉, 동점으로 경기가 연장전으로 들어가거나, 다음과 같은 이유로 경기가 단축될 수 있다.
⑴ 홈구단이 상대팀보다 더 많은 득점을 올려 9회말 공격의 전부 또는 일부를 필요로 하지 않을 경우
⑵ 주심이 콜드게임을 선고하였을 경우 [예외] 마이너리그(National Association)는 더블헤더 중의 첫 번째 경기나 두 번째 경기 또는 두 경기 모두를 7회로 단축하는 규정을 채택할 수 있다. 이때 9회로 되어 있는 것을 7회로 바꾸는 것 외에는 모두 이 규칙을 따라야 한다.
⒝두 팀이 9회의 공격을 끝내고도 득점이 같을 때는 연장전을 이어가야 하는데 ⑴ 연장 회의 초, 말을 모두 끝냈을 때 원정구단의 득점이 홈구단의 득점보다 많을 경우 ⑵ 홈구단이 연장전 말 공격 도중에 결승점을 기록하였을 경우 경기는 종료된다.
⒞주심이 중도종료를 선고한 경기(콜드게임)가 다음에 해당할 경우 정식경기가 된다.
⑴ 5회를 끝낸 뒤에 종료를 선고한 경기
⑵ 5회초를 마쳤거나 5회말 공격이 진행되는 도중에 홈구단의 득점이 원정구단의 득점보다 많아졌을 때 종료를 선고한 경기
⑶ 5회말 공격 중에 홈구단이 득점하여 원정구단의 득점과 같아졌을 때 종료를 선고한 경기
[주] 아마추어 야구에서는 이 항을 적용할 때 정식경기가 될 이닝수를 대회 및 협회 등의 특별규칙으로 변경할 수 있다.
⒟경기가 끝났을 때 두 팀의 득점이 같을 경우 주심은 “무승부 경기”를 선고하여야 한다.
⒠정식경기가 되기 전에 경기종료를 명하였을 경우 주심은 “노게임”을 선고하여야 한다.
⒡정식경기 또는 7.01⒞에 규정된 시점까지 진행된 일시정지 경기는 우천교환권(rain check)을 발행하지 않는다."
RULE_COMMON_BR_7.01_p2,RULE,BASEBALL_RULES,2026_KBO야구규칙.pdf,2026,ARTICLE,7.00 경기의 종료,7.01,정식경기(Regulation Game),2,2,135,137,OFFICIAL,CONFIRMED,6c1940b7933444f8,"[공식야구규칙 2026] 7.00 경기의 종료 > 7.01 정식경기(Regulation Game) (2/2)
⒢정식경기의 스코어는 경기가 끝났을 때 두 팀의 총득점으로 결정한다.
⑴ 원정구단이 9회초 공격을 마쳤을 때 홈구단의 득점이 더 많으면 거기서 경기를 종료한다.
⑵ 두 팀이 9회의 공수를 마쳤을 때 원정구단의 득점이 더 많으면 원정구단의 승리가 된다.
⑶ 홈구단이 9회말 또는 연장전 말 공격에서 결승점을 얻으면 거기서 경기를 종료하고 홈구단의 승리가 된다.
[예외] 경기의 최종회 말 또는 연장전 말 공격에서 마지막 타자가 경기장 밖으로 홈런을 쳤을 경우 타자는 물론 베이스에 나가 있는 주자가 규칙대로 각 베이스에 닿으면 모두 득점으로 인정되며, 타자주자가 본루에 들어왔을 때 경기는 종료된다.
[원주] 9회말 또는 연장전 말에 경기장 밖으로 홈런을 친 타자가 앞의 주자를 추월한 까닭으로 아웃이 되었을 경우 경기는 결승점이 기록되는 순간 종료된다.
[주] 9회말 또는 연장전 말에 무사 또는 1사에서 타자가 홈런을 쳤을 때 어느 주자가 앞 주자를 추월하여 아웃이 되었을 경우 타자에게는 홈런이 인정되며, 경기는 타자가 본루에 닿는 순간 종료된다.
⑷ 콜드게임은 심판원이 플레이를 중지시키는 순간에 종료된다.
[예외] 정식경기가 성립되고 나서 어느 이닝이 진행되고 있는 도중에 주심이 콜드게임을 선고하였을 때 다음에 해당하는 경우에는 일시정지 경기가 된다(아마추어 야구에서는 양 팀이 완료한 최종 균등회까지의 총득점으로 그 경기의 승패를 결정한다).
① 원정구단이 그 회 초에 득점하여 홈구단의 득점과 동점이 되었으나 원정구단의 공격이 끝나기 전이거나, 홈구단의 공격이 시작되기 전, 또는 홈구단의 공격이 시작되었어도 득점하지 못한 상태에서 콜드게임이 선고된 경우
② 원정구단이 그 회 초에 리드하는 득점을 하였으나 원정구단의 공격이 끝나기 전, 또는 홈구단이 공격을 펼치던 도중 동점이나 리드를 하는 득점을 기록하지 못한 상태에서 콜드게임이 선고된 경우"
RULE_COMMON_BR_7.02_p1,RULE,BASEBALL_RULES,2026_KBO야구규칙.pdf,2026,ARTICLE,7.00 경기의 종료,7.02,일시정지 경기(Suspended Game),1,2,137,139,OFFICIAL,CONFIRMED,62d003e2382017d3,"[공식야구규칙 2026] 7.00 경기의 종료 > 7.02 일시정지 경기(Suspended Game) (1/2)
⒜아래와 같은 이유로 경기가 중단되었을 경우 추후 일정을 정해 잔여경기를 끝마치는 조건으로 일시정지 경기 규칙을 채택할 수 있다.
⑴ 법률에 따른 시간 제한
⑵ 리그 규약에 따른 시간 제한
⑶ 조명시설의 고장 또는 홈구단이 관리하고 있는 기계장치의 고장(내야덮개나 배수설비도 포함된다)
⑷ 어두워졌는데도 법률에 따라 조명시설을 사용할 수 없을 경우
⑸ 날씨 때문에 이닝 도중에 콜드게임이 선고되고 다음에 해당하는 상황일 때 (A) 원정구단이 1점 이상을 득점하여 동점을 만들고 홈구단이 득점하지 못했을 때 (B) 원정구단이 득점하여 리드를 잡고 홈구단이 재역전 시키거나 동점을 만들지 못했을 때
⑹ 날씨나 시간 제한 등으로 끝난 경기는 7.01에 따라 정식경기가 될 수 있는 횟수에 다다르지 않는 한 일시정지 경기로 처리할 수 없다. 7.02⒜의 ⑶ 또는 ⑷의 이유로 경기 중단의 선고가 있었을 때는, 횟수에 관계없이 일시정지 경기로 처리할 수 있다.
[부기] 콜드게임을 일시정지 경기로 처리하느냐 않느냐 하는 결정은 날씨 또는 이와 비슷한 이유(7.02⒜, ⑴~⑸)가 먼저 고려되어야 한다. 7.02⒜의 각 항에 따라 중단된 경기만이 일시정지 경기가 된다. 두 팀의 득점이 같을 때 날씨 때문에 중단된 정식경기는 무승부로 처리하며 처음부터 다시 재경기를 치른다(일시정지 경기의 사유가 되는 7.02⒜⑸(A)는 여기서 제외).
[주] 우리나라에서는 무승부경기로 처리하고 재경기를 치르지 않는다.
⒝일시정지 경기는 아래와 같은 요령으로 속개하여 잔여경기를 끝마친다.
⑴ 그 구장에서 벌어질 두 구단 사이의 다음 경기일정 중 싱글 경기(single game)에 앞서 치른다.
⑵ 그 구장에서 벌어질 두 구단 사이의 일정이 더블헤더만 남았을 때는 더블헤더 1차전에 앞서 치른다.
⑶ 그 도시에서 두 구단이 치르는 마지막 경기가 일시정지 되었을 때는 상대 구단 구장에서 치르되 가능하다면, (A) 두 구단 경기일정의 다음 싱글 게임에 앞서 치른다.
(B) 두 구단의 경기일정이 더블헤더만 남았을 때는 더블헤더 1차전에 앞서 치른다.
⑷ 두 구단의 마지막 일정에서 일시정지 경기가 발생하여 속개할 수 있는 일정을 잡을 수 없을 때는 콜드게임으로 처리한다."
RULE_COMMON_BR_7.02_p2,RULE,BASEBALL_RULES,2026_KBO야구규칙.pdf,2026,ARTICLE,7.00 경기의 종료,7.02,일시정지 경기(Suspended Game),2,2,137,139,OFFICIAL,CONFIRMED,bd6844fca5655517,"[공식야구규칙 2026] 7.00 경기의 종료 > 7.02 일시정지 경기(Suspended Game) (2/2)
⒞일시정지 경기는 원래 경기가 중단되었던 상태에서 재개하여야 한다. 일시정지 경기를 속행한다는 것은 원래의 경기를 끝마치는 것이므로 두 구단의 출장자와 타순은 정지하였던 때와 같아야 하나, 선수교체에 관한 규칙은 그대로 적용된다. 따라서 원래의 경기에 출전하지 않았던 선수는 속행된 경기에 교체선수로 출장할 수 있으나, 원래 경기에 일단 출전했다가 다른 선수와 교체되어 물러난 선수는 속행경기에 출전할 수 없다.
원래 경기에는 출전선수로 등록되지 않았더라도 속행경기의 출전선수로 등록돼 있으면 그 경기에 출전할 수 있다. 또 원래 경기에 출전하여 다른 선수와 교대하여 물러났기 때문에 출전 자격이 없는 선수의 등록이 말소되어 대신 등록된 선수라도 속행경기에는 출전할 수 있다.
[원주] 교체하여 출전한다고 발표된 투수가 그때의 타자(대타 포함)를 처리하거나 공수교대를 이루지 못한 채 일시정지를 맞았을 경우 그 투수는 속행경기의 선발투수로 출전하여도 되고 출전하지 않아도 된다. 그러나 속행경기에 출전하지 않았을 때는 다른 선수와 교대한 것으로 간주되어 그 뒤 그 경기에는 출전할 수 없다.
⒟정식경기 또는 7.01⒞에 규정된 것보다 더 많이 진행된 일시정지 경기는 우천교환권(rain check)을 발행하지 않는다."
RULE_COMMON_BR_7.03,RULE,BASEBALL_RULES,2026_KBO야구규칙.pdf,2026,ARTICLE,7.00 경기의 종료,7.03,몰수경기(Forfeited Game),1,1,139,141,OFFICIAL,CONFIRMED,6598ecccc003b803,"[공식야구규칙 2026] 7.00 경기의 종료 > 7.03 몰수경기(Forfeited Game)
⒜어느 팀이든지 다음 사항에 해당될 때는 몰수경기(forfeited game) 로 하여 상대팀에 승리를 줄 수 있다.
⑴ 주심이 경기개시 시간에 “플레이”를 선고하고 나서 5분이 지나도 경기장에 나오지 않거나 경기장에 나왔다 하더라도 경기를 거부하였을 경우 그러나 늦어지는게 불가피하다고 주심이 인정할 때는 관계없다.
⑵ 경기를 지연시키거나 단축시키기 위하여 명백히 술책을 썼을 경우
⑶ 주심이 일시정지 또는 경기종료를 선고하지 않았음에도 불구하고 경기의 속행을 거부하였을 경우
⑷ 일시정지 후 주심이 “플레이”를 선고하고 나서 1분 안에 경기를 다시 시작하지 않았을 경우
⑸ 심판원이 경고를 하였음에도 불구하고 고의로 집요하게 반칙행위를 거듭하였을 경우
⑹ 심판원으로부터 퇴장 명령을 받은 선수가 적당한 시간 안에 이에 따르지 않았을 경우
⑺ 더블헤더 제1경기가 끝난 뒤 30분 안에 제2경기를 치르기 위해 경기장에 나오지 않았을 경우 다만, 제1경기의 주심이 중간 휴식시간을 연장하였을 때는 관계없다.
[주] ① 주심이 더블헤더 제1경기에서 7.03⒜⑴ 앞부분(선수 불참) 을 적용하여 몰수경기를 선고하였을 경우 그 선고를 받은 팀이 선고 뒤 30분이 경과되어도 경기장에 나오지 않을 때는 제2경기도 몰수경기로 선고한다. 단, 제1경기를 몰수당한 팀이 선고 후 30분 안에 경기장에 나와 제2경기를 개시할 수 있을 때는 적당한 시간에 더블헤더 제2경기를 개시한다.
② 서로 다른 대전의 두 경기가 같은 날 일정에 짜여져 있을 때 그 제1경기가 7.03⒜⑴ 앞부분에 적용되어 몰수경기가 되었을 경우 제2경기를 개시할 수 있을 때는 제1경기의 개시 예정 시간 1시간 30분 이내의 알맞은 시간에 그 제2경기를 개시한다.
③ 이상의 경우 제2경기가 7.03⒜⑴ 앞부분 이외의 이유(구장 경우 등)로 개시하지 못하여도 그 제2경기에 대하여서는 몰수경기를 적용할 수 없다.
④ 서로 다른 대전의 제2경기에 출장하는 팀은 제1경기 개시 예정 시간 후 1시간 이내에 구장에 도착하여야 한다.
⑤ 제1, 제2경기를 막론하고 선수 불참으로 인하여 몰수경기가 선고되었을 경우 주심은 7.03⒟에 따라 사후 24시간 안에 총재에게 서면으로 그 사항을 보고하여야 하며, 총재는 사정을 조사한 뒤 선수 불참의 이유가 불가피하였다고 인정하거나 불참팀이 어쩔 수 없는 사정으로 늦어졌다고 인정하였을 경우에는 해당 경기의 몰수를 취소하고 뒷날 그 경기일정을 다시 정할 수 있다.
⒝어느 팀이 경기장에 9명의 선수를 내보내지 못하거나 또는 이것을 거부하였을 경우 그 경기는 몰수되어 상대팀이 승리하게 된다.
⒞주심이 경기를 잠시 정지시킨 뒤 재개에 필요한 준비를 경기관리인에게 명령하였음에도 불구하고 온당한 조치가 이루어지지 않을 경우 그 경기는 몰수경기가 되고 원정구단의 승리가 된다.
⒟주심이 몰수경기를 선고하였을 때는 선고 후 24시간 이내에 그 사유를 서면으로 총재나 회장에게 보고하여야 한다. 단, 주심이 이 보고를 하지 않더라도 몰수한 사실 자체는 변하지 않는다."
RULE_COMMON_BR_7.04,RULE,BASEBALL_RULES,2026_KBO야구규칙.pdf,2026,ARTICLE,7.00 경기의 종료,7.04,제소경기(Protesting Game),1,1,141,141,OFFICIAL,CONFIRMED,ec4efbaf4c7bf661,"[공식야구규칙 2026] 7.00 경기의 종료 > 7.04 제소경기(Protesting Game)
심판원의 결정에 대한 이의거나 본 규칙에 위배된 심판원의 재정에 대한 이의 여부에 관계없이 어떤 제소도 허용되지 않는다."
RULE_COMMON_BR_8.01,RULE,BASEBALL_RULES,2026_KBO야구규칙.pdf,2026,ARTICLE,8.00 심 판 원,8.01,심판원의 자격 및 권한,1,1,142,142,OFFICIAL,CONFIRMED,35866bef55db1d4e,"[공식야구규칙 2026] 8.00 심 판 원 > 8.01 심판원의 자격 및 권한
⒜총재는 1명 이상의 심판원을 지명하여 리그의 정규시즌 경기를 관장하도록 한다. 심판원은 공식야구규칙에 따라 경기를 관장하는 동시에 경기 중 경기장의 규율과 질서를 유지할 책임이 있다.
⒝각 심판원은 리그와 KBO의 대표자이며 이 규칙을 적용할 권한과 책임을 갖는다. 심판원은 선수, 코치, 감독 뿐 아니라, 각 팀의 임직원에게도 이 규칙의 시행에 필요한 업무를 수행하게 하거나 제지할 권한을 갖고 있으며 규정된 벌칙을 부과할 수 있다.
⒞각 심판원은 이 규칙에 명백히 규정되어 있지 않은 사항에 관해서는 재량에 의하여 재정을 내릴 권한이 있다.
⒟각 심판원은 선수, 코치, 감독 또는 교체선수가 재정에 이의를 제기하거나 스포츠맨답지 않은 언행을 취하였을 경우 출전 자격을 박탈하고 경기장 밖으로 퇴장시킬 권한이 있다. 심판원이 플레이가 진행되는 도중에 선수의 자격을 박탈하였을 경우 그 플레이가 종료된 후 비로소 자격박탈의 효력이 발생한다.
⒠각 심판원은 자기 판단에 따라 다음에 열거한 사람들을 경기장으로부터 퇴장시킬 권한을 갖는다. 즉,
⑴ 운동장 정비원, 안내원, 사진담당자, 기자, 방송국 직원 등과 같이 직책상 경기장 입장이 허가된 사람들
⑵ 경기장에 입장이 허가되지 않은 관중이나 기타 사람들"
RULE_COMMON_BR_8.02_p1,RULE,BASEBALL_RULES,2026_KBO야구규칙.pdf,2026,ARTICLE,8.00 심 판 원,8.02,심판원의 재정,1,2,142,144,OFFICIAL,CONFIRMED,56b70ca47addfad9,"[공식야구규칙 2026] 8.00 심 판 원 > 8.02 심판원의 재정 (1/2)
⒜타구가 페어이냐 파울이냐, 투구가 스트라이크이냐 볼이냐, 또는 주자가 아웃이냐 세이프이냐 하는 심판원의 판단에 따른 재정은 최종의 것이다. 선수, 감독, 코치 또는 교체선수는 그 재정에 대하여 이의를 제기할 수 없다.
[원주] 스트라이크· 볼 판정에 대하여 이의를 제기하려고 선수가 수 비위치 또는 베이스를 이탈하거나, 감독이나 코치가 벤치 또는 코치석을 떠나는 것은 허용되지 않는다. 투구판정에 이의를 제기하기 위하여 본루 쪽으로 오면 경고를 하고, 경고에도 불구하고 계속 다가오면 경기에서 퇴장시킨다.
⒝심판원의 재정이 규칙에 위배될지도 모른다는 합당한 의심이 있을 경우 감독만이 그 재정에 관하여 올바른 규칙 적용을 요구할 수 있다. 이 같은 어필은 부당한 재정을 내린 심판원에게만 하여야 한다.
[주1] 각 회의 초나 말이 끝났을 때는 투수 및 내야수가 페어지역을 떠 나기 전에 어필을 하여야 한다.
[주2] 심판원이 규칙에 위배되는 재정을 내렸음에도 불구하고 어필 없이 적정한 시간이 경과하면 설사 심판원이 잘못을 깨달았더라도 그 재정은 바꿀 수 없다."
RULE_COMMON_BR_8.02_p2,RULE,BASEBALL_RULES,2026_KBO야구규칙.pdf,2026,ARTICLE,8.00 심 판 원,8.02,심판원의 재정,2,2,142,144,OFFICIAL,CONFIRMED,8e7a61b3367d616c,"[공식야구규칙 2026] 8.00 심 판 원 > 8.02 심판원의 재정 (2/2)
⒞재정에 대한 어필이 있을 경우 심판원은 최종의 재정을 내리기 전에 다른 심판원의 의견을 구할 수 있다. 재정을 내린 심판원으로부터 상의를 요청받은 경우를 제외하고 심판원은 다른 심판원의 재정에 대하여 비판하거나 변경을 촉구하거나 간섭할 수 없다.
심판원이 앞선 재정을 변경하는 경우 심판원은 앞선 재정에 따른 결과를 되돌리기 위해 필요하다고 생각되는 모든 조치를 취할 권한을 갖는다. 또한 심판원은 앞선 재정으로 발생한 방해 또는 주루방해(주자가 태그 업을 실패하는 경우: 주자가 앞선 주자를 추월하거나 루를 정상적으로 밟지 않은 상황 등)를 모두 제거하고, 주자 위치를 재배치할 권한을 갖는다. 선수, 감독, 코치는 심판원의 재량으로 변경되는 재정에 대하여 이의를 제기할 수 없으며, 이의를 제기할 경우 경기에서 퇴장시킨다.
[원주] 하프 스윙(half swing) 때 주심이 스트라이크를 선고하지 않았을 경우 감독 또는 포수는 스윙 여부에 대한 루심의 조언을 구할 것을 주심에게 요청할 수 있다. 감독은 심판원이 동료에게 조언을 구하지 않는 경우를 제외하고는 부적절한 판정(improper call)이 내려지더라도 불평하여서는 안 된다. 루심은 주심의 요구에 대하여 신속히 답하여야 한다. 감독은 하프 스윙 여부를 따지는 척하며 스트라이크· 볼 판정에 이의를 제기해서는 안 된다. 하프 스윙에 관한 어필은 볼로 선고되었을 때만 가능하며 어필이 있을 경우 주심은 반드시 루심에게 하프 스윙에 관한 재정을 위탁하여야 한다. 이에 따라 내려진 루심의 재정은 최종의 것이다. 주자는 주심의 요청을 받은 루심의 재정에 따라 볼이 스트라이크로 바뀌어 포수의 송구에 의해 아웃될 위험에 놓일 수 있기 때문에 상황의 변화에 주의하여야 한다. 또한 포수는 도루가 일어날 수 있는 상황에서 주심의 요청을 받은 루심의 재정에 따라 볼이 스트라이크로 변할 수 있는 것에 대비하여야 한다. 하프 스윙에 대한 어필이 일어났을 때는 볼 인 플레이로 진행된다. 감독이 하프 스윙에 이의를 제기하기 위해 덕아웃에서 나와 1루심 또는 3루심 쪽으로 향하면 심판원은 경고하여야 한다. 경고에도 불구하고 계속 이의를 주장하면 스트라이크· 볼 판정에 대해 이의를 제기하는 것으로 간주하여 경기에서 퇴장시킨다.
⒟질병이나 부상에 의하지 않는 한 어떤 심판원도 경기 중 교체되지 않는다. 1명의 심판원으로 경기를 관장할 경우 그는 이 규칙을 적용하는 유일한 권한을 갖는다. 또한 그는 임무 수행에 가장 적합하다고 생각하는 자리에 위치하여야 한다. 일반적으로 포수의 뒤쪽이며, 주자가 있을 때는 투수의 뒤쪽이 바람직하다.
⒠2명이나 그 이상의 심판원이 경기를 관장할 경우 1명은 주심으로, 나머지는 루심으로 지정한다."
RULE_COMMON_BR_8.03,RULE,BASEBALL_RULES,2026_KBO야구규칙.pdf,2026,ARTICLE,8.00 심 판 원,8.03,심판의 위치,1,1,144,145,OFFICIAL,CONFIRMED,dfaaf54fbf4b523a,"[공식야구규칙 2026] 8.00 심 판 원 > 8.03 심판의 위치
⒜주심은 포수 뒤에 위치하며 그 임무는 다음과 같다(일반적으로 주심(umpire-in-chief)은 구심(plate umpire)이라고도 불린다).
⑴ 경기의 적정한 운영을 위한 모든 권한과 의무를 갖는다.
⑵ 볼과 스트라이크를 선언하고 카운트한다.
⑶ 일반적으로 루심에 의하여 선고되는 경우를 제외하고 페어 볼과 파울 볼을 선언한다.
⑷ 타자에 관한 모든 재정을 내린다.
⑸ 일반적으로 루심에게 맡겨진 것을 제외한 모든 재정을 내린다.
⑹ 몰수경기에 관한 결정을 내린다.
⑺ 시간 제한이 있을 경우 경기개시 전에 그 사실과 시간을 공포한다.
⑻ 공식기록원에게 타격순서를 통고한다. 또 출전선수 변경 요청이 있으면 그 변경 사실을 통고한다.
⑼ 주심의 판단으로 특별 그라운드 규칙을 발표한다.
⒝루심은 베이스에서 발생하는 사항을 재정하는 데 가장 적합하다고 생각하는 자리에 위치하여야 하고 그 임무는 다음과 같다.
⑴ 주심에게 특별히 맡겨진 업무를 제외하고 베이스에서 벌어지는 모든 재정을 내린다.
⑵ “타임”의 선고, 보크, 반칙투구 또는 공의 훼손 등을 적발하는 데에 주심과 동등한 권한을 갖는다.
⑶ 이 규칙이 시행되도록 모든 방법으로 주심을 지원하고 규칙의 수행과 규율의 유지에 관하여 주심과 동등한 권한을 갖는다.
단, 몰수경기 선고는 주심의 고유권한이다.
⒞한 플레이에 대하여 2명 이상의 심판원이 서로 다른 재정을 내렸을 경우 주심은 모든 심판원을 불러 모아 상의하여야 한다. 감독 및 선수는 포함시키지 않는다. 상의를 마친 뒤 주심(총재가 별도의 심판원을 지명하지 않았을 경우)은 어느 심판원이 가장 좋은 위치에 있었는지, 그리고 어느 심판원의 재정이 올바를지를 참작하여 재정을 선택한다. 이렇게 결정된 재정은 최종의 것이며, 최종 재정이 내려진 것 외에는 아무 일도 없었던 것처럼 플레이는 재개되어야 한다."
RULE_COMMON_BR_8.04,RULE,BASEBALL_RULES,2026_KBO야구규칙.pdf,2026,ARTICLE,8.00 심 판 원,8.04,보고,1,1,145,148,OFFICIAL,CONFIRMED,700c6258faa76df4,"[공식야구규칙 2026] 8.00 심 판 원 > 8.04 보고
⒜심판원은 트레이너, 감독, 코치 또는 선수의 퇴장 및 모든 규칙 위심판원에 대한 일반지시 반, 그 밖의 특이사항 등을 적절한 사유를 첨부하여 경기종료 후 12시간 이내에 총재에게 보고하여야 한다.
⒝트레이너, 감독, 코치 또는 선수가 음란하고 저속한 언어 등 무례한 행위를 하거나, 심판원, 트레이너, 감독, 코치 또는 선수를 구타하여 퇴장당하였을 경우 심판원은 경기종료 후 4시간 이내에 상세한 사항을 총재에게 보고하여야 한다.
⒞총재는 심판원으로부터 감독, 코치, 트레이너, 선수를 퇴장시켰다는 보고를 받으면 즉시 적당하다고 인정되는 제재를 내리고, 그 사유를 당사자 및 그 소속팀의 감독에게 통고하여야 한다.
제재금이 부과된 후 5일 이내에 리그 사무국에 그 금액을 납부하지 않았을 경우 지불이 완료될 때까지 경기에 출전하는 것도, 덕아웃에 들어가는 것도 금지된다.
심판원에 대한 일반지시 심판원은 경기장에서는 선수와 깊숙한 사담을 나누어서는 안 되고 코치석 안에 들어가거나 근무 중인 코치와 대화해서도 안 된다.
제복은 단정하게 착용하며, 경기장에서는 적극적이고 민첩한 동작을 취하여야 한다.
구단 임직원에 대하여는 항상 예의를 차려야 하나 구단 사무소를 방문하거나 특정 구단 임직원과 친밀하게 행동하는 것은 피하여야 한다.
심판원은 경기장에 입장하면 오로지 야구의 대표자로서 경기를 관장하는 일에만 전념하여야 한다.
사태가 악화됐을 때 그 사태를 해결하기 위해 최선을 다하지 않았다는 비난을 받아서는 안 된다.
항상 규칙서를 휴대하여야 한다.
분쟁이 일어났을 때 10분간 경기를 묶어두는 한이 있더라도 규칙서를 심판원에 대한 일반지시 참조하면서 매듭을 푸는 것이 좋다.
심판원은 경기에 생기를 불어넣어야 한다. 경기는 심판원이 활기있고 진지하게 이끌어감으로써 효과적으로 진행될 수 있다. 심판원은 경기장 안의 유일한 공식 대표자이다. 가끔은 강한 인내심과 훌륭한 판단력을 요구하는 난처한 지경에 몰리는 경우가 있지만 이러한 난관을 헤쳐나가는 최우선적인 요점은 감정을 다스리고 자제력을 잃지 않는 것임을 명심하여야 한다. 심판원도 물론 잘못을 범할 수 있다. 그러나 잘못을 범하였더라도 그것을 벌충하려고 해서는 안 된다. 모든 것을 본 그대로 판정하고, 홈구단과 원정구단에 차별을 두는 일이 있어서는 안 된다.
플레이가 진행 중일 때는 공에서 눈을 떼면 안 된다. 주자가 베이스를 밟았는지를 살피는 것보다 플라이 볼의 낙하지점을 확인하는 것, 송구의 행방을 끝까지 지켜보는 것이 더 중요하다.
플레이에 대한 콜을 너무 빨리 하지 말 것이며, 야수가 더블 플레이를 완성하려고 송구할 때 너무 빨리 몸을 틀어서는 안 된다. 아웃을 선고한 후에라도 혹시 야수가 공을 떨어뜨렸는지를 살펴야 한다.
달리면서 “세이프” 또는 “아웃”을 표시하는 듯이 팔을 올렸다 내렸다 해서는 안 된다. 팔 동작(arm motion)으로 판정을 표시하는 것은 플레이가 종료된 다음이어야 한다.
각 심판원은 조원들끼리 간단한 사인을 정해둘 필요가 있다. 그렇게 함으로써 제대로 본 심판원(proper umpire)이 명백한 오심을 즉각 시정할 수 있다.
플레이를 정확하게 보았다는 확신이 있으면 “다른 심판원에게 물어봐 달라”며 달려드는 선수의 요구에 응할 필요는 없다. 그러나 확신이 없으면 동료에게 도움을 청하라. 이런 일을 극단으로 몰고 가서는 안 되며 기민하고 냉정하게 움직여야 한다.
그러나 명심하라! 최고의 필요조건은 정확한 판정을 내리는 것이다. 의심스러운 바가 있으면 주저 없이 동료와 상의하라. 심판원의 권위도 중심판원에 대한 일반지시 요하지만 더 중요한 것은 ‘정확한 것’이다.
심판원에게 가장 중요한 철칙은 ‘모든 플레이를 볼 수 있는 가장 좋은 위치를 확보하라’는 것이다. 심판원의 판정은 100% 정확한 것이었다 하더라도 선수들이란 여전히 ‘심판원이 그 플레이를 명확히 볼 수 있는 위치에 있지 않았다’는 의문을 품게 마련이다.
마지막으로, 심판원은 예의를 지키고 불편부당하고 엄격하게 처신하여 모든 사람들로부터 존경 받아야 한다."
RULE_COMMON_BR_9.01_p1,RULE,BASEBALL_RULES,2026_KBO야구규칙.pdf,2026,ARTICLE,9.00 공 식 기 록 원,9.01,공식기록원(일반 규칙),1,2,149,150,OFFICIAL,CONFIRMED,721ec576c5729cd1,"[공식야구규칙 2026] 9.00 공 식 기 록 원 > 9.01 공식기록원(일반 규칙) (1/2)
⒜총재는 야구조직이 관장하는 모든 경기를 위한 공식기록원을 임명한다. 공식기록원은 지정된 장소에서 경기를 기록하면서 판단과 관련된 모든 결정권을 갖는다. 가령 타자가 1루에 살았을 경우 그것이 안타에 의한 것인가, 실책에 의한 것인가를 독자적으로 결정한다. 공식기록원은 위의 결정을 손으로 신호하거나 확성기로 기자실 또는 방송석으로 전달하며, 별도의 요구가 있으면 그와 같은 결정사항을 장내방송원에게 통지한다. 구단 관계자와 선수는 그러한 결정과 관련하여 공식기록원과의 의사소통을 금한다.
공식기록원은 경기종료 뒤 24시간 이내에 판단에 따른 결정을 확정지어야 한다. 그 이후로는 원칙적으로 그 결정을 변경해서는 안 되며, 정당한 이유가 있다면 그 사유를 첨부하여 곧 총재에게 변경을 신청할 수 있다. 공식기록원은 어떤 경우에도 공식야구규칙에 어긋나는 결정을 하여서는 안 된다.
공식기록원은 매 경기가 끝난 뒤(몰수경기 및 콜드게임 포함) 소정의 양식에 경기일시, 장소, 대전팀명, 심판원 성명, 경기의 전체 득점(full score), 그리고 공식기록 세칙에 정해진 방식에 따라 작성한 각 선수의 개인기록을 기재한 보고서(공식기록지)를 작성한다.
공식기록원은 이 기록지를 경기종료 후 가능한 빠른 시간 내에 사무처에 제출하여야 한다.
공식기록원은 공식야구규칙에 따라 일시정지 경기가 완료되거나 콜드게임이 되었을 경우 (가능한 빠른 시간 내에) 그 기록지를 제출하여야 한다."
RULE_COMMON_BR_9.01_p2,RULE,BASEBALL_RULES,2026_KBO야구규칙.pdf,2026,ARTICLE,9.00 공 식 기 록 원,9.01,공식기록원(일반 규칙),2,2,149,150,OFFICIAL,CONFIRMED,92e8eeedc41295c2,"[공식야구규칙 2026] 9.00 공 식 기 록 원 > 9.01 공식기록원(일반 규칙) (2/2)
⒝⑴ 공식기록원은 기록의 균일성(uniformity)을 유지하기 위하여 공식기록규칙을 엄격히 준수하여야 한다. 공식기록원은 이 규칙에 명백하게 규정되어 있지 않은 사항에 관해서만 재량권을 갖는다.
⑵ 3명이 아웃되기 전에 공수를 교대하였을 경우 공식기록원은 즉시 그 잘못을 심판원에게 통고하여야 한다.
[주] 이 항 ⑹에 규정한 바와 같이 조언을 해서는 안 되는 경우를 제외하고 볼카운트가 3B-2S일 때 주심이 4구인 줄 알고 타자를 1루에 내보낸다든지, 교체할 수 없는 투수 대신 다른 선수가 출전하려 할 경우 공식기록원은 심판원에게 바로잡을 것을 조언하여야 한다.
⑶ 일시정지 경기가 되었을 경우 공식기록원은 일시정지가 되었을 때의 득점, 아웃의 수, 각 주자의 위치, 타자의 볼카운트 등에 관하여 정확한 사항을 기록하여야 한다.
[부기] 일시정지 경기에서 중요한 것은 정지되었을 때와 똑같은 상태에서 다시 시작하여야 한다는 것이다.
⑷ 공식기록원은 플레이에 관한 규칙 또는 심판원의 재정과 다른 결정을 내려서는 안 된다.
⑸ 공식기록원은 리그 통계부서에 공식기록지를 제출해야 한다.
또한 리그 통계부서가 유지하는 기록과 공식기록원의 기록 간 불일치가 발생하는 경우 해당 공식기록원 기록지는 관리의 대상이 된다. 리그 통계부서와 공식기록원은 정확한 관리 및 기록을 위해 적극 협력하여야 한다.
⑹ 공식기록원은 공격선수의 타격순서가 잘못되어 있어도 심판원 또는 양 팀의 누구에게도 그 사실에 대하여 주의를 환기시켜서는 안 된다.
⒞공식기록원은 리그의 공식 대표자로서 그 직무에 관한 한 존경을 받고 위엄이 서도록 총재에 의해 충분한 보호를 받아야 한다. 공식기록원은 임무 수행 중이거나 경기가 끝난 후 감독, 선수, 구단, 임직원으로부터 모욕을 받았을 경우 어떤 것이라도 그 사실을 총재에게 보고하여야 한다."
RULE_COMMON_BR_9.02_p1,RULE,BASEBALL_RULES,2026_KBO야구규칙.pdf,2026,ARTICLE,9.00 공 식 기 록 원,9.02,공식기록지,1,4,151,154,OFFICIAL,CONFIRMED,2ce5b11561538308,"[공식야구규칙 2026] 9.00 공 식 기 록 원 > 9.02 공식기록지 (1/4)
공식기록원이 준비하는 공식기록지는 리그에서 정한 양식으로 작성되어야 하며 다음 항목을 포함하여야 한다.
⒜타자와 주자의 기록 항목은 다음과 같다.
⑴ 타격을 완료한 횟수, 즉 타수(at bat…AB). 단, 다음의 경우에는 타수로 계산하지 않는다.
(A) 희생번트 및 희생플라이 (B) 4구(base on balls 볼넷) (C) 사구(hit by a pitched ball 타자맞힘) (D) 방해 또는 주루방해로 1루에 나갔을 경우
[주] 타자의 타구에 의하여 야수가 선택수비를 끝낸 뒤 그 타자가 업스트럭션으로 1루에 나갔을 경우에는 타자에게 타수를 기록한다. 그리고 타자가 업스트럭션으로 1루에 나갔더라도 공식기록원이 그 타구를 안타로 판단하였을 때에는 타수를 취소하지 않고 타자에게 안타를 기록한다.
⑵ 득점(run scored…R)의 수
⑶ 안타(safe hit…H)의 수
⑷ 타점(run batted in…RBI)의 수
⑸ 2루타(two-base hit…2B)의 수
⑹ 3루타(three-base hit…3B)의 수
⑺ 홈런(home run…HR)의 수
⑻ 루타(total base on safe hits…TB)의 수
⑼ 도루(stolen base…SB), 도루실패(caught stealing…CS)의 수
⑽ 희생번트(sacrifice bunt…SB)의 수
⑾ 희생플라이(sacrifice fly…SF)의 수
⑿ 4구(四球-base on balls…BB)의 수
⒀ 고의4구(intentional base on balls…IB)의 별도 표시
⒁ 사구(死球-hit by pitch…HP)의 수
⒂ 방해(interference…Int) 또는 주루방해(obstruction…Ob)로 1루에 나간 수
⒃ 스트라이크 아웃(strikeout…SO)의 수"
RULE_COMMON_BR_9.02_p2,RULE,BASEBALL_RULES,2026_KBO야구규칙.pdf,2026,ARTICLE,9.00 공 식 기 록 원,9.02,공식기록지,2,4,151,154,OFFICIAL,CONFIRMED,857e7fe123350137,"[공식야구규칙 2026] 9.00 공 식 기 록 원 > 9.02 공식기록지 (2/4)
⒄ 포스 더블 플레이(force double play) 또는 리버스 포스 더블 플레이(reverse force double play)가 되도록 땅볼을 친 타자의 이름 (용어의 정의 23. ⒜,⒝ 참조)
[주1] 예를 들어 주자 1루일 때 1루수가 타자의 땅볼을 잡아 1루수→유격수→1루수(3-6-3)의 더블 플레이를 하면 포스 더블 플레이가 되며, 아웃시키는 순서를 바꾸어 1루수 베이스 태그→유격수 주자 태그(3A-6T)로 더블 플레이를 하면 리버스 포스 더블 플레이가 된다. 또 주자 만루 때 3루수가 타자의 땅볼을 잡아 3루에 태그한 뒤 5C-2T로 3루주자를 태그 아웃시켰을 경우 제1아웃이 1루 이외의 베이스에서 포스 아웃되고 제2아웃이 포스 아웃이 될 뻔한 주자가 베이스에 닿기 전에 태그 아웃되었더라도 리버스 포스 더블 플레이다. 그리고 타자가 친 플라이 볼 또는 라인 드라이브를 야수가 떨어뜨리고 (고의낙구가 아님) 위에서 말한 바와 같이 병살을 하여도 병살타로는 기록하지 않는다.
[주2] 타자가 병살이 될 만한 땅볼을 쳤을 때 제1아웃을 성립 시킨 뒤 제2아웃을 위한 송구를 야수가 놓쳐 그 야수에게 실책이 기록되었을 경우 병살이 완성되지 않았더라도 그 타자에게는 병살타를 기록한다.
⒅ 땅볼을 쳐서 된 병살타 및 역방향 병살타의 수
[원주] 타자주자가 선행주자에 의한 방해로 인해 아웃당한 경우 공식기록원은 타자에게 땅볼을 쳐서 병살을 당한 것에 대한 책임을 부여해서는 안 된다.
⒝각 야수 기록의 항목은 다음과 같다.
⑴ 풋아웃(putout 아웃실행 刺殺…PO)의 수
⑵ 어시스트(assist 아웃도움 補殺…A)의 수
⑶ 실책(error…E)의 수
⑷ 병살(double play…DP)에 참여한 수
⑸ 삼중살(triple play…TP)에 참여한 수"
RULE_COMMON_BR_9.02_p3,RULE,BASEBALL_RULES,2026_KBO야구규칙.pdf,2026,ARTICLE,9.00 공 식 기 록 원,9.02,공식기록지,3,4,151,154,OFFICIAL,CONFIRMED,8a30608617f53d8b,"[공식야구규칙 2026] 9.00 공 식 기 록 원 > 9.02 공식기록지 (3/4)
⒞각 투수의 기록 항목은 다음과 같다.
⑴ 투구한 횟수(inning pitched…IP)
[부기] 투수의 투구횟수를 계산할 때는 아웃 하나를 ⅓회로 한다.
선발투수가 6회 1사에서 물러나게 되면 그 투수에게는 5⅓회의 투구횟수를 기록한다. 선발투수가 6회 무사에 물러나면 그 투수에게는 5회의 투구횟수와 6회에 타석에서 맞은 타자수에 대하여 설명을 붙인다. 구원투수가 타자 2명을 아웃시키고 물러나게 되면 그 투수에게는 ⅔회의 투구횟수를 기록한다.
[주] 투수의 연속 이닝 무실점을 결정하고자 할 때 예를 들면 5회까지 무실점, 6회 1사 후 주자를 남겨두고 물러났어도 그 주자가 득점(자기의 책임)한 경우에는 이 ⅓은 가산하지 않고 무실점 횟수는 5회로 한다. 이에 반하여 6회 1사 2루 때 구원으로 나간 다음 타자에게 안타를 맞아 2루의 주자가 득점(전 투수의 책임)하여도 그 뒤에 자기의 책임이 되는 득점을 주지 않고 아웃시켰을 경우에는 이 ⅔는 가산한다.
⑵ 각 투수가 맞이한 타자(batter faced)의 수
⑶ 각 투수가 맞이한 타수(batter officially at bat)(9.02⒜⑴ 참조)
⑷ 각 투수가 허용한 안타(hit allowed)의 수
⑸ 각 투수가 허용한 득점(run allowed)의 수
⑹ 각 투수가 허용한 자책점(earned run allowed…ER)의 수
⑺ 각 투수가 허용한 홈런(home run allowed)의 수
⑻ 각 투수가 허용한 희생번트(sacrifice bunt allowed)의 수
⑼ 각 투수가 허용한 희생플라이(sacrifice hit allowed)의 수
⑽ 각 투수가 허용한 4구(base on balls allowed)의 수
⑾ 각 투수가 허용한 고의4구(intentional base on balls allowed) 수의 별도 표시
⑿ 각 투수가 허용한 사구(batter hit by pitched balls allowed)의 수
⒀ 각 투수가 빼앗은 스트라이크 아웃(strikeout)의 수
⒁ 각 투수의 폭투(wild pitch…WP)의 수
⒂ 각 투수의 보크(balk…BK)의 수
⒟다음의 내용을 추가한다.
⑴ 승리투수 이름(winning pitcher…W)
⑵ 패전투수 이름(losing pitcher…L)
⑶ 각 팀의 선발투수와 경기를 종료한 투수 이름(starting pitcher, finishing pitcher)
⑷ 세이브가 주어진 투수 이름(save…S)
⒠각 포수의 패스트볼(passed ball…PB)의 수
⒡병살 및 삼중살이 이루어진 내용
⒢각 팀의 잔루수(runners left on base…LOB) 잔루수는 주자가 되었다가 득점하지 못하고 아웃도 되지 않은 채 베이스에 남은 모든 주자의 수를 말한다. 자신의 타구 때문에 다른 주자가 제3아웃이 되었을 경우에는 타자주자도 포함된다."
RULE_COMMON_BR_9.02_p4,RULE,BASEBALL_RULES,2026_KBO야구규칙.pdf,2026,ARTICLE,9.00 공 식 기 록 원,9.02,공식기록지,4,4,151,154,OFFICIAL,CONFIRMED,a8f9c843e497ab73,"[공식야구규칙 2026] 9.00 공 식 기 록 원 > 9.02 공식기록지 (4/4)
⒣만루 홈런을 친 타자의 이름
⒤최종회 말(末)에 승패가 결정되었을 경우 결승점이 기록된 때의 아웃수
⒥각 팀이 각 이닝에서 얻은 득점
⒦다음의 순서에 의한 심판원 및 공식기록원의 성명
⑴ 주심 ⑵ 1루심 ⑶ 2루심 ⑷ 3루심 ⑸ 좌선심 ⑹ 우선심
⒧일기 상태와 정전 때문에 지연된 시간을 뺀 경기시간
[원주] 선수, 감독, 코치 또는 심판원의 부상 치료를 위해 지연되는 시간은 경기시간 계산에 포함되어야 한다.
⒨홈팀으로부터 제공된 입장 관중 수"
RULE_COMMON_BR_9.03_p1,RULE,BASEBALL_RULES,2026_KBO야구규칙.pdf,2026,ARTICLE,9.00 공 식 기 록 원,9.03,공식기록표(부가 규칙),1,2,154,156,OFFICIAL,CONFIRMED,973edeadc2986eca,"[공식야구규칙 2026] 9.00 공 식 기 록 원 > 9.03 공식기록표(부가 규칙) (1/2)
⒜공식기록표를 작성할 때 공식기록원은 우선 각 선수의 이름을 수비위치와 함께 타격순서에 따라 기재한다.
또 도중에 교체 출전하여 경기가 끝날 때까지 한 번도 타격할 기회가 없었던 선수의 이름은 예정된 타격순서에 기입한다.
[부기] 선수가 다른 야수와 수비위치를 바꾼 것은 아니고 단지 특정 타자 때문에 자기의 수비위치와 다른 장소로 이동하였을 경우 이를 새로운 수비위치로 보고서에 기재하지는 않는다.
[예] ① 2루수가 외야로 이동하여 외야수가 4명이 되었을 경우
② 3루수가 유격수· 2루수 사이로 이동하였을 경우
⒝대타자(substitute hitter) 또는 대주자(substitute runner)는 임무를 마친 후 더 이상의 출전 여부에 관계없이 대타자 또는 대주자로서 별도의 기록 관리를 위해 특수한 부호로 타순표에 기재한다. 대타자는 소문자로, 대주자는 아라비아 숫자로 표기하는 게 바람직하다. 대타자의 기록은 그들의 역할이 무엇인지를 설명해 줄 것이다.
⒞박스 스코어(BOX SCORE) 검산법 팀의 타수, 4사구, 희생번트, 희생플라이, 방해 및 주루방해에 의한 출루의 합계와 그 팀의 득점, 잔루, 상대팀의 풋아웃(putout)의 합계가 일치하면 각 숫자가 정확하다는 것이 증명된다.
⒟타격순서 착오(BATTING OUT OF TURN) 때의 기록법타격순서 착오가 일어나 부정위타자(improper batter)가 아웃되고 다음 타자에게 투구하기 전에 수비팀의 어필로 정위타자(proper batter)가 아웃을 선고받았을 경우 정위타자에게 타수를 기록하고 타격순서가 제대로 지켜진 것으로 간주하여 부정위타자가 아웃된 내용대로 풋아웃과 어시스트를 기록한다.
[주] 위에 적은 것은 부정위타자가 단독으로 아웃됐을 때의 기록법이다. 예를 들어 부정위타자가 다른 주자와 함께 병살됐을 경우 어필에 의해 정위타자가 아웃을 선고받으면 부정위타자의 행위는 취소가 되기 때문에 그 타자가 아웃된 내용대로 정위타자에게 기록할 수는 없다. 따라서 이럴 때는 포수에게 풋아웃(2T)을 기록한다. 부정위타자가 출루한 뒤 어필에 의해 정위타자가 아웃을 선고당하였을 경우 정위타자에게 타수를 기록하고 포수에게는 풋아웃(2T)을 준다. 그리고 부정위타자의 출루와 관련된 모든 사항을 없었던 것으로 한다.
두 명 이상이 연속적으로 타격순서 착오를 범하였을 경우 모든 플레이를 벌어진 그대로 기록하며 처음에 정위 타순을 놓친 선수들은 건너뛴다.
예를 들어 1번 타순에 2번이 쳐서 삼진, 다음에 1번이 중견수 플라이로 아웃, 3번을 빼놓고 4번, 5번이 잇달아 안타를 쳤다고 할 때 기록법은 1번의 투아웃과 2번의 원아웃 순서는 바뀌지만 그 타자들에게 그대로 기록하고 빠진 3번은 건너뛰고 4번, 5번에 기록한다."
RULE_COMMON_BR_9.03_p2,RULE,BASEBALL_RULES,2026_KBO야구규칙.pdf,2026,ARTICLE,9.00 공 식 기 록 원,9.03,공식기록표(부가 규칙),2,2,154,156,OFFICIAL,CONFIRMED,52b97414ae4e48d4,"[공식야구규칙 2026] 9.00 공 식 기 록 원 > 9.03 공식기록표(부가 규칙) (2/2)
⒠콜드게임(CALLED GAME)과 몰수경기(FORFEITED GAME)
⑴ 콜드게임이 정식경기가 되었을 경우 7.01에 따라 경기가 종료될 때까지 기록된 모든 개인과 팀 기록을 공식기록에 포함시킨다. 콜드게임이 무승부가 되었을 경우 승리투수 및 패전투수 기록은 제외한다.
⑵ 정식경기가 성립된 이후 몰수되었을 경우 몰수될 때까지의 모든 개인과 팀 기록은 공식기록에 포함시킨다.
몰수로 승리를 얻은 팀이 몰수 당시 상대팀보다 많은 득점을 올리고 있었을 때는 9.17의 규정에 따라 승리투수, 패전투수를 결정하여 공식기록에 기입한다.
몰수로 승리를 얻은 팀이 몰수 당시 상대팀보다 득점이 적거나 동점이었을 때는 승리투수, 패전투수를 기록하지 않는다. 정식경기가 성립되기 전에 몰수되었을 경우는 모든 기록은 공식기록에 포함되지 않는다. 이때는 경기가 몰수된 사유만 보고하며 경기결과는 9대0으로 한다."
RULE_COMMON_BR_9.04,RULE,BASEBALL_RULES,2026_KBO야구규칙.pdf,2026,ARTICLE,9.00 공 식 기 록 원,9.04,타점(RUN BATTED IN),1,1,156,157,OFFICIAL,CONFIRMED,f54f29a5d8e499c8,"[공식야구규칙 2026] 9.00 공 식 기 록 원 > 9.04 타점(RUN BATTED IN)
타점은 타석에서의 행위로 1점 이상의 득점을 만든 타자에게 부여되는 통계이다.
⒜타자가 안타·희생번트·희생플라이·내야 아웃·야수선택에 의하여 주자를 득점시키거나, 만루 때 4사구·방해·주루방해 등으로 타자가 주자가 됨에 따라 다른 주자를 득점시켰을 경우 타자에게 타점을 부여한다.
⑴ 주자가 없을 때 타자가 홈런을 치면 1타점을 기록한다. 또 주자를 놓고 타자가 홈런을 치면 주자와 함께 얻은 득점 수만큼 타점을 기록한다.
⑵ 무사 또는 1사에서 실책이 없었더라도 3루주자가 쉽게 득점할 수 있었다면 그 플레이 중 실책이 발생하더라도 타점을 기록한다.
⒝공식기록원은 다음과 같을 때 타점을 부여하지 않아야 한다.
⑴ 타자가 병살타(force double play) 또는 역방향 병살타(reverse force double play)가 된 땅볼을 쳐서 주자를 득점시켰을 경우에는 타점을 부여하지 않는다.
⑵ 병살타(force double play) 또는 역방향 병살타(reverse force double play)를 완성시키려는 1루 또는 다른 베이스로의 송구를 야수가 잡지 못하거나 주자를 태그하지 못하여 그 야수에게 실책이 기록된 경우에는 주자가 득점하더라도 타자에게 타점을 부여하지 않는다.
⒞공식기록원은 야수가 공을 가지고 있거나 엉뚱한 베이스에 송구하는 사이 득점하였을 경우 타점을 줄 것인지는 다음 기준에 따른다.
일반적으로 주자가 멈추지 않고 홈 베이스까지 뛰어 들어갔을 경우 타점을 기록하지만 일단 멈추었다가 미스 플레이를 보고 나서 뛰어 들어갔을 경우는 야수선택에 의한 득점으로 기록한다."
RULE_COMMON_BR_9.05_p1,RULE,BASEBALL_RULES,2026_KBO야구규칙.pdf,2026,ARTICLE,9.00 공 식 기 록 원,9.05,안타(BASE HIT),1,2,157,160,OFFICIAL,CONFIRMED,f0eab7ff91397e5f,"[공식야구규칙 2026] 9.00 공 식 기 록 원 > 9.05 안타(BASE HIT) (1/2)
⒜다음의 경우 안타로 기록한다.
⑴ 페어 볼이 야수에게 닿기 전에 페어지역에 떨어지거나 페어지역 안의 펜스에 맞거나 페어지역의 펜스를 넘어가 타자가 안전하게 1루(또는 그 이상의 베이스)에 살아나간 경우
⑵ 페어 볼이 너무 강하거나 약하여 야수가 미처 처리하지 못하여 타자가 안전하게 1루에 살아나간 경우
[부기] 다른 야수가 처리하였더라면 주자를 아웃시킬 수 있었던 공을 야수가 중간에 반전시키거나 중간 차단하여 목표한 플레이를 할 수 없었더라도 안타로 기록되어야 한다.
[주] 예를 들면 유격수가 처리하였더라면 아웃되었을 타구를 3루수가 진로 변경시키거나 도중에 커트하여 처리하였기 때문에 결국 플레이를 하지 못하고 말았을 때처럼 야수가 타구를 처리하려고 했어도 플레이를 할 수 없었을 때는 안타를 기록한다. ‘진로 변경’이라는 것은 야수가 타구의 속도를 약하게 하거나 방향을 바꾼 것을 뜻한다.
⑶ 페어 볼이 불규칙하게 바운드하여 야수가 보통의 수비로는 처리할 수 없었거나, 야수에게 닿기 전에 투수판이나 베이스(본루 포함)에 맞았기 때문에 야수가 보통 수비로는 처리할 수 없어 타자가 안전하게 1루에 살아나간 경우
⑷ 페어 볼이 야수에게 닿지 않고 외야의 페어지역에 도달하여 타자가 안전하게 1루에 나아갈 수 있게 되고 더욱이 그 타구를 야수가 보통 수비로는 도저히 처리할 수 없다고 공식기록원이 판단한 경우
⑸ 야수에게 닿지 않은 페어 볼이 주자나 심판원에 닿았을 경우[예외] 주자가 인필드 플라이에 맞아서 아웃이 선고되었을 때에는 타자에게 안타를 주지 않는다.
⑹ 타구를 처리하는 야수가 선행주자를 아웃시키려다 성공하지 못하였을 뿐 아니라 보통의 수비로는 타자주자를 1루에서 아웃시킬 수 없었다고 공식기록원이 판단한 경우
[부기] 이 규칙을 적용할 때 의문나는 점이 있으면 항상 타자에게 유리하게 한다. 야수가 상당히 좋은 수비를 하였으나 아웃이라는 결말을 이끌어내지 못하였을 때는 안타로 기록하는 것이 안전한 방법이다."
RULE_COMMON_BR_9.05_p2,RULE,BASEBALL_RULES,2026_KBO야구규칙.pdf,2026,ARTICLE,9.00 공 식 기 록 원,9.05,안타(BASE HIT),2,2,157,160,OFFICIAL,CONFIRMED,b8160dea377becb7,"[공식야구규칙 2026] 9.00 공 식 기 록 원 > 9.05 안타(BASE HIT) (2/2)
⒝다음의 경우 안타로 기록하지 않는다.
⑴ 주자가 포스 아웃되거나 야수의 실책이 없었다면 포스 아웃되었을 경우
⑵ 타자가 분명히 안타로 여겨지는 타구를 쳤으나 타자가 주자가 됨에 따라 진루의 의무를 갖게 된 주자가 다음 베이스를 밟지 않아 어필로 아웃되었을 때 타자에게는 안타를 주지 않고 타수만 기록한다.
⑶ 타구를 잡은 투수, 포수 또는 내야수가 다음 베이스로 가려고 하거나 원래의 베이스로 되돌아가려는 선행주자를 아웃시켰을 경우 또는 실책이 없었더라면 아웃시킬 수 있었을 경우 타자에게는 안타를 주지 않고 타수만 기록한다.
[주1] 주자가 오버슬라이딩 등으로 일단 베이스에 닿았다가 떨어져서 아웃되었을 때는 타자는 주자를 진루시킬 수 있었던 것으로 간주하여 타자에게 안타를 기록한다.
[주2] 이 규칙에서 말하는 ‘내야수’는 보통의 수비범위 안에서 수비한 경우를 말하며 내야수가 자기의 수비범위를 넘어 외야에서 수비한 경우에는 내야수로 볼 수 없다. 예를 들면 2루주자가 좌중간에 뜬 타구가 잡힐 것으로 생각하고 리드를 작게 하고 있다가 볼이 잡히지 않은 것을 보고 뒤늦게 3루로 뛰다가 유격수의 송구에 의해 3루에서 아웃이 된 경우에는 이 항을 적용하지 않고 타자에게 안타를 기록한다. 또 외야수가 타구를 처리한 경우 주자가 포스 아웃이 되지 않는 한 타자에게 안타를 기록한다.
⑷ 야수가 선행주자를 아웃시키려다 성공하지 못하였으나 1루로 던졌더라면 타자주자가 아웃되었으리라고 공식기록원이 판단하였을 경우
[부기] 야수가 타자주자를 잡으려고 1루로 던지기 전에 다른 베이스를 쳐다보거나 던지는 시늉을 하다가 살려 주었을 때는 이 조항을 적용하지 않고 타자에게 안타를 기록한다.
⑸ 주자가 타구를 처리하려는 야수를 방해하였기 때문에 아웃이 선고되었을 경우 단, 수비방해가 없었더라면 타자주자가 세이프 될 수 있었다고 공식기록원이 판단하면 타자에게 안타를 기록한다."
RULE_COMMON_BR_9.06_p1,RULE,BASEBALL_RULES,2026_KBO야구규칙.pdf,2026,ARTICLE,9.00 공 식 기 록 원,9.06,단타·장타의 결정,1,2,160,162,OFFICIAL,CONFIRMED,495398a48175bc76,"[공식야구규칙 2026] 9.00 공 식 기 록 원 > 9.06 단타·장타의 결정 (1/2)
실책이나 아웃이 개재되지 않았을 때 단타, 2루타, 3루타, 홈런은 다음과 같이 기록한다.
⒜다음 ⒝, ⒞의 경우를 제외하고 타자가 1루에서 멈추면 단타, 2루에서 멈추면 2루타, 3루에서 멈추면 3루타, 모든 베이스를 밟고 득점하면 홈런으로 기록한다.
⒝베이스에 주자를 두고 안타를 쳤을 때 수비 측이 선행주자를 아웃시키려고 플레이하는 동안 타자가 여러 베이스를 갔을 경우 공식기록원은 타자가 자신의 타격만으로 2루 또는 3루까지 갔는지, 아니면 야수선택이 개입되었는지를 판단하여 결정하여야 한다.
[부기] 선행주자가 본루에서 아웃되거나 실책이 없었더라면 아웃이 되었을 경우 타자에게 3루타를 기록하지 않는다. 1루주자가 3루까지 달려 거기서 아웃되거나 실책으로 살았을 경우 타자에게 2루타를 기록하지 않는다. 그러나 이와 달리 선행주자가 진루한 베이스수로 타자의 루타수를 결정할 수는 없다. 즉 선행주자가 1베이스밖에 가지 못했거나 또는 1베이스도 가지 못했는데도 타자에게는 2루타가 기록되는 경우도 있으며 선행주자가 2개 베이스를 진루하고 타자도 2루에 도달했는데도 타자에게 단타만 기록되는 경우도 있다.
[예] ① 주자 1루. 타자가 우익수 앞에 안타를 치고 우익수가 3루에 송구하였으나 아웃시키지 못했다. 그 사이 타자가 2루까지 진루하였다. 기록은 단타이다.
② 주자 2루. 타자가 페어 플라이 볼을 쳤다. 주자는 타구가 잡힐 것으로 보고 리드를 작게 하다가 3루까지 밖에 가지 못했다. 타자주자는 2루까지 갔다. 기록은 2루타이다.
③ 주자 3루. 타자의 타구가 높은 플라이 볼이 되었다. 리드하던 주자는 타구가 잡힐 줄 알고 태그 업(tag up)하여 홈으로 뛸 준비를 했다. 그러나 결국 타구는 안타가 되었고 주자는 득점하지 못했다. 타자는 그동안 2루까지 갔다. 기록은 2루타이다.
⒞타자가 슬라이딩까지 감행하면서 2루타 또는 3루타를 만들려고 했을 때는 목표한 베이스에 확실하게 닿아야 한다. 오버슬라이딩하여 되돌아오다가 태그 아웃되었다면 타자가 안전하게 확보한 베이스만큼의 루타수를 기록한다. 즉, 타자가 2루에서 오버슬라이딩하여 태그 아웃되면 단타를 주고, 3루에서 오버슬라이딩하여 태그 아웃이 되면 2루타를 기록한다.
[부기] 타자가 2루 또는 3루에서 오버런한 뒤 베이스로 되돌아가려다 태그 아웃된 경우에는 타자가 마지막에 닿은 베이스로 루타수를 결정한다. 타자가 선 채로 2루를 밟고 지나갔다가 되돌아오면서 태그 아웃이 되었다면 2루타를 준다. 타자가 3루를 밟고 지나갔다가 되돌아오면서 태그 아웃이 되었을 경우 3루타를 준다."
RULE_COMMON_BR_9.06_p2,RULE,BASEBALL_RULES,2026_KBO야구규칙.pdf,2026,ARTICLE,9.00 공 식 기 록 원,9.06,단타·장타의 결정,2,2,160,162,OFFICIAL,CONFIRMED,cbf9d1c2b033bcab,"[공식야구규칙 2026] 9.00 공 식 기 록 원 > 9.06 단타·장타의 결정 (2/2)
⒟타자가 안타를 쳤으나 베이스를 터치하지 않아 아웃을 선고 당했을 경우 안전하게 진루한 마지막 베이스에 따라 단타, 2루타, 3루타가 결정된다. 즉, 타자가 2루를 밟지 않아 아웃되었을 때는 단타, 3루를 밟지 않아 아웃되었을 때는 2루타, 본루를 밟지 않아 아웃되었을 때는 3루타를 각각 기록한다. 1루를 밟지 않아 아웃되었을 때는 타수만 주어질 뿐 안타는 기록되지 않는다.
[주1] 이 규칙은 안타를 친 타자가 베이스를 터치하지 않아 아웃되는 경우 뿐만 아니라 선행주자를 추월했기 때문에 아웃된 경우에도 적용된다.
[주2] 선행주자가 베이스를 밟지 않아 아웃되었을 경우의 단타, 장타 결정 타자가 분명히 안타성 타구를 때렸으나 선행주자가 베이스를 밟지 않아 어필로 아웃되었을 때 그 아웃이 포스 아웃이면 안타로 기록되지 않는다. 포스 아웃이 아닌 경우
① 1아웃이나 2아웃이 될 경우에는 단타, 장타에 따라 그대로 기록한다.
② 3아웃이 될 경우에는 1루주자가 3루를 밟지 않았을 때는 단타, 본루를 밟지 않았을 때는 단타 또는 2루타로 기록한다. 2루주자가 3루를 밟지 않았을 때는 단타, 본루를 밟지 않았을 때는 단타 또는 2루타로 기록한다. 3루주자가 본루를 밟지 않았을 때에는 단타 또는 2루타로 기록한다.
⒠타자주자가 5.06⒝⑷ 또는 6.01⒣⑴의 규정에 따라 2개 또는 3개의 베이스 또는 본루가 허용되었을 경우에는 타자가 진루한 데에 따라 각각 2루타, 3루타, 홈런으로 기록한다.
⒡9.06⒢의 경우를 제외하고 최종회에 타자가 끝내기 안타로 자기 소속팀이 승리하는 데 필요한 득점을 얻었을 경우 그에게는 결승점을 올린 주자가 진루한 것과 같은 수의 루타수만 기록한다. 더욱이 타자주자는 실제로 그 수만큼의 베이스를 터치하는 것이 필요하다.
[부기] 5.05 및 5.06⒝⑷ 각 항의 규정에 의하여 자동적으로 타자에게 여러 개의 안전진루권이 인정되는 장타가 허용되었을 때도 이 항은 적용된다.
[주] 타자는 앞서 말한 것과 같은 수의 베이스를 정규로 터치해야 한다.
예를 들어 최종회에 2루주자를 두고 타자가 원 바운드로 펜스를 넘어가는 끝내기 안타를 쳤을 경우 타자가 2루타를 얻기 위해서는 2루까지 규정대로 달리는 것이 필요하다. 그러나 주자 3루 때 타자가 이와 같은 안타를 쳤다면 2루까지 달리더라도 단타만 기록한다.
⒢펜스를 넘어가는 끝내기 홈런으로 경기가 끝났을 경우 타자 및 모든 주자의 득점을 인정한다."
RULE_COMMON_BR_9.07_p1,RULE,BASEBALL_RULES,2026_KBO야구규칙.pdf,2026,ARTICLE,9.00 공 식 기 록 원,9.07,도루(STOLEN BASE 盜壘),1,3,162,165,OFFICIAL,CONFIRMED,14367ea7310b1302,"[공식야구규칙 2026] 9.00 공 식 기 록 원 > 9.07 도루(STOLEN BASE 盜壘) (1/3)
주자가 안타, 풋아웃, 실책, 포스 아웃, 야수선택, 패스트볼, 폭투, 보크에 의하지 않고 1개 베이스를 갔을 때 도루가 기록된다. 이에 대한 세칙은 다음과 같다.
⒜주자가 투수의 투구에 앞서 다음 베이스를 향하여 스타트하였을 때 마침 그 투구가 폭투나 패스트볼로 기록될 만한 것이었다 하더라도 미스 플레이는 기록하지 않고 주자에게 도루를 기록한다.
[예외] 미스 플레이의 결과 도루를 시도한 주자가 목표한 베이스보다 더 많이 진루하거나 다른 주자가 진루하였을 경우 도루와 함께 폭투 또는 패스트볼을 기록한다.
[주1] 홈 스틸인 경우 3루주자가 투구 전에 스타트했더라도 폭투 또는 패스트볼의 도움 없이 득점할 수 있었다고 공식기록원이 판단하였을 경우에 한하여 그 주자에게 도루를 기록한다. 단, 3루주자가 홈 플레이트를 통과한 것이 폭투 또는 패스트볼에 의한 것이었다 하더라도 그와 함께 더블 스틸을 시도한 다른 주자가 투구 전에 스타트했다면 그 주자에게 도루를 기록한다.
[주2] 다음과 같은 경우 폭투 또는 패스트볼이 있더라도 주자가 투구에 앞서 도루를 시도했다면 그 주자에게 도루를 기록한다.
① 타자의 4구에 의하여 다음 베이스로 가는 것이 허용되지 않은 주자가 다음 베이스나 그 이상 진루하였을 경우
② 타자의 제3스트라이크 때 타자 또는 주자의 진루에 대하여 폭투 또는 패스트볼이 기록되었을 경우. 단, 2사 1루, 1·2루, 1·2·3루일 때 각 주자의 진루, 또는 2사 1·3루일 때 1루주자의 진루에 대해서는 도루를 기록하지 않는다.
[주3] 타자가 포수 또는 다른 야수에게 방해를 받아 주자가 5.06⒝⑶(D)에 따라 안전진루권을 가졌더라도 마침 도루를 시도하고 있었다면 그 주자에게는 도루를 기록한다.
⒝주자가 도루를 시도했을 때 투구를 받은 포수가 도루를 막으려고 던진 것이 악송구가 되더라도 도루만 기록한다. 그러나 그 악송구를 이용하여 도루를 시도한 주자가 목표한 베이스보다 더 많이 진루하거나 다른 주자가 진루하였을 경우 도루를 시도한 주자에게 도루를 기록하는 동시에 그 포수에게도 실책을 기록한다.
⒞도루를 시도하다가, 또는 견제구에 의해 런다운(run-down) 플레이에 걸린 주자가 아웃당하지 않고 수비 측의 실책 없이 다음 베이스에 진루하였을 경우 도루를 기록한다. 그 플레이 중 다른 주자가 진루하면 그 주자에게도 도루를 기록한다. 또 도루를 시도한 주자가 수비 측의 실책 없이 런다운 플레이에서 아웃당하지 않고 본래의 베이스로 되돌아가는 사이 다른 주자가 진루하였다면 진루한 주자에게 도루를 기록한다."
RULE_COMMON_BR_9.07_p2,RULE,BASEBALL_RULES,2026_KBO야구규칙.pdf,2026,ARTICLE,9.00 공 식 기 록 원,9.07,도루(STOLEN BASE 盜壘),2,3,162,165,OFFICIAL,CONFIRMED,4a14a2fa791581ce,"[공식야구규칙 2026] 9.00 공 식 기 록 원 > 9.07 도루(STOLEN BASE 盜壘) (2/3)
⒟더블 스틸, 트리플 스틸에서 어느 주자가 가려고 한 베이스에 닿기 전이거나 베이스에 닿은 뒤 오버슬라이딩하여 야수의 송구에 의해 아웃되었을 때는 어느 주자에게도 도루가 기록되지 않는다.
[주] 실제로 아웃된 경우뿐 아니라 당연히 아웃될 주자가 실책에 의하여 살았다고 공식기록원이 판단하였을 때도 마찬가지로 어느 주자에게도 도루를 기록하지 않는다.
⒠도루를 시도한 주자가 오버슬라이딩한 뒤 그 베이스로 되돌아가거나 다음 베이스로 가려고 하다가 태그 아웃된 경우 도루를 기록하지 않는다.
⒡정확하게 송구한 공을 야수가 놓쳤기 때문에 도루를 시도한 주자가 살았다고 공식기록원이 판단하였을 때는 송구를 놓친 야수에게는 실책을, 송구한 야수에게는 어시스트를 각각 기록하며 주자에게는 도루실패를 기록한다.
⒢주자가 단순히 수비 측의 무관심을 틈타 진루하였을 경우 도루를 기록하지 않고 무관심 진루 또는 야수선택(도루시도가 아닌 경우) 으로 기록한다.
[주1] 공식기록원은 수비 측 주자의 무관심 진루 여부를 판단할 때, 경기의 이닝과 득점을 포함한 전체적인 상황을 고려해야 한다(수비 측이 주자를 베이스에 묶어두려 했는지 여부, 투수가 주자의 진루 이전에 해당 주자를 견제했는지 여부, 야수가 주자의 진루에 따른 베이스 커버를 대응하기 위해 보통의 수비행위를 시도하였는지 여부, 수비 측이 주자의 진루를 저지하지 않을 전략적 동기를 가졌는지 여부 등). 예를 들어 주자 1·3루 상황에서 1루주자가 2루로 가려고 하자 포수는 3루주자가 본루에 들어올 것을 염려하여 송구하지 않았다. 이 경우 수비행위가 없었더라도 이 항을 적용하지 않고 도루를 기록한다.
[주2] 무관심 진루는 점수차가 크게 벌어지는 등의 이유로 수비 측이 주자를 견제 또는 아웃시키기 위한 플레이를 전혀 하지 않았을 경우에 기록한다. 단, 주자의 기록경쟁 저지를 위한 수비 측의 고의적 무관심 수비나 3점차 이내의 상황 또는 볼카운트 3B-2S(풀카운트)에서의 주자 진루는 무관심 진루로 기록하지 않는다."
RULE_COMMON_BR_9.07_p3,RULE,BASEBALL_RULES,2026_KBO야구규칙.pdf,2026,ARTICLE,9.00 공 식 기 록 원,9.07,도루(STOLEN BASE 盜壘),3,3,162,165,OFFICIAL,CONFIRMED,28cec911c0f5db6b,"[공식야구규칙 2026] 9.00 공 식 기 록 원 > 9.07 도루(STOLEN BASE 盜壘) (3/3)
⒣도루실패(CAUGHT STEALING) 다음에 해당하는 주자가 아웃되거나, 실책이 없었더라면 아웃되었을 경우 그 주자에게 도루실패를 기록한다.
⑴ 도루를 시도하였을 경우
⑵ 견제구에 걸린 뒤 진루하려고 했을 경우 (다음 베이스로 가려고 했던 어떠한 움직임도 진루하려는 의도로 간주된다)
⑶ 도루할 때 오버슬라이딩하였을 경우
[부기] 포수가 투구를 빠뜨린 것을 보고 주자가 진루하려다 아웃될 경우 도루실패로 기록하지 않는다.
또 주자가 업스트럭션에 의하여 1개 베이스를 갔을 경우 그 주자에게도 도루실패를 기록하지 않는다.
[주1] 이 항은 앞에 말한 주자가 주루를 시작할 때 다음 베이스에 주자가 없을 경우 또는 주자가 있더라도 그 주자도 함께 도루를 시도할 때에 한하여 적용된다.
[주2] 견제구에 걸린 주자가 원래의 베이스로 돌아가려고 하다가 아웃되거나 실책에 의하여 아웃을 면했을 경우 그 주자에게는 도루실패를 기록하지 않는다."
RULE_COMMON_BR_9.08_p1,RULE,BASEBALL_RULES,2026_KBO야구규칙.pdf,2026,ARTICLE,9.00 공 식 기 록 원,9.08,희생번트와 희생플라이(SACRIFICES),1,2,165,167,OFFICIAL,CONFIRMED,e5e47208765a02c5,"[공식야구규칙 2026] 9.00 공 식 기 록 원 > 9.08 희생번트와 희생플라이(SACRIFICES) (1/2)
⒜무사 또는 1사에서 타자가 번트로 1명 이상의 주자를 진루시키고 자신은 1루에서 아웃되거나 실책이 없었더라면 아웃되었을 경우 희생번트를 기록한다.
⒝무사 또는 1사에서 번트를 처리하는 야수가 다음 베이스로 가려는 선행주자를 아웃시키려고 하였으나 실책이 없이 살렸을 경우 희생번트를 기록한다.
[예외] 번트한 타구를 잡은 야수가 선행주자를 아웃시키려 하였으나 실패하였고 또한 완벽한 수비를 하였더라도 타자주자를 1루에서 아웃시킬 수 없었다고 공식기록원이 판단하였을 경우 희생타가 아닌 안타를 기록한다.
[주] 번트를 처리하는 야수가 곧바로 타자주자를 아웃시키려고 하지 않고 다른 주자를 살피거나 다른 베이스로 던지는 시늉만 하다가 송구가 늦어지는 바람에 타자가 1루에서 살았을 경우 타자에게 안타를 기록하고 희생번트를 기록하지 않는다.
⒞번트에 힘입어 진루하려던 주자 중에서 누구라도 아웃되었을 때 타자에게 1타수를 기록할 뿐 희생번트는 기록하지 않는다(포스 아웃이든 태그 아웃이든 상관없다).
[주1] 예를 들어 번트로 2루에 간 1루주자가 2루에서 오버런 또는 오버슬라이딩하여 야수에게 태그 아웃되었을 경우 타자는 주자를 안전하게 다음 베이스로 보냈으나 주자의 실수로 아웃된 것이므로 타자는 책임을 다한 것이 되어 희생번트로 기록한다.
[주2] 주자가 실제로 아웃되었을 때는 물론, 당연히 아웃될 상황에서 야수가 악송구하거나, 공을 떨어뜨리거나, 제대로 잡지 못하는 등의 미스 플레이로 주자가 살았을 때도 희생번트는 기록하지 않고 야수에게 실책을 기록한다. 그러나 이러한 미스 플레이가 벌어졌을 경우 그 미스 플레이가 없었더라도 그 주자가 진루할 수 있었다고 공식기록원이 판단하였다면 희생번트로 기록하고, 이 미스 플레이로 주자가 더 많은 베이스를 갔을 경우에는 실책까지 덧붙여 기록한다.
⒟타자가 번트하였을 때 주자를 진루시키려는 목적이 아니고 안타를 얻기 위한 것이었다고 공식기록원이 판단하였을 때는 타자에게 희생번트는 기록하지 않고 타수 1을 기록한다.
[부기] 이 항을 적용할 때 의심스러운 점이 있으면 항상 타자에게 유리하도록 한다."
RULE_COMMON_BR_9.08_p2,RULE,BASEBALL_RULES,2026_KBO야구규칙.pdf,2026,ARTICLE,9.00 공 식 기 록 원,9.08,희생번트와 희생플라이(SACRIFICES),2,2,165,167,OFFICIAL,CONFIRMED,faf34f2f57503c04,"[공식야구규칙 2026] 9.00 공 식 기 록 원 > 9.08 희생번트와 희생플라이(SACRIFICES) (2/2)
⒠다음과 같은 경우 희생플라이로 기록한다.
무사 또는 1사 때 타자가 친 플라이 볼 또는 직선타구를 외야수 또는 외야 쪽으로 나간 내야수가
⑴ 포구한 뒤 주자가 득점하였을 경우
⑵ 떨어뜨리고 주자는 득점하였을 경우 가령 그 타구가 포구되었더라도 포구 뒤 주자는 득점할 수 있었다고 공식기록원이 판단하였을 경우
[부기] 9.08⒠⑵를 적용할 때 타자가 주자가 됨에 따라 다른 주자가 포스 아웃되더라도 이 항을 적용하여 타자에게 희생플라이를 기록한다.
[주1] 파울 플라이 볼일 경우에도 ⑴에 해당하였을 때는 희생플라이로 기록한다.
[주2] 예를 들어 1사 1·3루에서 타자가 우익수 쪽에 플라이 볼을 치자 두 주자가 나란히 베이스에서 리터치하고 있을 때 우익수가 플라이 볼을 떨어뜨렸다. 3루주자는 쉽게 득점을 하였으나 1루주자는 우익수가 재빨리 2루에 송구하여 포스 아웃되었다. 이런 경우 3루주자의 득점이 우익수가 볼을 떨어뜨렸거나 2루에서 포스 아웃이 된 사이에(플라이 아웃을 이용한 것이 아님) 이루어졌다고 공식기록원이 판단하였을 경우 타자에게 희생플라이를 기록하지 않는다. 반면 3루주자가 포스 아웃이나 공을 떨어뜨린 사이를 이용하지 않고 플라이 볼이 잡혔더라도 득점할 수 있었다고 공식기록원이 판단하였을 경우 타자에게 희생플라이를 기록한다."
RULE_COMMON_BR_9.09_p1,RULE,BASEBALL_RULES,2026_KBO야구규칙.pdf,2026,ARTICLE,9.00 공 식 기 록 원,9.09,풋아웃(PUTOUT 아웃실행 자살 刺殺),1,2,167,170,OFFICIAL,CONFIRMED,2138e730ac2ce126,"[공식야구규칙 2026] 9.00 공 식 기 록 원 > 9.09 풋아웃(PUTOUT 아웃실행 자살 刺殺) (1/2)
⒜풋아웃은 다음과 같은 경우 기록된다. 야수가
⑴ 페어나 파울을 막론하고 플라이 볼 또는 직선타구를 잡아 타자를 아웃시킨 경우
⑵ 타구나 송구를 받아 타자 또는 주자를 아웃시킨 경우
[원주] 공식기록원은 어필 플레이에서 아웃을 기록하기 위해 야수가 송구를 받아 베이스 태그 아웃시키는 경우에 해당 야수에게 풋아웃을 부여하여야 한다.
⑶ 차지하고 있던 베이스에서 떨어져 있는 주자를 아웃시킨 경우
⒝다음과 같은 경우 규칙에 따라 자동으로 풋아웃(automatic putout) 이 포수에게 주어진다.
⑴ 타자가 스트라이크 아웃을 선고받았을 경우
⑵ 타자가 반칙타구에 의하여 아웃을 선고받았을 경우
⑶ 타자가 2스트라이크 뒤에 번트한 공이 파울 볼이 되었을 경우 (9.15⒜⑷[예외]인 경우는 제외한다)
⑷ 타자가 자기가 친 타구에 닿아 아웃이 선고되었을 경우
[주] 본루 부근에서 닿았을 경우 이 항을 적용하며, 1루 부근에서 닿았을 경우에는 1루수에게 풋아웃을 준다.
⑸ 타자가 포수를 방해하여 아웃이 선고되었을 경우
⑹ 타자가 타격순서를 어겨 아웃이 선고되었을 경우 (9.03⒟ 참조)
⑺ 포수방해나 4사구를 얻은 타자가 1루에 닿지 않아 아웃이 선고되었을 경우 (5.08⒝[벌칙] 참조)
⑻ 결승점을 올려야 할 3루주자가 3루에서 본루까지 진루하기를 거부하여 아웃이 선고되었을 경우 (5.08⒝[벌칙] 참조)
[주] 그 밖에도 다음과 같은 경우 포수에게 풋아웃을 준다.
① 페어타구가 배트에 다시 맞았기 때문에 5.09⒜⑼에 적용되어 타자가 아웃을 선고받았을 경우
② 페어 플라이 볼 또는 파울 플라이 볼에 대한 포수의 플레이를 타자 또는 공격 측 선수가 방해하여 아웃이 선고되었을 경우
③ 2사 이전에 1루주자가 있을 때 타자가 스트라이크 아웃을 선고받았으나 포수가 이를 잡지 못하였을 경우
④ 2스트라이크 뒤 헛친 공이 타자의 몸에 닿았거나, 헛친 뒤 되돌아온 배트가 투구 또는 포수에 닿아서 타자가 스트라이크 아웃의 선고를 받았을 경우
⑤ 플라이 볼을 잡으려던 포수가 관중의 방해로 공을 잡지 못하였으나 그 이유로 타자가 아웃을 선고받았을 경우
⑥ 타자가 한쪽 타자석에서 다른 쪽 타자석으로 옮겼기 때문에 아웃을 선고받았을 경우
⑦ 2사 이전에 홈으로 뛰어들던 3루주자에 대한 포수의 플레이를 타자가 방해하였기 때문에 주자에게 아웃이 선고되었을 경우"
RULE_COMMON_BR_9.09_p2,RULE,BASEBALL_RULES,2026_KBO야구규칙.pdf,2026,ARTICLE,9.00 공 식 기 록 원,9.09,풋아웃(PUTOUT 아웃실행 자살 刺殺),2,2,167,170,OFFICIAL,CONFIRMED,1f67a9e057bc8457,"[공식야구규칙 2026] 9.00 공 식 기 록 원 > 9.09 풋아웃(PUTOUT 아웃실행 자살 刺殺) (2/2)
⒞그 밖에 자동으로 풋아웃되는 경우는 다음과 같다(특별히 규정된 경우가 아니면 어시스트를 기록하지 않는다).
⑴ 타자가 인필드 플라이 선고로 아웃되었으나 어느 야수도 이것을 잡지 않았을 경우 공식기록원은 누가 그 타구를 잡을 수 있었는지를 판단하여 그 야수에게 풋아웃을 준다.
⑵ 주자가 페어 볼(인필드 플라이 포함)에 닿아서 아웃이 선고되었을 경우 그 타구에 가장 가까운 위치에 있었던 야수에게 풋아웃을 준다.
⑶ 주자가 태그당하지 않으려고 주루선 밖으로 달려서 아웃을 선고받았을 경우 주자가 피한 야수에게 풋아웃을 준다.
⑷ 주자가 선행주자를 앞질렀기 때문에 아웃을 선고받았을 경우 주자가 추월한 지점에서 가장 가까운 위치에 있던 야수에게 풋아웃을 준다.
[주] 후위주자가 선행주자를 앞질렀기 때문에 아웃될 때에 실제로 수비 측이 플레이를 하고 있었다면 여기에 관여한 야수에게 풋아웃과 어시스트를 준다. 실제로 플레이하지 않았더라도 공식기록원이 풋아웃과 어시스트를 줄 수 있었다고 추정하면 그 야수들에게 풋아웃과 어시스트를 준다. 어시스트를 줄 수 없다고 공식기록원이 판단하였을 때는 풋아웃만 준다.
⑸ 주자가 역주(逆走)하여 아웃이 선고되었을 경우 (5.09⒝⑽), 역주를 시작한 베이스를 커버한 야수에게 풋아웃을 준다.
⑹ 주자가 야수를 방해하여 아웃이 선고되었을 경우 방해당한 야수에게 풋아웃을 준다. 단, 야수가 송구하려고 할 때 방해를 당했다면 그 송구를 받으려고 한 야수에게 풋아웃을, 송구를 방해당한 야수에게는 어시스트를 준다.
⑺ 5.09⒜⒀에 의하여 선행주자의 방해행위로 타자주자가 아웃을 선고받았을 경우 1루수에게 풋아웃을 준다. 만약 방해당한 야수가 송구 중이었다면 그 야수에게 어시스트를 기록하지만 9.09⒞⑹,⑺의 규정에 해당하는 플레이 중에 방해당한 야수가 여러 차례 송구하였더라도 1개의 어시스트만 기록한다."
RULE_COMMON_BR_9.10,RULE,BASEBALL_RULES,2026_KBO야구규칙.pdf,2026,ARTICLE,9.00 공 식 기 록 원,9.10,어시스트(ASSIST 아웃도움 보살 補殺),1,1,170,171,OFFICIAL,CONFIRMED,34121972444dd4d8,"[공식야구규칙 2026] 9.00 공 식 기 록 원 > 9.10 어시스트(ASSIST 아웃도움 보살 補殺)
어시스트는 9.10에 규정된 바와 같이 타자주자 또는 주자가 풋아웃을 당하는데 기여한 야수에게 부여되는 통계이다.
어시스트는 아웃이 되거나 실책이 없었더라면 아웃이 될 수 있도록 타구나 송구를 연결하거나 공의 진로를 변경시킨(디플렉트, deflect) 야수에게 부여한다. 런다운 플레이가 벌어져 주자를 아웃시켰거나 에러가 없었더라면 아웃시킬 수 있었을 때 이 플레이에 가담한 야수들이 여러 차례 송구하거나 공의 진로를 변경시켰더라도 어시스트는 1개씩만 기록한다.
[부기] 비효과적으로 단순히 공을 건드린 것만으로는 어시스트라고 볼 수 없다. ‘디플렉트’란 공의 속도를 늦추거나 진로를 바꾼 것으로서 타자나 주자를 아웃시키는 데 상당한 효과를 가진 것을 말한다. 플레이가 끝난 후에 투수가 야수에게 송구하여 시작된 어필 플레이에 따른 풋아웃의 경우 공식기록원은 해당 투수에게만 어시스트를 기록한다.
⒜주자가 수비방해 또는 주루선 이탈로 아웃을 선고받은 플레이에 가담하여 공을 던지거나 공의 진로를 변경시킨 야수에게는 어시스트를 준다.
⒝스트라이크 아웃이 기록되었을 때 투수에게 어시스트를 주지 않는다.
[예외] 포수가 잡지 못한 제3스트라이크의 투구를 투수가 잡아 베이스에 던져 풋아웃을 시킨 경우는 투수에게 어시스트를 준다.
[주] 이 항의 경우 투수의 악송구로 인하여 타자 또는 주자가 살았을 때 만약 송구가 좋았더라면 아웃이 되었을 것이라고 공식기록원이 판단하면 그 투수에게 실책을 기록한다.
⒞정규의 투구를 받은 포수가 주자에 대한 견제구, 도루를 막기 위한 송구, 득점하려는 주자를 태그하는 등으로 주자를 아웃시켰을 경우 투수에게 어시스트를 주지 않는다.
[주] 3루주자가 홈 스틸을 시도할 때 투수가 투수판에서 발을 빼고 송구하여 포수가 주자를 태그 아웃시켰을 경우 투수에게 어시스트를 준다.
⒟야수가 악송구를 하여 주자에게 진루를 허용한 뒤 그대로 이어진 후속 플레이에서 그 주자를 아웃시키더라도 그 야수에게는 어시스트를 주지 않는다. 미스 플레이(실책 여부에 관계없이) 이후에 벌어지는 플레이는 새로운 플레이로 간주되며 미스 플레이를 한 야수가 또 다시 새로운 플레이에 관여하지 않는 한 어시스트의 기록을 얻을 수 없다."
RULE_COMMON_BR_9.11,RULE,BASEBALL_RULES,2026_KBO야구규칙.pdf,2026,ARTICLE,9.00 공 식 기 록 원,9.11,,1,1,171,171,OFFICIAL,CONFIRMED,dea453febd88a838,"[공식야구규칙 2026] 9.00 공 식 기 록 원 > 9.11
더블 플레이(DOUBLE PLAY)·트리플 플레이(TRIPLE PLAY) 투구한 뒤부터 볼 데드가 되거나 공이 투수의 손에 되돌아와 투수가 다음 투구자세에 들어갈 때까지의 사이에 실책이나 미스 플레이 없이 2명 또는 3명의 선수를 아웃시켰을 경우 풋아웃 또는 어시스트를 기록한 야수에게는 더블 플레이 또는 트리플 플레이에 참가한 것을 기록한다.
[부기] 공이 투수의 손에 되돌아온 다음이라도 어필 플레이에 의하여 또 다른 아웃이 성립되었을 경우도 더블 플레이 또는 트리플 플레이가 성립된 것으로 기록한다.
[주] 주자 1루 때 타자가 친 땅볼을 1루수가 잡아서 유격수에게 송구하였다.
이것을 받은 유격수는 2루를 터치하여 1루주자를 포스 아웃시키고, 다시 1루수에게 송구하여 타자도 아웃을 시켰다. 이 더블 플레이에서 1루수와 유격수는 어시스트와 풋아웃을 각각 1개씩 기록하지만 더블 플레이에 참가한 수는 1개씩이다."
RULE_COMMON_BR_9.12_p1,RULE,BASEBALL_RULES,2026_KBO야구규칙.pdf,2026,ARTICLE,9.00 공 식 기 록 원,9.12,실책(ERROR),1,4,171,177,OFFICIAL,CONFIRMED,2e4e6b5743157d51,"[공식야구규칙 2026] 9.00 공 식 기 록 원 > 9.12 실책(ERROR) (1/4)
실책이란 다음에 규정된 바와 같이 수비행위가 공격팀을 유리하게 만든 경우 해당 야수에게 부과되는 통계이다.
⒜공식기록원은 다음의 경우 실책을 기록한다.
⑴ 타자의 타격시간을 연장시키거나 아웃될 주자(타자주자 포함)를 살려 주거나 주자에게 1개 베이스 이상 진루를 허용한 미스 플레이(공을 잡다가 놓치는 것, 공을 떨어뜨리는 것, 악송구 등) 는 실책으로 기록한다.
[부기1] 송구, 포구, 태그의 미스 플레이가 아니라 공을 느리게 처리한 것은 실책으로 기록하지 않는다.
[부기2] 야수가 공에 닿았을 때만 실책이 기록되는 것이 아니다. 가령 땅볼타구가 야수의 양 다리 사이를 빠져 나가거나 평범한 플라이 볼이 야수에 닿지 않고 땅에 떨어졌을 때 일반적인 야수의 수비능력이라면 처리할 수 있었다고 공식기록원이 판단하면 그 야수에게 실책을 기록한다.
[부기3] 심리적 혼동 또는 판단 착오는 실책으로 기록하지 않는다. 단, 이 규칙에서 특별히 규정한 경우는 제외한다.
[예] 실수로 볼을 관중석에 던지거나 투수 마운드로 공을 굴리거나 3아웃이라고 착각해 타자 또는 주자가 진루할 수 있도록 하는 등의 실수로 이어지는 야수의 심리적 혼동은 고려되지 않으며 이 규칙에 따라 공식기록원은 그러한 실수를 저지르는 야수에게 실책을 기록한다. 단, 투수가 플레이에서 1루를 커버하지 못한 경우에는 해당 야수의 실책으로 기록하지 않는다.
(A) 야수가 파울 플라이 볼을 떨어뜨려서 타자의 타격시간을 연장시켰을 경우 타자의 출루 여부와 관계없이 그 야수에게 실책을 기록한다.
[주] 일반적인 야수의 수비능력이라면 처리할 수 있었다고 공식기록원이 판단하였을 때만 실책을 기록한다. (9.12⒝⑸ 참조) (B) 야수가 타자주자를 시간상으로 아웃시킬 수 있는 땅볼을 잡거나 송구를 받았으나 제때에 1루 또는 타자주자를 태그하지 못하여 타자주자를 살려 주었을 때 그 야수에게 실책을 기록한다.
(C) 야수가 땅볼을 잡거나 송구를 받아 주자를 포스 아웃시킬 수 있는 충분한 시간이 있었으나 주자 또는 베이스에 태그하지 못하여 주자를 살려 주었을 때 그 야수에게 실책을 기록한다.
[주] 포스 플레이에 의해 아웃이 되는 경우뿐 아니라 태그 아웃이 되는 경우도 야수가 주자에게 태그하면 충분히 아웃시킬 수 있었으나 태그하지 못하여 주자를 살려 주었을 때도 그 야수에게 실책을 기록한다.
(D) (ⅰ) 송구가 좋았더라면 아웃시킬 수 있었던 주자를 악송구 때문에 살려 주었다고 공식기록원이 판단하였을 경우 그 야수에게 실책을 기록한다.
[예외] 도루를 저지하려던 포수의 송구가 악송구가 되더라도 실책은 기록하지 않는다.
(ⅱ) 주자의 진루를 막으려고 공을 던진 것이 악송구가 된 탓으로 그 주자 또는 다른 주자가 송구가 좋았을 때보다 더 많이 진루하였을 경우 그 야수에게 실책을 기록한다.
(ⅲ) 야수의 송구가 불규칙 바운드를 일으키거나 베이스, 투수판, 주자, 야수 또는 심판원에게 맞고 공의 방향이 바뀌었기 때문에 주자가 진루하였을 경우 그 야수에게 실책을 기록한다."
RULE_COMMON_BR_9.12_p2,RULE,BASEBALL_RULES,2026_KBO야구규칙.pdf,2026,ARTICLE,9.00 공 식 기 록 원,9.12,실책(ERROR),2,4,171,177,OFFICIAL,CONFIRMED,38f969febdcda99b,"[공식야구규칙 2026] 9.00 공 식 기 록 원 > 9.12 실책(ERROR) (2/4)
[부기] 이 규칙은 정확하게 송구한 야수에게는 억울한 것 같지만 주자의 진루는 반드시 그 원인이 규명되어 야 한다.
[주] 공을 받으려는 선수가 야간조명등 또는 태양광선에 눈이 부셔 포구에 방해를 받았을 때도 위와 같이 송구한 야수에게 실책을 기록한다.
(ⅳ) 악송구 때문에 진루한 주자의 수나 베이스수에 관계없이 하나의 악송구에 대해서는 1개의 실책만 기록한다.
(E) 송구할 필요가 있고 송구도 정확했으나, 야수가 잡지 못하거나 잡으려 하지 않았기 때문에 주자가 진루하였을 경우 그 야수에게 실책을 기록한다. 만약 2루에 가는 송구였다면 공식기록원은 2루수 또는 유격수 중 누구의 책임인가를 판단하여 수비를 게을리 한 야수에게 실책을 기록한다.
[부기] 만약 송구할 필요가 없는 경우였다고 공식기록원이 판단하였다면 송구한 야수에게 실책을 기록한다.
(F) 심판원이 타자나 주자에게 방해 또는 주루방해로 진루를 허용하였을 때 진루가 허용된 주자수나 베이스수에 관계없이 방해 행위를 한 야수에게 실책 1개를 기록한다.
[부기] 주루방해가 있었더라도 주루방해가 없었을 때와 진루한 상황이 같다고 공식기록원이 판단하였을 경우 실책을 기록하지 않는다.
[주] 예를 들면 타자가 3루타가 될 듯한 안타를 쳐서 1루를 지나 2루에 가려고 할 때 1루수에게 주루방해를 당하여 타자에게 3루가 주어졌을 경우 타자에게 3루타를 기록하고 1루수에게는 실책을 기록하지 않는다. 1루주자가 1~2루 사이에서 협공당하다가 2루수가 주루방해를 범하였기 때문에 2루까지 가게 되었을 경우 2루수에게 실책을 기록한다."
RULE_COMMON_BR_9.12_p3,RULE,BASEBALL_RULES,2026_KBO야구규칙.pdf,2026,ARTICLE,9.00 공 식 기 록 원,9.12,실책(ERROR),3,4,171,177,OFFICIAL,CONFIRMED,bd99d957e7ca4116,"[공식야구규칙 2026] 9.00 공 식 기 록 원 > 9.12 실책(ERROR) (3/4)
⒝다음의 경우 실책을 기록하지 않는다.
⑴ 투구를 받은 포수가 도루를 저지하기 위하여 던진 것이 악송구가 되었을 경우 실책을 기록하지 않는다. 그러나 도루를 시도한 주자가 목표한 베이스보다 더 많이 진루하거나 악송구를 이용해 다른 주자가 진루하였을 경우 포수에게 실책을 기록한다.
⑵ 야수가 보통의 수비로 송구를 잘했더라도 주자를 아웃시키지 못하였을 것이라고 공식기록원이 판단한 경우 야수가 악송구를 하더라도 그 야수에게 실책을 기록하지 않는다. 단, 어느 주자라도 악송구가 없었을 때보다 더 많이 진루하였을 경우 악송구를 저지른 야수에게 실책을 기록한다.
[주] 야수가 어려운 공을 잘 잡았으나 몸의 균형을 잃는 바람에 악송구를 했을 경우 송구가 좋았더라면 타자 또는 주자를 아웃시켰을지도 모른다고 공식기록원이 판단하더라도 그 야수에게 실책을 기록하지 않는다. 단, 이 항 뒷부분과 같은 상황일 때는 실책을 기록한다.
⑶ 야수가 더블 플레이 또는 트리플 플레이를 하려고 하였을 경우 최후의 아웃을 시키려던 것이 악송구가 되었을 때는 실책을 기록하지 않는다. 그러나 송구가 나쁜 탓으로 어느 주자라도 더 많이 진루하였을 경우 그 악송구를 범한 야수에게 실책을 기록한다.
[부기] 더블 플레이 또는 트리플 플레이를 할 때 최후의 아웃을 위한 송구가 좋았는데도 야수가 떨어뜨렸을 때 그 야수에게 실책을 기록하고, 송구를 잘한 야수에게는 어시스트를 준다.
⑷ 야수가 땅볼을 놓치거나 플라이 볼, 라인 드라이브 또는 송구를 떨어뜨린 뒤 즉시 공을 주워 어느 주자라도 포스 아웃시켰을 경우 야수에게는 실책을 기록하지 않는다.
[주1] 이 항은 아웃이 성립된 경우뿐만 아니라 베이스에 들어간 야수가 송구를 잡지 못하여 포스 아웃에 실패했을 때도 적용된다. 이때는 송구를 잡지 못한 야수에게 실책을 기록한다.
[주2] 송구를 받은 야수가 베이스나 주자를 태그하면 충분히 아웃시킬 수 있었음에도 불구하고 태그하지 못하였기 때문에 주자를 살려 주었으나 즉시 다른 베이스에 송구하여 주자(타자주자 포함)를 포스 아웃시켰을 때도 이 항을 적용한다.
⑸ 무사 또는 1사 3루에서 3루주자가 파울 플라이를 이용하여 득점하는 것을 막으려고 야수가 일부러 타구를 잡지 않았다고 공식기록원이 판단하였을 경우 그 야수에게 실책을 기록하지 않는다.
⑹ 공식기록원은 다른 야수의 수비를 방해하는 야수에게 실책을 기록할 수 있다(다른 야수의 포구 방해로 글러브에서 공이 떨어지는 경우 등). 공식기록원은 방해를 받은 야수에게 실책을 기록하지 않는다."
RULE_COMMON_BR_9.12_p4,RULE,BASEBALL_RULES,2026_KBO야구규칙.pdf,2026,ARTICLE,9.00 공 식 기 록 원,9.12,실책(ERROR),4,4,171,177,OFFICIAL,CONFIRMED,873db1955917a463,"[공식야구규칙 2026] 9.00 공 식 기 록 원 > 9.12 실책(ERROR) (4/4)
⑺ 투수와 포수는 다른 야수에 비하여 공을 다루는 기회가 대단히 많기 때문에 투구에 관한 미스 플레이는 폭투(wild pitch) 또는 패스트볼(passed ball)이라고 부르며 기록상 다른 조항(9.13) 으로 표시한다. 따라서 폭투와 패스트볼은 실책으로 기록하지 않는다.
(A) 타자가 4사구로 1루에 나가거나 폭투 또는 패스트볼로 1루에 나갔을 경우 투수와 포수에게 실책을 기록하지 않는다.
(ⅰ) 제3스트라이크가 폭투가 되어 타자가 1루에 살아 나갔을 경우 삼진과 폭투를 함께 기록한다.
(ⅱ) 제3스트라이크가 패스트볼이 되어 타자가 1루에 나갔을 경우 삼진과 패스트볼을 함께 기록한다.
[주] 제3스트라이크를 잡지 못한 포수가 곧바로 공을 주워 1루로 던졌으나 악송구가 되어 타자주자를 살려 주었을 경우 송구가 좋았더라면 아웃시킬 수 있었다고 공식기록원이 판단하면 폭투나 패스트볼로 기록하지 않고 포수에게 실책을 기록한다. 그러나 포수의 악송구와 상관없이 타자주자가 1루에서 살았으리라고 공식기록원이 판단하면 포수에게 실책을 기록하지 않고 폭투나 패스트볼로 기록한다.
더구나 악송구에 의하여 타자주자가 2루 이상 진루하거나 다른 주자가 더 많은 베이스를 갔을 경우 폭투 또는 패스트볼로 기록하는 동시에 악송구를 한 포수에게 실책을 기록한다.
(B) 주자가 패스트볼, 폭투 또는 보크에 의하여 진루했을 경우 실책을 기록하지 않는다.
(ⅰ) 볼넷이 결정되는 공이 폭투 또는 패스트볼이 되어 타자나 다른 주자가 다음과 같이 진루했을 경우 4구와 함께 폭투 또는 패스트볼을 기록한다.
① 타자주자가 1루보다 더 많은 베이스에 진루했을 경우
② 볼넷으로 안전진루권을 얻은 주자가 그보다 더 많이 진루했을 경우
③ 볼넷으로 진루가 허용되지 않은 주자가 진루했을 경우 (ⅱ) 제3스트라이크가 폭투 또는 패스트볼이 되었으나 포수가 곧바로 공을 잡아 1루에 던지거나 타자주자를 태그하여 아웃시키는 동안 다른 주자가 진루하였을 경우 타자에게는 삼진, 야수에게는 풋아웃, 어시스트를 각각 기록하며 주자의 진루는 폭투 또는 패스트볼에 의한 것으로 기록하지 않고 타자주자를 아웃시키 는 플레이가 이루어지는 동안 진루한 것으로 기록한 다.
[주] 포수가 타자주자를 아웃시키는 대신 다른 주자를 아웃시켰을 때도 같은 방식으로 처리한다. 그러나 무 사나 1사 때 1루주자가 있어서 타자가 규칙에 따라 자동 아웃되고 주자가 폭투 또는 패스트볼로 진루했 을 경우 주자는 폭투 또는 패스트볼에 의한 진루로 기록하고 타자는 삼진으로 기록한다."
RULE_COMMON_BR_9.13,RULE,BASEBALL_RULES,2026_KBO야구규칙.pdf,2026,ARTICLE,9.00 공 식 기 록 원,9.13,,1,1,177,177,OFFICIAL,CONFIRMED,06f3dff0be3607a6,"[공식야구규칙 2026] 9.00 공 식 기 록 원 > 9.13
와일드 피치(WILD PITCH 폭투 暴投)·패스트볼(PASSED BALL)
⒜정규투구가 지나치게 높거나 낮거나 옆으로 빠졌기 때문에 포수가 보통의 수비로는 막아내거나 처리할 수 없어 주자를 진루시켰을 경우 폭투(wild pitch)가 기록된다.
⑴ 정규투구가 본루까지 오기 전에 땅에 떨어졌기 때문에 포수가 처리할 수 없어 주자를 진루시킨 경우 폭투가 기록된다.
⒝보통 수비로 받을 수 있는 정규투구를 포수가 놓치거나 처리하지 못하여 주자를 진루시켰을 경우 포수에게 패스트볼(passed ball) 을 기록한다."
RULE_COMMON_BR_9.14,RULE,BASEBALL_RULES,2026_KBO야구규칙.pdf,2026,ARTICLE,9.00 공 식 기 록 원,9.14,4구(BASE ON BALLS 볼넷 四球),1,1,178,178,OFFICIAL,CONFIRMED,c32583255b85f8a8,"[공식야구규칙 2026] 9.00 공 식 기 록 원 > 9.14 4구(BASE ON BALLS 볼넷 四球)
⒜스트라이크 존 밖으로 4개의 공이 투구되어 타자에게 1루가 주어졌을 경우 4구가 기록된다. 그러나 볼넷이 결정되는 공이 타자에게 닿았을 때는 사구(hit by pitch 死球)가 기록된다. (하나의 4구에 대해 2명 이상의 투수가 관여한 경우는 9.16⒣ 참조, 하나의 4구에 대해 2명 이상의 타자가 관여한 경우는 9.15⒝ 참조)
⒝투수가 볼넷이 결정되는 공을 스트라이크 존에 던지지 않고 고의적으로 포수석 밖에 서 있는 포수에게 투구할 때는 고의4구를 기록한다.
4구를 얻은 타자가 1루에 나가지 않았기 때문에 아웃이 선고되었을 경우는 4구를 취소하고 타수를 기록한다. (9.09⒝⑺,⑻ 참조)
⒞공식기록원은 수비 측 감독이 심판원에게 고의4구 의사를 전달하는 경우 투수가 별도로 투구하지 않더라도 고의4구를 기록한다."
RULE_COMMON_BR_9.15,RULE,BASEBALL_RULES,2026_KBO야구규칙.pdf,2026,ARTICLE,9.00 공 식 기 록 원,9.15,스트라이크 아웃(STRIKE OUT 삼진),1,1,178,179,OFFICIAL,CONFIRMED,e2a703b2c466dea8,"[공식야구규칙 2026] 9.00 공 식 기 록 원 > 9.15 스트라이크 아웃(STRIKE OUT 삼진)
스트라이크 아웃이란 9.15에 규정된 바와 같이 심판원이 타자에게 제3스트라이크를 선언할 때 투수 및 타자에게 부여되는 통계이다.
⒜공식기록원은 타자가 다음 상황일 때 스트라이크 아웃을 기록한다.
⑴ 포수가 제3스트라이크를 받아 타자가 아웃되었을 경우
⑵ 무사 또는 1사 때 포수가 제3스트라이크를 받지 못하였으나 1루에 주자가 있어 타자가 자동 아웃이 되었을 경우
⑶ 포수가 제3스트라이크를 받지 못하여 타자가 주자가 되었을 경우
⑷ 2스트라이크 뒤 타자가 번트를 하였으나 파울 볼이 되었을 경우[예외] 그러한 번트가 파울 플라이가 되어 야수에게 잡혔을 경우 삼진으로 기록하지 않고 그 파울 플라이를 잡은 야수에게 풋아웃을 기록한다.
⒝타자가 2스트라이크 뒤 물러나고 대타자(substitute batter)가 삼진으로 타격을 마쳤을 경우 첫 번째 타자에게 삼진과 타수를 기록한다. 대타자가 삼진이 아닌 다른 결과(4구 포함)로 타격을 마쳤을 때는 모두 대타자의 행위로 기록한다.
[주] 한 타석에 3명의 타자가 교체하여 세 번째 타자가 삼진으로 끝났을 때는 두 번째 스트라이크가 선고된 때에 타격을 한 타자에게 삼진과 타수가 기록된다."
RULE_COMMON_BR_9.16_p1,RULE,BASEBALL_RULES,2026_KBO야구규칙.pdf,2026,ARTICLE,9.00 공 식 기 록 원,9.16,자책점(EARNED RUN 自責點),1,6,179,186,OFFICIAL,CONFIRMED,c5a523dec1370278,"[공식야구규칙 2026] 9.00 공 식 기 록 원 > 9.16 자책점(EARNED RUN 自責點) (1/6)
자책점이란 투수가 책임져야 할 실점을 말한다. 자책점을 결정하려면 실책(포수의 타격방해 포함)과 패스트볼을 제외하고 그 이닝을 재구성하여야 한다. 실책 없이 진루한 베이스를 결정할 경우 의심스러운 것은 투수에게 유리하도록 한다.
자책점을 결정할 경우 고의4구는 보통의 4구와 같은 것으로 간주한다.
⒜자책점은 안타, 희생번트, 희생플라이, 도루, 풋아웃, 야수선택, 4사구(고의4구 포함), 보크, 폭투(제3스트라이크가 폭투가 되어 타자가 1루에 살아나간 경우 포함)에 의하여 주자가 득점할 때마다 기록된다. 그러나 수비 측이 3명을 아웃시킬 수 있는 기회를 얻기 전에 기록된 실점에 한하며, 수비 측의 방해는 여기에서 말하는 아웃시킬 수 있는 기회에 포함된다.
⑴ 폭투는 오로지 투수의 과실이며 4구나 보크처럼 자책점의 요소가 된다.
[주1] 여기서 말하는 ‘아웃시킬 수 있는 기회’란 수비 측이 타자 또는 주자를 아웃시킨 것과 실책으로 아웃시키지 못한 것을 합친 것을 말하며, 이것을 앞으로는 ‘아웃 기회’라고 한다. 이 항의 뒷부분은 수비 측이 상대팀 선수 2명을 아웃시킬 기회가 있고 나서 앞서 말한 바와 같이 실점하더라도 다음에 해당될 경우 투수의 자책점이 되지 않는다는 것을 규정하고 있다.
① 그 실점이 세 번째 아웃 기회가 실제로 아웃이 되거나 그 이후에 기록되었을 경우 예를 들면 선두타자 A가 중전안타, B가 투수 앞에 번트하고 1루수가 투수의 송구를 떨어뜨려 무사 1·2루가 되었다.
C의 3루 앞 번트로 주자는 2·3루로 진루하고 D는 중견수 희생플라이 볼을 쳐서 A가 득점하고 E는 삼진으로 끝났다. 이 회에서 투수의 자책점은 없다.
② 그 득점이 세 번째 아웃 기회가 실책으로 아웃이 되지 않았을 때 기록되거나 그 후에 기록되었을 경우 예를 들면 노 아웃에서 A가 3루 측 땅볼을 쳤으나 실책으로 살았고 B는 삼진. C는 2루쪽 땅볼을 쳤으나 A를 포스 아웃 시키려는 2루수의 송구를 유격수가 떨어뜨려 1사 1·2루. 여기서 D가 홈런, E가 투수 앞 땅볼, F가 삼진으로 이닝을 마쳤다. 이 회 역시 투수의 자책점은 없다.
공격 측 선수에 대한 아웃 기회를 계산할 때는 다음과 같은 여러 가지 경우가 있다.
① 파울 플라이를 놓쳐 타자의 타격시간이 연장되었을 때, 타자가 방해 또는 주루방해로 1루에 나갔을 때, 포수가 제3스트라이크를 놓쳐 타자가 1루에 나갔을 때(제3스트라이크가 폭투인 때는 제외), 야수의 실책으로 1루에 나갔을 때 또는 야수의 선택수비로 타자가 1루에 나갔을 때는 다 같이 타자에 대해 한 번의 아웃 기회가 있었던 것으로 계산한다.
② 파울 플라이를 놓쳐 타격시간이 연장된 타자가 실제로 아웃되었을 때 아웃 기회는 두 번인 것처럼 보이나 한 번으로 계산한다.
또 그 타자가 야수의 선택수비 결과 1루에 나갔을 때 수비의 대상이 된 주자가 이미 한 번 아웃될 기회가 있었다면 그때까지의 아웃 기회는 두 번으로 계산한다(타자에 대하여 아웃 기회가 한 번 있었던 것으로 계산한다)."
RULE_COMMON_BR_9.16_p2,RULE,BASEBALL_RULES,2026_KBO야구규칙.pdf,2026,ARTICLE,9.00 공 식 기 록 원,9.16,자책점(EARNED RUN 自責點),2,6,179,186,OFFICIAL,CONFIRMED,1c91d2a7e76ac065,"[공식야구규칙 2026] 9.00 공 식 기 록 원 > 9.16 자책점(EARNED RUN 自責點) (2/6)
③ 한 번 아웃될 기회가 있었던 타자 또는 주자가 다른 타자의 행위로 볼 수 없는 원인, 즉 도루나 다음 베이스로 진루하려던 행위로 아웃이 되었을 때 또는 실책으로 아웃을 면하였을 때 아웃 기회는 한 번으로 한다.
④ 한 번 아웃될 기회가 있었던 주자가 다른 타자의 행위로 인한 야수의 선택수비로 아웃되었을 때 또는 실책으로 인하여 아웃을 면하였을 때 아웃 기회는 두 번으로 계산한다.
⑤ 한 번 아웃될 기회가 있었던 주자가 다른 타자와 함께 더블 플레이가 되었을 때는 아웃 기회는 세 번으로 계산하지 않고 두 번으로 한다.
[주2] ① 자책점이 되는 요소는 안타, 희생번트 및 희생플라이, 도루, 풋아웃, 야수선택, 4사구(고의4구 포함), 보크, 폭투이며
② 자책점에 포함되지 않는 요소는 수비 실책, 포수 또는 야수의 타격방해, 주루방해, 패스트볼, 파울 플라이 볼 실책이다. ②의 요소로 1루에서 살거나 득점한 경우는 물론 2루, 3루에 진루할 때에도 ②의 요소에 의한 것은 자책점이 되지 않는다. 단, 2루, 3루를 ②의 요소로 진루한 주자가 득점한 경우라도 이와 같은 미스 플레이가 없어도 득점할 수 있었다고 판단된 경우는 자책점으로 한다. (9.16⒟ 참조) 아웃될 주자가 실책으로 인하여 아웃되지 않은 뒤 득점한 경우에는 자책점이 되지 않는다. 또 수비에 실책이 있었더라도 그 주자가 실책과 관계없이 진루할 수 있었다고 공식기록원이 판단하였을 때는 ②의 요소로 진루한 것으로 보지 않고 자책점으로 기록한다. 위의 두 가지에 특히 주의가 필요하다.
⒝다음의 이유로 1루에 출루한 주자는 득점하더라도 자책점으로 기록되지 않는다.
⑴ 파울 플라이 볼을 잡지 못하여 타격시간이 연장된 타자가 안타 또는 기타 사유로 1루에 나갔을 경우
⑵ 방해 또는 주루방해로 1루에 나갔을 경우
⑶ 야수의 실책으로 1루에 나갔을 경우
[주] 실책으로 살아나간 주자를 잡으려는 야수의 선택수비에 따라 타자가 1루에 나간 경우에도 이 항을 적용한다.
⒞실책이 없었더라면 아웃되었을 주자가 실책 덕에 살아나가 득점하였을 경우 자책점으로 기록되지 않는다.
[주] 이 항은 원칙적으로 주자에 대한 수비가 현실적으로 이루어져 실책으로 아웃이 되지 않은 경우에 적용하는 것이지만, 포스 플레이로 야수가 주자를 아웃시키려는 플레이를 하지 못하고 펌블과 같은 실책을 하였을 경우 그 실책으로 주자가 분명히 포스 아웃이 안 되었다고 공식기록원이 판단하였을 때는 이 항을 적용하여도 무방하다."
RULE_COMMON_BR_9.16_p3,RULE,BASEBALL_RULES,2026_KBO야구규칙.pdf,2026,ARTICLE,9.00 공 식 기 록 원,9.16,자책점(EARNED RUN 自責點),3,6,179,186,OFFICIAL,CONFIRMED,3f669c05c35df61e,"[공식야구규칙 2026] 9.00 공 식 기 록 원 > 9.16 자책점(EARNED RUN 自責點) (3/6)
⒟실책, 패스트볼, 수비 측의 방해 또는 주루방해로 진루한 주자가 득점한 경우 이 같은 미스 플레이의 도움이 없었더라면 득점할 수 없었을 것이라고 공식기록원이 판단하였을 때는 자책점으로 기록하지 않는다.
[주1] 주자의 득점을 자책점으로 하느냐 않느냐를 결정할 때 미스 플레이의 도움이 없었다면 진루도 득점도 할 수 없었다고 공식기록원이 판단한 경우에만 이 항을 적용한다. 기타의 경우 즉 현실적으로 미스 플레이의 도움 덕분에 2루, 3루에 진루하였더라도 만약 그 미스 플레이의 도움이 없었더라도 자책점이 되는 그 이닝의 다른 요소로 인하여 당연히 진루하여 득점하였다고 공식기록원이 판단하였을 때는 자책점으로 한다.
[예1] 안타로 출루한 1루주자 A가 패스트볼로 2루로 진루한 후 B의 단타로 득점하였을 경우 자책점으로 하지 않는다(KBO에서는 단타가 아닌 3루타 이상의 장타로 득점하였을 경우 또는 단타로 득점했더라도 그 후 2루타 이상의 장타가 있을 경우에 자책점이 된다. 아마추어 야구에서는 B의 3루타 이상의 장타로만 자책점이 된다). B가 4구로 출루한 뒤 C의 단타로 득점하였을 경우 자책점이 된다.
[예2] A가 4구, B는 3루수 실책으로 살아 주자 1·2루. C와 D의 4구로 A가 득점하였다. 이 경우 실책으로 아웃이 안 된 B가 없으면 A는 D의 4구로 인하여 득점할 수 없으므로 A의 득점은 자책점이 되지 않는다. 그러나 D가 2루타 이상의 장타를 때려 A와 B가 득점한 경우는 물론, 후속타자가 자책점이 되는 요소로 진루하여 A와 B가 득점할 수 있었다면 A의 득점은 자책점이 된다.
[예3] A가 4구로 출루하고 패스트볼로 2루까지 갔다. B는 3루 땅볼로 아웃. A는 2루에 머물러 있다가 C의 단타로 득점하였다. 이 경우 A는 B의 내야 땅볼 아웃을 이용하여 2루에 진루한 것이 아니므로 A의 득점은 자책점으로 기록하지 않는다. 다만 프로에서는 C의 3루타 이상 장타로 득점하였을 경우 또는 단타로 득점했더라도 2루타 이상의 후속타가 있었을 경우 자책점으로 되지만, 아마추어 야구에서는 B의 3루타 이상의 장타로만 자책점이 된다.
[주2] 만루일 때 타자가 포수 또는 야수의 방해로 1루에 나갔기 때문에 3루주자가 득점하였을 경우 3루주자의 득점은 자책점으로 하지 않는다.
[주3] 파울 플라이 볼 실책으로 타격시간이 연장된 타자가 완료된 타격에 의해 주자가 진루했을 때는 미스 플레이의 도움에 의한 진루로 간주한다.
⒠자책점을 계산할 경우 투수의 실책은 다른 야수의 실책과 같이 취급한다.
⒡실책이 있었을 경우 실책의 도움 없이도 주자가 진루할 수 있었는가를 결정하는 데 의문점이 있으면 투수에게 유리하도록 한다."
RULE_COMMON_BR_9.16_p4,RULE,BASEBALL_RULES,2026_KBO야구규칙.pdf,2026,ARTICLE,9.00 공 식 기 록 원,9.16,자책점(EARNED RUN 自責點),4,6,179,186,OFFICIAL,CONFIRMED,cacd9bf9229117c2,"[공식야구규칙 2026] 9.00 공 식 기 록 원 > 9.16 자책점(EARNED RUN 自責點) (4/6)
⒢이닝 도중 투수가 교체되었을 경우 전임투수가 남긴 주자의 득점 및 전임투수가 남긴 주자를 아웃시킬 때 선택수비로 출루한 주자의 득점은 구원투수가 아닌 전임투수의 책임으로 한다.
[부기] 이 규정은 전임투수가 남긴 주자 개개인보다 남긴 주자의 수를 기준으로 한다는 의미를 담고 있다. 투수가 베이스에 주자를 남겨둔 채 교체되면 그때까지의 실점과 함께 남긴 주자수만큼 실점을 책임져야 한다. 단, 남은 주자가 도루실패나 견제구 등으로 타자의 행위와 관계없이 아웃되거나 타자주자가 1루에 도달하지 못하였을 때 수비방해 등으로 아웃되었을 경우 남긴 주자의 수는 줄어든다.
[예1] 투수 갑이 A를 4구로 내보내고 투수 을로 교체되었다. B가 땅볼로 아웃되는 사이 A는 2루에 가고, C는 플라이 아웃. D가 단타로 A가 득점했다.
→ 투수 갑의 실점 [예2] 투수 갑이 A를 4구로 내보내고 을로 교체. B의 땅볼로 A가 2루에서 포스 아웃되고 B는 C의 땅볼 때 2루까지 진루. D의 단타로 B가 득점했다.
→ 투수 갑의 실점 [예3] 투수 갑이 A를 4구로 내보내고 을로 교체되었다. A는 B의 단타로 3루까지 달린 후 C의 유격수 앞 땅볼 때 본루에서 아웃되었다. 1사 1·2루. D는 플라이 아웃, E가 단타를 쳐 B가 득점했다.
→ 투수 갑의 실점 [예4] 투수 갑이 4구로 나간 A를 1루에 남겨두고 을로 교체. B가 4구, C는 플라이로 아웃되어 1사 1·2루. A는 2루에서 견제구로 아웃되었다(이로써 갑이 남긴 주자는 없어졌다). D가 2루타를 쳐서 1루주자 B가 득점했다.
→ 투수 을의 실점 [예5] 투수 갑이 4구로 나간 A를 남기고 을로 교체. B가 4구로 나간 뒤 다시 병으로 교체, C가 땅볼을 쳐서 A는 3루에서 포스 아웃. D도 땅볼을 쳐서 B가 3루에서 포스 아웃. 2사 1·2루에서 E가 3점홈런을 터뜨렸다.
→ 투수 갑, 을, 병 각각 1실점 [예6] 투수 갑이 4구를 고른 A를 남겨두고 을로 교체. B가 4구, C가 단타를 쳐서 무사 만루. D가 땅볼을 쳐서 A는 본루에서 포스 아웃, E는 단타를 쳐 B와 C가 각각 득점했다.
→ 투수 갑, 을 각각 1실점 [예7] 투수 갑이 4구의 A를 1루에 남기고 을로 교체. B가 단타를 쳤을 때 A는 3루를 노리다가 아웃되고 그 사이에 B는 2루. C가 단타를 쳐 B가 득점했다.
→ 투수 을의 1실점"
RULE_COMMON_BR_9.16_p5,RULE,BASEBALL_RULES,2026_KBO야구규칙.pdf,2026,ARTICLE,9.00 공 식 기 록 원,9.16,자책점(EARNED RUN 自責點),5,6,179,186,OFFICIAL,CONFIRMED,4c28bb3d01982f5b,"[공식야구규칙 2026] 9.00 공 식 기 록 원 > 9.16 자책점(EARNED RUN 自責點) (5/6)
[주1] [예1] 투수 갑은 내야 실책으로 나간 A를 남기고 을로 교체되었다. B의 4구 뒤 C의 타구로 A는 3루에서 포스 아웃되고, D의 3점홈런이 터졌다.
→ C는 투수 갑의 실점 (비자책점), B, D는 투수 을의 실점 (자책점) [예2] 투수 갑은 내야 실책으로 나간 A를 남기고 을로 교체. B의 4구 뒤 C의 타구로 A는 3루에서 포스 아웃되고 D의 단타로 B가 득점했다. E와 F는 범퇴. → B가 갑의 실점 (프로는 비자책점, 아마는 자책점)
[주2] 이 항 [부기]의 뒷부분에서 말하는 ‘전임투수가 남긴 주자의 수가 줄어든다’는 것은 전임투수가 남긴 주자가 구원투수가 상대한 타자와 함께 병살되거나 구원투수가 상대한 타자의 행위로 전임투수가 남긴 두 주자가 병살되었을 경우(이때는 1을 뺀다), 또는 전임투수가 남긴 주자가 더 많은 베이스를 가려다가 아웃되었을 경우에도 포함된다.
⒣구원투수는 투수가 교체될 당시 타자가 결정적으로 유리한 볼카운트에 있을 경우 그 타자에게 허용한 4구에 대하여는 책임지지 않는다.
⑴ 투수가 교체될 당시 볼카운트가 다음과 같을 때 그 타자가 4구를 얻었을 경우에는 그 타자의 타석과 4구는 구원투수가 아닌 전임투수의 책임으로 한다.
스트라이크 0 1 0 1 2 볼 2 2 3 3 3
⑵ 앞의 경우 타자가 안타, 실책, 야수선택, 포스 아웃, 사구(死球) 등으로 출루하였을 경우 구원투수의 책임이 된다.
[부기] 이것은 9.16⒢에 해당되지 않는다.
⑶ 투수가 교체 출장하였을 경우 당시 타자의 볼카운트가 다음과 같은 경우 그 타자 및 그 타자의 행위는 구원투수의 책임이 된다.
스트라이크 2 2 1 0 2 1 볼 2 1 1 1 0 0"
RULE_COMMON_BR_9.16_p6,RULE,BASEBALL_RULES,2026_KBO야구규칙.pdf,2026,ARTICLE,9.00 공 식 기 록 원,9.16,자책점(EARNED RUN 自責點),6,6,179,186,OFFICIAL,CONFIRMED,e0b25b1201e7ee55,"[공식야구규칙 2026] 9.00 공 식 기 록 원 > 9.16 자책점(EARNED RUN 自責點) (6/6)
⒤이닝 도중에 투수가 교체될 경우 자책점을 결정할 때 구원투수는 출전하기 전까지의 실책 또는 패스트볼에 의한 아웃 기회의 혜택을 받지 못한다.
[부기] 이 항의 목적은 구원투수가 자책점이 되지 않는다고 해서 무책임하게 투구하는 것을 막으려는 데에 있다. 구원투수에게는 자책점이 되지만 팀에는 자책점이 안 되는 경우가 있다(반자책점).[예1] 2사. 투수 갑이 4구로 나간 A와 실책으로 출루한 B를 남기고 투수 을로 교체. C가 3점홈런을 터뜨렸다.
→ 투수 갑의 자책점은 없고 실점 2, 투수 을은 자책점 1[예2] 2사. 투수 갑이 연속 4구로 나간 A와 B를 남기고 투수 을로 교체. C가 실책으로 출루한 뒤 D가 만루홈런을 터뜨렸다.
→ 투수 갑, 을 각각 실점 2 (자책점 0) [예3] 무사. 투수 갑이 4구의 A와 실책으로 나간 B를 남기고 투수 을로 교체, C, D 각각 삼진, E 3점홈런. F 실책으로 출루하고 G는 2점홈런을 터뜨렸다.
→ 투수 갑 실점 2, 투수 을 실점 3 (자책점 1), 팀자책점 0
[주] 이닝 도중에 출전한 구원투수의 자책점을 결정할 때 이 항이 적용되기 때문에 팀자책점보다 투수 개개인의 자책점 합계가 많을 경우가 있다. 또한 구원투수가 자책점이 될 주자를 남기고 물러나 또 다른 구원투수가 등판했을 때는 실책이나 패스트볼에 의한 아웃 기회의 혜택을 받을 수 있다."
RULE_COMMON_BR_9.17_p1,RULE,BASEBALL_RULES,2026_KBO야구규칙.pdf,2026,ARTICLE,9.00 공 식 기 록 원,9.17,,1,2,186,188,OFFICIAL,CONFIRMED,5695548eb279b0a4,"[공식야구규칙 2026] 9.00 공 식 기 록 원 > 9.17 (1/2)
승리투수(WINNING PITCHER)·패전투수(LOSING PITCHER)
⒜선발투수는 최소한 5회를 완투한 후에 물러나야 하며 교체 당시 자기 팀이 리드하고 있을 뿐 아니라 그 리드가 경기종료까지 유지되었을 경우 선발투수를 승리투수로 기록한다.
⒝선발투수가 최소한 5회의 투구가 필요하다는 규정은 6회 이상의 경기에는 전부 해당한다.
경기가 5회에 종료되었을 경우 선발투수가 최소한 4회를 완투한 후 물러나야 하며 교체 당시 자기 팀이 리드하고 있을 뿐 아니라 그 리드가 경기종료까지 유지되어야 선발투수를 승리투수로 기록한다.
⒞선발투수가 앞의 ⒜, ⒝ 규정에 의하여 승리투수가 되지 못하고 2명 이상의 구원투수가 출전하였을 경우 다음을 기준으로 승리투수를 결정한다.
⑴ 선발투수가 던지고 있는 동안 승리팀이 리드를 잡고 그 리드가 경기 끝까지 이어졌을 경우 승리하는 데 가장 효과적인 투구를 하였다고 공식기록원이 판단한 1명의 구원투수에게 승리투수를 기록한다.
⑵ 경기 도중 동점이 되면 투수의 승패 결정에 관한 한 경기는 새로 시작되는 것으로 취급한다.
⑶ 상대팀이 일단 리드를 잡으면 그때까지 투구한 모든 투수는 승리투수의 결정에서 제외된다. 단, 상대팀에 리드를 내준 투수가 계속 던져 자기 팀이 리드를 되찾고 그 리드가 최후까지 유지되었을 경우 그 투수에게 승리투수의 기록이 주어진다.
⑷ 구원투수가 던지고 있는 동안 리드를 잡고 그 리드가 경기 끝까지 유지되었을 경우 그 구원투수에게 승리투수를 기록한다.
[예외] 구원투수가 잠시 동안 비효과적인 투구를 하고 그 뒤에 나온 구원투수가 리드를 유지하는 데 효과적인 투구를 하였을 경우 나중의 구원투수에게 승리투수를 기록한다.
⒟투수가 대타자나 대주자와 교체되어 물러난 회에 자기 팀이 리드하고 있었거나 그 회에 얻은 득점으로 자기 팀이 리드를 되찾았을 경우 승리투수를 결정하는 데 그 투수에게 유리하게 반영한다.
⒠투수가 자기 팀이 스코어상 뒤진 상태에서 교체되거나 교체된 뒤 자기 실점 때문에 팀이 리드를 내주고 난 뒤 한 번도 동점을 만들거나 역전시키지 못했을 경우 투구횟수의 장단에 상관없이 그 투수를 패전투수로 기록한다."
RULE_COMMON_BR_9.17_p2,RULE,BASEBALL_RULES,2026_KBO야구규칙.pdf,2026,ARTICLE,9.00 공 식 기 록 원,9.17,,2,2,186,188,OFFICIAL,CONFIRMED,69851bf1561f913d,"[공식야구규칙 2026] 9.00 공 식 기 록 원 > 9.17 (2/2)
⒡일반경기가 아니라 올스타전처럼 투구횟수가 2~3이닝으로 미리 정해져 있는 경우가 있다. 이러한 경기에서는 선발투수나 구원투수에 상관없이 끝까지 유지된 리드를 잡았을 당시 승리팀에서 던지고 있던 투수에게 승리투수를 기록하는 것이 관례다. 단, 승리팀이 결정적인 리드를 잡고 나서 그 투수가 난타당해 물러나고 오히려 구원투수가 승리에 더 많이 기여하였다고 판단될 경우에는 후속투수를 승리투수로 기록한다.
[주1] 이러한 경기에서 승리투수의 기록을 결정할 경우 리드를 잡았을 당시 투구한 투수(선발 또는 구원)에게 주어지는 것이 관습적으로 되어 있으나 공식기록원이 그 투수보다 다른 투수가 승리를 거두는 데에 더 효과적인 투구를 하였다고 판단하였을 경우에는 그 투수에게 승리투수의 기록을 줄 수 있다.
[주2] 무승부경기에서 최종회에 2명 이상의 투수가 출전하였을 경우 반드시 최후의 아웃을 잡은 투수에게 무승부 기록을 부여한다."
RULE_COMMON_BR_9.18,RULE,BASEBALL_RULES,2026_KBO야구규칙.pdf,2026,ARTICLE,9.00 공 식 기 록 원,9.18,셧아웃,1,1,188,188,OFFICIAL,CONFIRMED,96e284f26c7a3127,"[공식야구규칙 2026] 9.00 공 식 기 록 원 > 9.18 셧아웃
처음부터 완투하거나, 제1회에 무사 무실점인 때에 교체 등판하여 무실점인 상태로 경기를 종료한 투수에게 셧아웃(shutout, 완봉승리)을 기록한다. 2명 이상의 투수가 이어 던져 셧아웃을 기록하였을 때는 공식 투수성적에 그 내용을 붙인다."
RULE_COMMON_BR_9.19,RULE,BASEBALL_RULES,2026_KBO야구규칙.pdf,2026,ARTICLE,9.00 공 식 기 록 원,9.19,구원투수의 세이브 결정,1,1,188,189,OFFICIAL,CONFIRMED,d99763a1f036ddee,"[공식야구규칙 2026] 9.00 공 식 기 록 원 > 9.19 구원투수의 세이브 결정
다음 세 가지 조건을 모두 충족시킨 투수에게는 세이브의 기록이 주어진다.
⒜자기 팀이 승리를 얻은 경기를 마무리한 투수
⒝승리투수의 기록을 얻지 못한 투수
⒞다음 중 어느 것이든 해당되는 투수
⑴ 자기 팀이 3점 이하의 리드를 하고 있을 때 출전하여 최소한 1이닝을 투구하였을 경우
⑵ 베이스에 나가 있는 주자 또는 상대하는 타자 또는 그 다음 타자가 득점하면 동점이 되는 상황에서 출전하였을 경우
⑶ 최소한 3회를 투구하였을 경우 세이브 기록은 한 경기에 한 명에게만 부여된다."
RULE_COMMON_BR_9.20,RULE,BASEBALL_RULES,2026_KBO야구규칙.pdf,2026,ARTICLE,9.00 공 식 기 록 원,9.20,통계,1,1,189,189,OFFICIAL,CONFIRMED,74c82555fe094285,"[공식야구규칙 2026] 9.00 공 식 기 록 원 > 9.20 통계
총재는 공식통계원을 임명하여 9.02에 규정되어 있는 바와 같이 정규시즌에 출전한 모든 선수의 타격, 수비, 주루 및 투수 성적을 집계하여 보존하게 한다.
통계원은 시즌이 끝난 뒤에는 정규시즌 경기의 개인 및 팀 기록이 기재되어 있는 보고서를 작성하여 총재에게 제출하여야 한다. 이 보고서에는 각 선수의 성명을 명시하고, 타자는 좌타·우타 및 스위치히터를 구별하고 야수와 투수는 우투·좌투를 구별하여 기재한다.
원정구단의 타순표에 기재된 선수가 수비에 나가기 전에 교체 되었을 경우 실제로 그 위치에서 수비하지 않는 한 수비에 관한 기록은 주어지지 않는다. 공식 타순표에 기재되거나 경기에 출전한다고 발표된 모든 선수는 (타격에 관한 통계에서는) 경기에 출전한 것으로 기록된다.
[주1] 홈구단의 타순표에 기재된 선수가 1회초 수비에 나가지 않고 교체 되었을 경우 수비에 관한 출전기록은 없는 것으로 한다(단, 출전경기로는 인정). 공동선두가 되어 우승결정전을 치러야 할 경우 그 경기 기록은 정규시즌 기록에 포함시킨다(단, 우리나라에서는 적용하지 않는다).
[주2] 공식기록원은 야수가 적어도 한 투구 또는 한 플레이 동안 그라운드에 머물러 있을 경우 해당 야수에게 수비 출전기록을 부여해야 한다.
공식기록원은 야수의 수비교체가 이뤄지고 한 투구 또는 한 플레이가 끝나기 전 콜드게임이 선언될 경우 대체 야수에게 공격 출전기록은 부여하되, 수비 통계기록은 부여하지 않는다. 공식기록원은 투수교체가 이뤄지고 한 투구 또는 한 플레이가 끝나기 전 콜드게임이 선언될 경우 대체 투수에게 타격 통계기록은 부여하되, 수비 통계기록 또는 투수 출전기록을 부여하지 않는다."
RULE_COMMON_BR_9.21,RULE,BASEBALL_RULES,2026_KBO야구규칙.pdf,2026,ARTICLE,9.00 공 식 기 록 원,9.21,율(PERCENTAGE)의 결정,1,1,189,190,OFFICIAL,CONFIRMED,4927255a44880ca6,"[공식야구규칙 2026] 9.00 공 식 기 록 원 > 9.21 율(PERCENTAGE)의 결정
각 율(率)의 계산법은 다음과 같다.
⒜승률은 승리경기수를 승, 패의 합계로 나눈다.
⒝타율은 안타수를 9.02⒜에 규정된 타수로 나눈다.
⒞장타율은 9.02⒜에 규정된 루타수를 타수로 나눈다.
⒟수비율은 풋아웃, 어시스트의 합계를 풋아웃, 어시스트, 실책의 합계로 나눈다.
⒠투수의 평균자책점(earned run average, 방어율)은 자책점 합계에 9를 곱하고 투구횟수로 나눈다.
[부기] KBO에서는 평균자책점(방어율)을 계산할 때 ⅓, ⅔회 등 이닝의 일부분까지 포함한 투구횟수를 기준으로 한다.
[예] 9⅓회를 던져 자책점이 3이면 평균자책점(방어율)은 2.89이다. (3 × 9 ÷ 9⅓ = 2.89)
[주] 아마추어 야구에서는 평균자책점(방어율)을 계산할 때 투구횟수의 ⅓은 버리고 ⅔는 반올림하여 계산한다.
[예] 200⅓회는 200회로, 200⅔회는 201회로 한다.
[주] 율을 산출할 때는 소수점 이하 4자리까지 계산하여 반올림한다.
⒡출루율(on-base average)은 안타수, 4사구의 합계를 타수, 4사구, 희생플라이 합계로 나눈다.
[부기] 출루율을 계산할 때는 방해나 주루방해에 의한 출루는 포함시키지 않는다."
RULE_COMMON_BR_9.22,RULE,BASEBALL_RULES,2026_KBO야구규칙.pdf,2026,ARTICLE,9.00 공 식 기 록 원,9.22,개인상 결정의 최소 기준,1,1,190,192,OFFICIAL,CONFIRMED,0df556f521d10620,"[공식야구규칙 2026] 9.00 공 식 기 록 원 > 9.22 개인상 결정의 최소 기준
KBO의 타격, 피칭, 수비의 개인 타이틀을 획득하려면 균일성(uniformity) 을 확립하기 위해 다음과 같은 최소 기준을 충족시켜야 한다.
⒜타율상, 장타율상 및 출루율상은 메이저리그의 경우 총 경기수의 3.1배 이상, 마이너리그는 총 경기수의 2.7배 이상의 타석에서 가장 높은 타율 및 장타율, 출루율을 기록한 선수에게 준다.
[예외] 필요 타석수(plate appearance)에 미달한 타자가 그 부족분을 타수로 가산하고도 최고의 타율, 장타율 및 출루율을 나타냈을 경우에는 그 타자에게 타율상, 장타율상 및 출루율상을 준다.
[예] 연간 정규 게임수가 팀 당 162게임으로 짜여 있는 메이저리그는 3.1배인 502, 팀 당 140게임으로 짜인 마이너리그는 그의 2.7배인 378이 필요 타석수이다.
타석수란 타수, 4사구, 희생번트, 희생플라이 및 방해 또는 주루방해에 의한 출루수의 합계를 말한다.
[주] 우리나라에서는 자기 소속팀이 한 시즌에 치른 경기수의 3.1배 이상의 타석수를 필요로 한다. 수를 산출할 때 소수점 이하는 버린다.
⒝최우수 평균자책점(방어율) 투수상은 최소한 자기 팀의 연간 경기수와 같은 투구횟수를 기록한 투수 중에서 평균자책점(방어율)이 가장 낮은 투수에게 수여한다.
[예외] 마이너리그에서는 연간 경기수의 80% 이상의 투구횟수를 필요로 한다.
[주] 우리나라에서는 자기 소속팀이 1시즌에 치른 경기수와 같은 수 이상의 횟수를 필요로 한다.
⒞수비의 최우수선수는 다음의 자격을 갖추고 각 포지션별로 최고의 수비율을 기록한 야수에게 수여된다.
⑴ 포수는 팀 당 연간 총 경기수의 절반 이상의 경기에 포수로서 출전하여야 한다.
[주] 우리나라에서는 소속팀이 한 시즌에 치른 경기수의 절반 이상의 출전을 필요로 한다. 수를 산출할 때 소수점 이하는 버린다.
⑵ 내야수 및 외야수는 팀 당 연간 총 경기수의 ⅔ 이상의 경기에 그 포지션에서 수비를 하여야 한다.
[주] 우리나라에서는 소속팀이 한 시즌에 치른 경기수의 ⅔ 이상의 출전을 필요로 한다. 수를 산출할 때 소수점 이하는 버린다.
⑶ 투수는 팀 당 연간 총 경기수와 동수 이상의 투구횟수를 기록하여야 한다.
[예외] 규정투구횟수에 미달한 투수가 규정에 도달한 투수보다도 수비기회(풋아웃, 어시스트, 실책의 합계)를 더 많이 기록하고 더욱이 수비율이 같거나 더 높을 경우에는 최고수비율 투수가 된다.
[주] 위의 각 항에서 규정타석, 규정투구횟수, 규정경기수를 계산할 때 소수점 이하는 버린다."
RULE_COMMON_BR_9.23,RULE,BASEBALL_RULES,2026_KBO야구규칙.pdf,2026,ARTICLE,9.00 공 식 기 록 원,9.23,누적기록의 규정,1,1,192,192,OFFICIAL,CONFIRMED,f39ce7c8bb974e10,"[공식야구규칙 2026] 9.00 공 식 기 록 원 > 9.23 누적기록의 규정
⒜연속안타 연속안타 기록은 4사구, 타격방해, 주루방해 및 희생번트에 의해 중단되지 않는다. 그러나 희생플라이는 기록을 중단시키는 요소가 된다.
⒝연속경기 안타 연속경기 안타 기록은 경기의 모든 타석이 4사구, 타격방해, 주루방해 및 희생번트만으로 끝났을 경우에는 중단되지 않는다. 그러나 안타 없이 희생플라이만 있으면 그 기록은 중단된다.
선수 개인의 연속경기 안타는 팀의 경기에 의하지 않고 선수가 출전한 경기에 따라 결정한다.
[주] 선수가 경기에 출전하였으나 타석이 돌아오기 전에 경기가 끝났을 경우 또는 베이스상의 주자가 아웃되어 공수가 바뀌었기 때문에 타석에는 들어갔더라도 타격을 완료하지 못하였을 경우에는 연속안타 및 연속경기 안타의 기록은 중단되지 않은 것으로 간주한다.
⒞연속경기 출전 연속경기 출전기록은 한 회의 수비(one half-inning)에 출전하거나, 타자로 나와 출루하든 아웃되든 한 타석을 완료하여야 계속 이어진다. 대주자(代走者)로서 출전한 것만으로는 연속기록이 이어지지 않는다. 이 규정의 요구 조건을 갖추기 전에 심판원이 퇴장시킨 선수는 연속경기 출전기록이 계속된다.
⒟일시정지 경기 일시정지 경기의 잔여분을 치르면서 발생한 모든 기록은 이 규칙의 목적에 부합하도록 원래의 경기일에 치러진 것으로 간주한다."
RULE_COMMON_BR_용어1,RULE,BASEBALL_RULES,2026_KBO야구규칙.pdf,2026,GLOSSARY,용어의 정의,용어1,ADJUDGED (어드저지드·판정),1,1,193,193,OFFICIAL,CONFIRMED,9b3fa5f94bc3fd26,"[공식야구규칙 2026] 용어의 정의 > ADJUDGED (어드저지드·판정)
심판원의 판단으로 내리는 재정(裁定)이다."
RULE_COMMON_BR_용어2,RULE,BASEBALL_RULES,2026_KBO야구규칙.pdf,2026,GLOSSARY,용어의 정의,용어2,APPEAL (어필),1,1,193,193,OFFICIAL,CONFIRMED,e91c79d851a936ca,"[공식야구규칙 2026] 용어의 정의 > APPEAL (어필)
수비팀이 공격팀의 규칙 위반행위를 지적하여 심판원에게 아웃을 요청하는 행위이다."
RULE_COMMON_BR_용어3,RULE,BASEBALL_RULES,2026_KBO야구규칙.pdf,2026,GLOSSARY,용어의 정의,용어3,BALK (보크),1,1,193,193,OFFICIAL,CONFIRMED,324b861794a34444,"[공식야구규칙 2026] 용어의 정의 > BALK (보크)
베이스에 주자가 있을 때 투수의 반칙투구행위이다. 이때 모든 주자는 한 베이스씩 진루한다."
RULE_COMMON_BR_용어4,RULE,BASEBALL_RULES,2026_KBO야구규칙.pdf,2026,GLOSSARY,용어의 정의,용어4,BALL (볼),1,1,193,193,OFFICIAL,CONFIRMED,db555d5349413d42,"[공식야구규칙 2026] 용어의 정의 > BALL (볼)
투구가 떠 있는 상태로 스트라이크 존(strike zone)을 통과하지 못한 것으로 타자가 치지 않은 공이다."
RULE_COMMON_BR_용어5,RULE,BASEBALL_RULES,2026_KBO야구규칙.pdf,2026,GLOSSARY,용어의 정의,용어5,BASE (베이스·루),1,1,193,193,OFFICIAL,CONFIRMED,045c6fc7df24b744,"[공식야구규칙 2026] 용어의 정의 > BASE (베이스·루)
주자가 득점하기 위하여 닿아야 하는 4개의 지점을 말한다. 이 용어는 그 지점에 놓인 캔버스 백과 고무재질의 평판(홈 플레이트)을 가리키는 말로 쓰일 경우가 더 많다."
RULE_COMMON_BR_용어6,RULE,BASEBALL_RULES,2026_KBO야구규칙.pdf,2026,GLOSSARY,용어의 정의,용어6,BASE COACH (베이스 코치),1,1,193,193,OFFICIAL,CONFIRMED,d6bbadfed7b879b9,"[공식야구규칙 2026] 용어의 정의 > BASE COACH (베이스 코치)
1루 또는 3루의 코치석(coacher's box) 안에서 타자 또는 주자를 지휘하며 유니폼을 입은 팀의 일원을 말한다."
RULE_COMMON_BR_용어7,RULE,BASEBALL_RULES,2026_KBO야구규칙.pdf,2026,GLOSSARY,용어의 정의,용어7,BASE ON BALLS (베이스 온 볼스·볼넷),1,1,194,194,OFFICIAL,CONFIRMED,5fb94f45afac5e67,"[공식야구규칙 2026] 용어의 정의 > BASE ON BALLS (베이스 온 볼스·볼넷)
타자가 타격할 때 스트라이크 존을 벗어난 4개의 투구를 고르거나, 수비 측 감독이 심판원에게 고의4구 의사를 전달하여 1루에 출루하는 것을 말한다. 감독이 심판원에게 고의4구 의사를 알릴 경우 심판원은 타자에게 스트라이크 존을 벗어난 4개의 투구를 고른 것과 동일하게 1루 출루를 부여해야 한다."
RULE_COMMON_BR_용어8,RULE,BASEBALL_RULES,2026_KBO야구규칙.pdf,2026,GLOSSARY,용어의 정의,용어8,BATTER (배터·타자),1,1,194,194,OFFICIAL,CONFIRMED,4e0521cf8e91beb9,"[공식야구규칙 2026] 용어의 정의 > BATTER (배터·타자)
타자석에 들어서서 공격을 하는 선수다."
RULE_COMMON_BR_용어9,RULE,BASEBALL_RULES,2026_KBO야구규칙.pdf,2026,GLOSSARY,용어의 정의,용어9,BATTER RUNNER (타자주자),1,1,194,194,OFFICIAL,CONFIRMED,fca1944f9f1f4ed5,"[공식야구규칙 2026] 용어의 정의 > BATTER RUNNER (타자주자)
타격을 마친 타자가 아웃되거나 주자로서의 플레이가 종료될 때까지의 상태를 가리키는 말이다."
RULE_COMMON_BR_용어10,RULE,BASEBALL_RULES,2026_KBO야구규칙.pdf,2026,GLOSSARY,용어의 정의,용어10,BATTER`S BOX (배터스 박스·타자석),1,1,194,194,OFFICIAL,CONFIRMED,7ab758d3c9a8b4fd,"[공식야구규칙 2026] 용어의 정의 > BATTER`S BOX (배터스 박스·타자석)
타자가 타격을 할 때에 서 있는 곳이다."
RULE_COMMON_BR_용어11,RULE,BASEBALL_RULES,2026_KBO야구규칙.pdf,2026,GLOSSARY,용어의 정의,용어11,BATTERY (배터리·투포수),1,1,194,194,OFFICIAL,CONFIRMED,3d97eecf50622fd6,"[공식야구규칙 2026] 용어의 정의 > BATTERY (배터리·투포수)
투수와 포수를 함께 묶어 부르는 용어다."
RULE_COMMON_BR_용어12,RULE,BASEBALL_RULES,2026_KBO야구규칙.pdf,2026,GLOSSARY,용어의 정의,용어12,BENCH or DUGOUT (벤치 또는 덕아웃),1,1,194,194,OFFICIAL,CONFIRMED,a281b9565dcb1e32,"[공식야구규칙 2026] 용어의 정의 > BENCH or DUGOUT (벤치 또는 덕아웃)
경기장에서 실제적으로 활동하고 있지 않는 선수들과 그 밖에 팀의 멤버들이 앉을 수 있도록 만든 시설이다."
RULE_COMMON_BR_용어13,RULE,BASEBALL_RULES,2026_KBO야구규칙.pdf,2026,GLOSSARY,용어의 정의,용어13,BUNT (번트),1,1,194,194,OFFICIAL,CONFIRMED,6cee4a3a4049d66a,"[공식야구규칙 2026] 용어의 정의 > BUNT (번트)
배트를 크게 휘두르지 않고 공이 내야에 천천히 구르도록 일부러 약하게 가격하는 것을 말한다."
RULE_COMMON_BR_용어14,RULE,BASEBALL_RULES,2026_KBO야구규칙.pdf,2026,GLOSSARY,용어의 정의,용어14,CALLED GAME (콜드게임·중도종료경기),1,1,195,195,OFFICIAL,CONFIRMED,bc0922c16d478677,"[공식야구규칙 2026] 용어의 정의 > CALLED GAME (콜드게임·중도종료경기)
어떤 이유로든지 주심이 종료를 선언한 게임을 가리킨다."
RULE_COMMON_BR_용어15,RULE,BASEBALL_RULES,2026_KBO야구규칙.pdf,2026,GLOSSARY,용어의 정의,용어15,CATCH (캐치·포구),1,1,195,195,OFFICIAL,CONFIRMED,4b25ad77f5ae51a4,"[공식야구규칙 2026] 용어의 정의 > CATCH (캐치·포구)
야수가 날아가는 타구나 송구를 손 또는 글러브로 확실하게 잡는 행위를 가리킨다. 모자나 프로텍터(protector), 주머니 또는 유니폼의 다른 부분으로 잡은 것은 포구가 아니다. 또 공을 잡는 것과 동시이거나 그 직후에 다른 선수나 펜스에 부딪치거나 넘어져서 공을 떨어뜨렸을 때는 포구가 아니다. 야수에게 일단 닿은 플라이 볼이 튀어나가 공격팀의 선수 또는 심판원에게 맞았을 때는 어느 야수가 잡더라도 포구가 아니다. 그러나 야수가 공을 잡은 뒤 송구동작으로 이어진 다음에 공을 떨어뜨렸을 때는 포구로 인정된다. 포구를 분명히 하기 위하여 야수들은 그가 분명히 공을 잡고 있다는 사실이 인정될 만큼 충분히 오랫동안 공을 잡고 있어야 하며, 공을 손이나 글러브에서 떼는 것은 자발적이고 분명한 의도를 가진 것이어야 한다.
[원주] 공을 저글(juggle)하거나 다른 야수를 거쳤더라도 지면에 닿기 전에 잡으면 정규의 포구가 된다. 주자는 최초의 야수가 플라이 볼에 손을 댄 순간부터 베이스를 출발할 수 있다. 야수는 펜스, 난간, 로프 또는 그라운드와 관중석의 경계선 상공으로 신체를 뻗어서 플라이 볼을 잡을 수 있다(신체의 대부분은 경기장 안에 있어야 한다). 야수는 난간의 꼭대기나 파울지역에 놓아둔 캔버스 위에 뛰어올라 잡을 수도 있다. 야수가 펜스, 난간, 로프 등의 상공이나 스탠드로 신체를 뻗어서 플라이 볼을 잡으려고 하는 것은 스스로 위험을 감수하고 펼치는 플레이기 때문에 설사 관중이 그 플레이를 방해하더라도 수비방해의 이득을 얻을 수는 없다. 덕아웃 부근에서 플라이 볼을 잡으려는 야수가 덕아웃 안으로 빠지지 않으려고 안쪽에 있는 선수의 신체에 기대었다 하더라도 공을 잡으면 정규의 포구가 된다(어느 팀이든지 상관없다).
[주] 포수가 몸에 지니고 있는 마스크, 프로텍터 등에 닿고 튀어나온 플라이 볼을 땅에 떨어뜨리지 않고 포구하면 정규의 포구가 된다(파울 팁은 용어의 정의 34. 참조). 단, 손 또는 미트 이외의 것, 예를 들어 프로텍터 또는 마스크를 사용하여 잡은 것은 정규의 포구가 아니다."
RULE_COMMON_BR_용어16,RULE,BASEBALL_RULES,2026_KBO야구규칙.pdf,2026,GLOSSARY,용어의 정의,용어16,CATCHER (캐처·포수),1,1,196,196,OFFICIAL,CONFIRMED,0f00a7bae019c3a6,"[공식야구규칙 2026] 용어의 정의 > CATCHER (캐처·포수)
본루의 뒤쪽에 자리잡은 야수다."
RULE_COMMON_BR_용어17,RULE,BASEBALL_RULES,2026_KBO야구규칙.pdf,2026,GLOSSARY,용어의 정의,용어17,CATCHER’S BOX (캐처스 박스·포수석),1,1,196,196,OFFICIAL,CONFIRMED,29f964e5407b75fb,"[공식야구규칙 2026] 용어의 정의 > CATCHER’S BOX (캐처스 박스·포수석)
투수가 공을 던질 때까지 포수가 있어야 할 장소다."
RULE_COMMON_BR_용어18,RULE,BASEBALL_RULES,2026_KBO야구규칙.pdf,2026,GLOSSARY,용어의 정의,용어18,CLUB (클럽),1,1,196,196,OFFICIAL,CONFIRMED,efbaaacf43e29737,"[공식야구규칙 2026] 용어의 정의 > CLUB (클럽)
팀을 구성하고 경기장과 관련 시설을 준비하는 책임을 가진 개인이나 단체를 가리킨다. 리그 안에서는 그 팀을 대표한다."
RULE_COMMON_BR_용어19,RULE,BASEBALL_RULES,2026_KBO야구규칙.pdf,2026,GLOSSARY,용어의 정의,용어19,COACH (코치),1,1,196,196,OFFICIAL,CONFIRMED,eaa068e3053a0c1b,"[공식야구규칙 2026] 용어의 정의 > COACH (코치)
유니폼을 입은 팀의 일원으로서 베이스 코치로서의 임무 뿐 아니라 감독이 지정한 직무를 수행하기 위해 감독이 지명한 사람이다."
RULE_COMMON_BR_용어20,RULE,BASEBALL_RULES,2026_KBO야구규칙.pdf,2026,GLOSSARY,용어의 정의,용어20,DEAD BALL (데드 볼),1,1,196,196,OFFICIAL,CONFIRMED,bc271c106b4d1bbe,"[공식야구규칙 2026] 용어의 정의 > DEAD BALL (데드 볼)
규칙에 따라 플레이가 일시정지 되어 플레이에서 제외된 공을 말한다."
RULE_COMMON_BR_용어21,RULE,BASEBALL_RULES,2026_KBO야구규칙.pdf,2026,GLOSSARY,용어의 정의,용어21,DEFENSE or DEFENSIVE (디펜스 또는 디펜시브·수비팀),1,1,196,196,OFFICIAL,CONFIRMED,8ddc143bf63bf4df,"[공식야구규칙 2026] 용어의 정의 > DEFENSE or DEFENSIVE (디펜스 또는 디펜시브·수비팀)
경기장 안의 수비팀 또는 그 선수를 말한다."
RULE_COMMON_BR_용어22,RULE,BASEBALL_RULES,2026_KBO야구규칙.pdf,2026,GLOSSARY,용어의 정의,용어22,DOUBLE HEADER (더블헤더·연속경기),1,1,196,196,OFFICIAL,CONFIRMED,4067f0991492f889,"[공식야구규칙 2026] 용어의 정의 > DOUBLE HEADER (더블헤더·연속경기)
두 경기를 잇달아 펼치는 것을 말한다. 이런 대전은 미리 일정에 짜여 있을 때도 있고 일정 변경에 따른 때도 있다."
RULE_COMMON_BR_용어23,RULE,BASEBALL_RULES,2026_KBO야구규칙.pdf,2026,GLOSSARY,용어의 정의,용어23,DOUBLE PLAY (더블 플레이·병살),1,1,196,197,OFFICIAL,CONFIRMED,a9981d9e43269f21,"[공식야구규칙 2026] 용어의 정의 > DOUBLE PLAY (더블 플레이·병살)
수비팀이 연결된 동작으로 2명의 공격팀 선수를 아웃시킨 플레이를 말한다. 그러나 2명을 아웃시키는 사이 실책이 끼어 있으면 더블 플레이가 아니다.
⒜ 포스 더블 플레이(force double play)는 두 개의 포스 아웃(force out) 이 이어진 플레이다.
⒝ 리버스 포스 더블 플레이(reverse force double play·역방향병살)는 제1아웃이 포스 플레이고, 제1아웃 때문에 포스 상태가 해제된 주자가 제2아웃이 된 더블 플레이다.
[예1] 1사 주자 1루. 타자가 1루수 앞에 땅볼을 쳤다. 타구를 잡은 1루수가 1루를 밟고(2사), 이어서 2루수 또는 유격수에게 송구하여 주자를 아웃시켰을 때 (태그 플레이) [예2] 무사 만루. 타자가 3루수 앞 땅볼을 쳤다. 타구를 잡은 3루수가 3루를 밟고(1사), 이어서 포수에게 송구하여 3루주자를 아웃시켰을 때 (태그 플레이)"
RULE_COMMON_BR_용어24,RULE,BASEBALL_RULES,2026_KBO야구규칙.pdf,2026,GLOSSARY,용어의 정의,용어24,DUGOUT (덕아웃),1,1,197,197,OFFICIAL,CONFIRMED,f394059610e3eb4f,"[공식야구규칙 2026] 용어의 정의 > DUGOUT (덕아웃)
용어의 정의 12. 벤치 또는 덕아웃 참조"
RULE_COMMON_BR_용어25,RULE,BASEBALL_RULES,2026_KBO야구규칙.pdf,2026,GLOSSARY,용어의 정의,용어25,FAIR BALL (페어 볼),1,1,197,198,OFFICIAL,CONFIRMED,8117a48874b7acaa,"[공식야구규칙 2026] 용어의 정의 > FAIR BALL (페어 볼)
타자가 정규로 친 공으로서 다음에 해당하는 것을 말한다. (그림 5 참조)
⒜ 본루~1루 사이 또는 본루~3루 사이의 페어지역 안에 멈춘 것
⒝ 1루 또는 3루에 바운드하면서 외야 쪽으로 넘어갈 때 페어지역에 닿거나 또는 그 위의 공간을 통과한 것
⒞ 1루, 2루, 3루에 닿은 것
⒟ 최초에 떨어진 지점이 1루 및 베이스 뒤의 페어지역일 경우
⒠ 페어지역 안 또는 페어지역 위의 공간에서 심판원 또는 선수의 몸에 닿은 것
⒡ 떠 있는 상태로 경기장을 넘어갈 때 페어지역의 상공을 통과한 것페어 플라이는 공과 파울 라인(파울 폴 포함)의 상대적 위치로 판정되어야 하며, 공에 닿을 때 야수의 위치가 페어지역에 있었느냐 파울지역에 있었느냐로 판정하여서는 안 된다.
[원주] 플라이 볼이 1루~본루, 또는 3루~본루 사이의 내야에 떨어졌어도 1루 또는 3루를 통과하기 전에 선수 또는 심판원에 닿지 않은 채 파울지역으로 굴러 나갔을 때는 파울 볼이다. 플라이 볼이 파울지역에 멈추었거나 파울지역에서 선수에게 닿았을 때도 파울 볼이다. 플라이가 1루 또는 3루를 넘어선 외야의 페어지역에 떨어지면 그 뒤 바운드하여 파울지역으로 나가더라도 페어 볼이다.
[주] 타구가 지면 이외의 것, 예를 들면 타자가 버린 배트, 포수가 벗어놓은 마스크 등에 페어지역에서 닿았을 때에는 볼 인 플레이다.
[문] 타구가 3루를 밟고 있는 주자에게 닿고 페어지역으로 굴러 갔을 때는 어떻게 판정할 것인가? 또 타구가 파울지역으로 굴러 갔을 때는 어떻게 할 것인가?[답] 공이 주자에게 닿은 위치에 따라 페어냐, 파울이냐를 판정해야 하며 페어지역에서 닿았을 때는 페어 볼이다. 따라서 주자는 페어의 타구에 닿았기 때문에 아웃이 된다. (5.09⒝⑺ 참조)"
RULE_COMMON_BR_용어26,RULE,BASEBALL_RULES,2026_KBO야구규칙.pdf,2026,GLOSSARY,용어의 정의,용어26,FAIR TERRITORY (페어 테리터리·페어지역),1,1,198,198,OFFICIAL,CONFIRMED,56a2ad4e67e4c1fe,"[공식야구규칙 2026] 용어의 정의 > FAIR TERRITORY (페어 테리터리·페어지역)
본루부터 1루 또는 3루를 지나 경기장의 펜스 밑까지 그은 직선, 그리고 그 선과 수직이 되는 위쪽 공간의 안쪽 부분을 말한다. 파울 라인은 페어지역에 속한다."
RULE_COMMON_BR_용어27,RULE,BASEBALL_RULES,2026_KBO야구규칙.pdf,2026,GLOSSARY,용어의 정의,용어27,FIELDER (필더·야수),1,1,198,198,OFFICIAL,CONFIRMED,efa539710ee12b26,"[공식야구규칙 2026] 용어의 정의 > FIELDER (필더·야수)
수비팀 선수를 말한다."
RULE_COMMON_BR_용어28,RULE,BASEBALL_RULES,2026_KBO야구규칙.pdf,2026,GLOSSARY,용어의 정의,용어28,FIELDER’S CHOICE (필더스 초이스·야수선택),1,1,198,199,OFFICIAL,CONFIRMED,6b27f7700f9411f6,"[공식야구규칙 2026] 용어의 정의 > FIELDER’S CHOICE (필더스 초이스·야수선택)
페어 땅볼을 잡은 야수가 1루에서 타자주자를 아웃시키는 대신, 앞의 주자를 아웃시키려고 다른 베이스에 송구하는 행위를 말한다. 또한
⒜ 안타를 친 타자주자가 선행주자를 아웃시키려는 야수의 다른 베이스로의 송구를 틈타 1개 또는 그 이상의 진루를 한 경우
⒝ 어느 주자가 도루나 실책에 의하지 않고 다른 주자를 아웃시키려는 야수의 다른 베이스로의 송구를 틈타 진루하였을 경우
⒞ 도루를 노린 주자가 수비팀이 무관심한 탓으로 아무런 수비행위를 하지 않은 사이에 진루하였을 경우 등 (9.07⒢) 이러한 타자주자 및 주자의 진루를 기록상으로 야수선택에 의한 진루라고 한다."
RULE_COMMON_BR_용어29,RULE,BASEBALL_RULES,2026_KBO야구규칙.pdf,2026,GLOSSARY,용어의 정의,용어29,FLY BALL (플라이 볼·뜬공),1,1,199,199,OFFICIAL,CONFIRMED,cdca0fc1e5dd5663,"[공식야구규칙 2026] 용어의 정의 > FLY BALL (플라이 볼·뜬공)
공중에 높이 뜬 타구다."
RULE_COMMON_BR_용어30,RULE,BASEBALL_RULES,2026_KBO야구규칙.pdf,2026,GLOSSARY,용어의 정의,용어30,FORCE PLAY (포스 플레이),1,1,199,199,OFFICIAL,CONFIRMED,116e43cfb501a05c,"[공식야구규칙 2026] 용어의 정의 > FORCE PLAY (포스 플레이)
타자가 주자가 됨에 따라 기존의 주자가 그 베이스에 대한 점유권을 빼앗긴 데서 생기는 플레이다.
[원주] 포스 플레이를 이해하기 위하여 가장 유의해야 할 점은 처음에는 포스 상태였다 하더라도 다음 플레이에 따라 포스의 상태가 해제되는 경우다.
[예1] 1사 만루. 타자가 1루에 강한 땅볼을 쳤다. 1루수가 이것을 잡아 즉시 베이스에 대어 타자주자를 아웃시키면 2루로 달리고 있는 1루주자는 포스의 상태가 풀리므로 반드시 태그해야 아웃이 된다. 따라서 1루주자가 2루에서 태그 아웃되기 전에 2루, 3루에 있던 주자가 본루를 통과했다면 그 득점은 인정된다.
그러나 반대로 땅볼을 잡은 1루수가 즉시 2루로 송구하여 1루주자를 포스 아웃시킨 뒤 1루에 송구하여 타자를 제3아웃으로 잡았을 경우 2·3루의 주자가 본루를 통과했더라도 득점으로 인정되지 않는다.
[예2] 포스 아웃이 아닌 때 : 1사 1·3루. 타자는 외야에 플라이 볼을 쳐 2아웃이 되었다. 3루주자는 포구를 보고 나서 본루를 밟았다. 그러나 1루주자는 포구될 때 베이스에서 멀리 떨어져 있었기 때문에 되돌아가려 했지만 외야수의 송구로 1루에서 아웃이 되었다.
이때는 포스 아웃이 아니므로 1루주자가 아웃되기 전에 3루주자가 먼저 본루를 통과하였다고 심판원이 인정하면 그 득점은 기록된다."
RULE_COMMON_BR_용어31,RULE,BASEBALL_RULES,2026_KBO야구규칙.pdf,2026,GLOSSARY,용어의 정의,용어31,FORFEITED GAME (포피티드 게임·몰수경기),1,1,199,199,OFFICIAL,CONFIRMED,9d7f6c04fc55d33b,"[공식야구규칙 2026] 용어의 정의 > FORFEITED GAME (포피티드 게임·몰수경기)
규칙 위반으로 주심이 경기종료를 선언하고 잘못이 없는 팀에 9-0 승리가 주어지는 경기이다. (7.03)"
RULE_COMMON_BR_용어32,RULE,BASEBALL_RULES,2026_KBO야구규칙.pdf,2026,GLOSSARY,용어의 정의,용어32,FOUL BALL (파울 볼),1,1,200,200,OFFICIAL,CONFIRMED,45e0cea2795800f1,"[공식야구규칙 2026] 용어의 정의 > FOUL BALL (파울 볼)
타자가 정규로 친 공으로서 다음에 해당한 것을 말한다. (그림 6 참조)
⒜ 본루~1루 또는 본루~3루 사이의 파울지역에 멈춘 것
⒝ 1루 또는 3루를 굴러서 외야 쪽으로 넘어갈 경우 파울지역에 닿으면서 통과하거나 또는 파울지역의 상공을 통과한 것
⒞ 1루 또는 3루를 넘은 파울지역에 최초로 떨어진 것
⒟ 파울지역과 그 상공에서 심판원이나 선수의 신체, 그 밖에 지면 이외의 물체에 닿은 것 파울 플라이는 공과 파울 라인(파울 폴 포함)의 상대적 위치로 판정되어야 하며, 공에 닿을 때 내야수의 위치가 페어지역에 있었느냐 파울지역에 있었느냐로 판정하여서는 안 된다.
[원주] 타구가 투수판에 맞은 뒤 뒤쪽으로 튀어올라 어느 야수에게도 닿지 않은 채 포수의 머리를 넘거나 본루~1루나 본루~3루 사이의 파울지역으로 나가 멈추었을 때는 파울 볼이다.
[주1] 타구(번트 포함)가 파울지역에서 타자의 배트에 닿았을 때는 파울 볼이다(고의가 아닐 때). 또 타자가 치거나 번트한 공이 되돌아와 아직 타자석을 벗어나지 않은 타자의 몸에 닿았을 때 위치와 관계없이 파울 볼이다.
[주2] 파울지역에 있는 타구가 지면 이외의 것, 즉 백스톱이나 펜스, 타자가 버린 배트, 포수가 벗어 놓은 마스크, 땅에 떨어진 심판원의 솔 등에 닿은 뒤 페어지역으로 굴러 들어가더라도 파울 볼이다."
RULE_COMMON_BR_용어33,RULE,BASEBALL_RULES,2026_KBO야구규칙.pdf,2026,GLOSSARY,용어의 정의,용어33,FOUL TERRITORY (파울 테리터리·파울지역),1,1,200,200,OFFICIAL,CONFIRMED,da8e314fab273280,"[공식야구규칙 2026] 용어의 정의 > FOUL TERRITORY (파울 테리터리·파울지역)
본루부터 1루 또는 3루를 지나 경기장의 펜스 밑까지 그은 파울 라인, 그리고 그 선과 수직이 되는 위쪽 공간의 바깥쪽 부분을 말한다. 파울 라인은 파울지역에 포함되지 않는다."
RULE_COMMON_BR_용어34,RULE,BASEBALL_RULES,2026_KBO야구규칙.pdf,2026,GLOSSARY,용어의 정의,용어34,FOUL TIP (파울 팁),1,1,200,201,OFFICIAL,CONFIRMED,0d00b4e6bb3ce385,"[공식야구규칙 2026] 용어의 정의 > FOUL TIP (파울 팁)
타자가 친 공이 날카롭게 배트에 스친 뒤 직접 포수 쪽으로 가서 정규로 포구된 것을 말한다. 포구하지 못한 것은 파울 팁이 아니다. 포구된 모든 파울 팁은 스트라이크이며 볼 인 플레이다."
RULE_COMMON_BR_용어35,RULE,BASEBALL_RULES,2026_KBO야구규칙.pdf,2026,GLOSSARY,용어의 정의,용어35,GROUND BALL (그라운드 볼·땅볼),1,1,201,201,OFFICIAL,CONFIRMED,315999fcf7dadbd6,"[공식야구규칙 2026] 용어의 정의 > GROUND BALL (그라운드 볼·땅볼)
땅으로 구르거나 낮게 튀어나가는 타구를 말한다."
RULE_COMMON_BR_용어36,RULE,BASEBALL_RULES,2026_KBO야구규칙.pdf,2026,GLOSSARY,용어의 정의,용어36,HOME TEAM (홈팀),1,1,201,201,OFFICIAL,CONFIRMED,d13ca8a8696a32a1,"[공식야구규칙 2026] 용어의 정의 > HOME TEAM (홈팀)
자기 구장에서 경기를 하는 팀을 가리킨다. 중립 구장에서 경기를 치를 때는 상호 협의로 홈팀을 정한다.
[주] 홈팀의 상대팀은 원정팀(visiting team / visitor)이라 부른다."
RULE_COMMON_BR_용어37,RULE,BASEBALL_RULES,2026_KBO야구규칙.pdf,2026,GLOSSARY,용어의 정의,용어37,ILLEGAL or ILLEGALLY (일리걸 또는 일리걸리·규칙 위반),1,1,201,201,OFFICIAL,CONFIRMED,a964eec64ff4c3f4,"[공식야구규칙 2026] 용어의 정의 > ILLEGAL or ILLEGALLY (일리걸 또는 일리걸리·규칙 위반)
이 규칙에 위배되는 것을 말한다."
RULE_COMMON_BR_용어38,RULE,BASEBALL_RULES,2026_KBO야구규칙.pdf,2026,GLOSSARY,용어의 정의,용어38,ILLEGAL PITCH (일리걸 피치·반칙투구),1,1,201,201,OFFICIAL,CONFIRMED,28168c033030fce9,"[공식야구규칙 2026] 용어의 정의 > ILLEGAL PITCH (일리걸 피치·반칙투구)
⒜ 투수가 투수판에 중심발을 대지 않고 던진 투구
⒝ 타자가 타격준비를 갖추기 전에 던지는 퀵 리턴 피치(quick return pitch) 베이스에 주자가 있을 때 반칙투구를 하면 보크이다.
[주] 투수가 5.07⒜⑴ 및 ⑵에 규정된 투구동작에 위반된 투구를 하였을 때도 반칙투구가 된다."
RULE_COMMON_BR_용어39,RULE,BASEBALL_RULES,2026_KBO야구규칙.pdf,2026,GLOSSARY,용어의 정의,용어39,INFIELDER (인필더·내야수),1,1,201,201,OFFICIAL,CONFIRMED,0d3cde68a9efedd2,"[공식야구규칙 2026] 용어의 정의 > INFIELDER (인필더·내야수)
내야에 수비위치를 갖는 야수를 말한다."
RULE_COMMON_BR_용어40,RULE,BASEBALL_RULES,2026_KBO야구규칙.pdf,2026,GLOSSARY,용어의 정의,용어40,INFIELD FLY (인필드 플라이),1,1,201,202,OFFICIAL,CONFIRMED,a2965c358db85d5b,"[공식야구규칙 2026] 용어의 정의 > INFIELD FLY (인필드 플라이)
무사 또는 1사에 주자 1·2루 또는 만루일 때 타자가 친 것이 플라이 볼(직선타구 또는 번트한 것이 떠올라 플라이 볼이 된 것은 제외)이 되어 내야수가 평범한 수비로 포구할 수 있는 것을 말한다.
이런 상황에서 투수, 포수는 물론 내야에 자리잡은 외야수는 이 규칙의 취지에 따라 모두 내야수로 간주한다.
심판원은 타구가 명백히 인필드 플라이라고 판단했을 경우는 주자를 보호하기 위해 곧바로 ‘인필드 플라이’를 선고하여야 한다. 그리고 타구가 베이스 라인 부근으로 떠올랐을 때는 ‘인필드 플라이 이프 페어(Infield Fly if Fair)’를 선고하여야 한다.
인필드 플라이가 선고되더라도 볼 인 플레이다. 따라서 주자는 플라이 볼이 잡힐 위험을 무릅쓰고 진루할 수 있고, 보통의 플라이 볼과 마찬가지로 리터치한 후 다음 베이스를 향해 뛸 수도 있다. 그리고 타구가 파울 볼이 되면 다른 파울 볼과 같이 취급된다.
인필드 플라이로 선고된 타구가 내야에 떨어진 후 아무에게도 닿지 않은 채 바운드를 일으켜 파울 볼이 됐다면 인필드 플라이가 성립되지 않는다.
반면 최초에 베이스 라인 밖에 떨어진 타구가 아무에게도 닿지 않은 채 바운드를 일으켜 페어지역으로 들어와 페어 볼이 되면 인필드 플라이가 성립된다.
[원주] 심판원은 인필드 플라이 규칙을 적용할 때 내야수가 보통의 수비로 처리할 수 있느냐 없느냐를 기준으로 삼아야 하며, 잔디선이나 베이스 라인 등을 임의로 경계선으로 설정하여서는 안 된다. 또 플라이 볼을 외야수가 처리하더라도 내야수가 그것을 쉽게 포구할 수 있다고 심판원이 판단한다면 심판원은 인필드 플라이를 선고하여야 한다. 인필드 플라이는 결코 어필 플레이가 아니다. 심판원의 판단은 절대적이며 그 결정은 즉각 내려져야한다. 인필드 플라이가 선고되면 주자는 위험을 무릅쓰고 진루할 수 있다. 인필드 플라이 룰이 적용된 상황에서는 내야수가 페어 볼을 고의낙구 하더라도 5.09⒜⑿의 규정에 관계없이 볼 인 플레이며, 인필드 플라이 규칙이 우선한다.
[주1] 인필드 플라이는 심판원이 선고하여야 효력이 발생한다.
[주2] 인필드 플라이 동안 수비방해가 선언되면 타구가 페어 / 파울로 결정될 때까지는 인 플레이 상태이다. 페어인 경우에는 야수를 방해한 주자와 타자 모두 아웃이고, 파울인 경우에는 타구가 잡히더라도 주자는 아웃, 타자는 다시 타석에 들어선다."
RULE_COMMON_BR_용어41,RULE,BASEBALL_RULES,2026_KBO야구규칙.pdf,2026,GLOSSARY,용어의 정의,용어41,IN FLIGHT (인 플라이트·떠 있는 상태),1,1,203,203,OFFICIAL,CONFIRMED,700039e9fe360a90,"[공식야구규칙 2026] 용어의 정의 > IN FLIGHT (인 플라이트·떠 있는 상태)
타구, 송구 또는 투구가 땅 또는 야수 이외의 어떤 물체에 닿기 전에 공중에 떠 있는 상태를 말한다."
RULE_COMMON_BR_용어42,RULE,BASEBALL_RULES,2026_KBO야구규칙.pdf,2026,GLOSSARY,용어의 정의,용어42,IN JEOPARDY (인 제퍼디),1,1,203,203,OFFICIAL,CONFIRMED,61aa9be38dbc86e0,"[공식야구규칙 2026] 용어의 정의 > IN JEOPARDY (인 제퍼디)
볼 인 플레이 때 공격팀 선수가 아웃될 위험이 있는 상태를 말한다."
RULE_COMMON_BR_용어43,RULE,BASEBALL_RULES,2026_KBO야구규칙.pdf,2026,GLOSSARY,용어의 정의,용어43,INNING (이닝·회),1,1,203,203,OFFICIAL,CONFIRMED,13ecbbf52d9b1cb9,"[공식야구규칙 2026] 용어의 정의 > INNING (이닝·회)
각 팀이 3아웃이 될 때까지 공격과 수비를 한 차례씩 치르는 경기진행상의 단위로 한 팀의 공격은 2분의 1이닝이 된다.
[주] 원정팀(선공팀)이 공격하는 동안을 초(初)라 하고, 홈팀(후공팀)이 공격하는 동안을 말(末)이라 한다."
RULE_COMMON_BR_용어44,RULE,BASEBALL_RULES,2026_KBO야구규칙.pdf,2026,GLOSSARY,용어의 정의,용어44,INTERFERENCE (인터피어런스·방해),1,1,203,203,OFFICIAL,CONFIRMED,fbbc3e5c96948a34,"[공식야구규칙 2026] 용어의 정의 > INTERFERENCE (인터피어런스·방해)
⒜ 공격 측의 방해 공격팀 선수가 플레이를 하려는 야수를 방해하거나 가로막거나 저지하거나 혼란시키는 행위이다. (6.01⒜[방해에 대한 벌칙] 참조)
⒝ 수비 측의 방해 투구를 치려는 타자를 방해하는 야수의 행위를 말한다.
⒞ 심판원의 방해
⑴ 도루를 저지하려는 포수의 송구동작을 주심이 방해하였을 경우
⑵ 타구가 야수(투수 제외)를 통과하기 전에 페어지역에서 심판원에게 닿았을 경우
⒟ 관중의 방해 관중이 경기장 안으로 몸을 내밀거나 경기장 안으로 들어와 인 플레이의 공에 닿았을 경우 어떠한 방해이든지 볼 데드가 된다."
RULE_COMMON_BR_용어45,RULE,BASEBALL_RULES,2026_KBO야구규칙.pdf,2026,GLOSSARY,용어의 정의,용어45,LEAGUE (리그),1,1,204,204,OFFICIAL,CONFIRMED,2fdf7fe790333940,"[공식야구규칙 2026] 용어의 정의 > LEAGUE (리그)
이 규칙에 따라 시즌 우승을 위해 미리 정해진 일정대로 경기를 치르는 팀들을 보유한 클럽의 집합체다."
RULE_COMMON_BR_용어46,RULE,BASEBALL_RULES,2026_KBO야구규칙.pdf,2026,GLOSSARY,용어의 정의,용어46,LEAGUE PRESIDENT (리그 프레지던트·리그회장),1,1,204,204,OFFICIAL,CONFIRMED,23b319df6a53d151,"[공식야구규칙 2026] 용어의 정의 > LEAGUE PRESIDENT (리그 프레지던트·리그회장)
이 규칙을 시행하고, 규칙과 관련된 분쟁을 해소하여야 한다. 또 규칙을 위반한 선수, 코치, 감독 또는 심판원에게 제재금, 출전정지를 재량껏 부과할 수 있다.
[주] 우리나라에서는 총재(commissioner)가 용어의 정의 46.의 직능을 수행한다."
RULE_COMMON_BR_용어47,RULE,BASEBALL_RULES,2026_KBO야구규칙.pdf,2026,GLOSSARY,용어의 정의,용어47,LEGAL or LEGALLY (리걸 또는 리걸리),1,1,204,204,OFFICIAL,CONFIRMED,a71e98659735d21f,"[공식야구규칙 2026] 용어의 정의 > LEGAL or LEGALLY (리걸 또는 리걸리)
이 규칙에 부합 되는 것을 말한다."
RULE_COMMON_BR_용어48,RULE,BASEBALL_RULES,2026_KBO야구규칙.pdf,2026,GLOSSARY,용어의 정의,용어48,LIVE BALL (라이브 볼),1,1,204,204,OFFICIAL,CONFIRMED,54fa705babc65a4f,"[공식야구규칙 2026] 용어의 정의 > LIVE BALL (라이브 볼)
인 플레이(in play) 상태인 공을 말한다."
RULE_COMMON_BR_용어49,RULE,BASEBALL_RULES,2026_KBO야구규칙.pdf,2026,GLOSSARY,용어의 정의,용어49,LINE DRIVE (라인 드라이브),1,1,204,204,OFFICIAL,CONFIRMED,ffb8d396eb9fab64,"[공식야구규칙 2026] 용어의 정의 > LINE DRIVE (라인 드라이브)
타자가 배트로 가격한 타구가 지면에 닿지 않고 날카롭게 직접 야수에게 날아가는 것을 말한다."
RULE_COMMON_BR_용어50,RULE,BASEBALL_RULES,2026_KBO야구규칙.pdf,2026,GLOSSARY,용어의 정의,용어50,MANAGER (매니저·감독),1,1,204,204,OFFICIAL,CONFIRMED,0866fac0e1ba025d,"[공식야구규칙 2026] 용어의 정의 > MANAGER (매니저·감독)
팀의 경기장 내 활동을 책임지고, 심판원 또는 상대팀과의 관계에서 팀을 대표하도록 구단이 지명한 사람을 말한다. 선수가 감독에 지명되는 것도 허용된다."
RULE_COMMON_BR_용어51,RULE,BASEBALL_RULES,2026_KBO야구규칙.pdf,2026,GLOSSARY,용어의 정의,용어51,OBSTRUCTION (업스트럭션·주루방해),1,1,204,205,OFFICIAL,CONFIRMED,c38bad862c27f844,"[공식야구규칙 2026] 용어의 정의 > OBSTRUCTION (업스트럭션·주루방해)
공을 갖고 있지 않거나 공을 처리하고 있지 않은 야수가 주자의 주루를 방해하는 행위이다.
[원주] ‘야수가 공을 처리하고 있다’는 것은 야수가 송구를 받기 직전이거나, 야수가 직접 자기를 향해 가까이 날아오고 있는 송구를 받기 위해 적당한 위치를 확보하는 것을 말한다. 야수가 공을 처리하고 있는지 아닌지는 오로지 심판원의 판단에 따른다. 야수가 공을 처리하려다가 실패한 뒤에는 더 이상 공을 처리하고 있는 것으로 보지 않는다. 예를 들어 내야수가 땅볼을 잡으려고 몸을 날렸으나 포구하지 못하여 공이 통과했다.
그럼에도 불구하고 그라운드에 드러누워 주자의 진루를 지연시켰을 경우 그 야수는 주루방해를 한 것이 된다."
RULE_COMMON_BR_용어52,RULE,BASEBALL_RULES,2026_KBO야구규칙.pdf,2026,GLOSSARY,용어의 정의,용어52,OFFENCE (오펜스·공격 측),1,1,205,205,OFFICIAL,CONFIRMED,d44c0cb066443523,"[공식야구규칙 2026] 용어의 정의 > OFFENCE (오펜스·공격 측)
공격하고 있는 팀 또는 그 선수를 말한다."
RULE_COMMON_BR_용어53,RULE,BASEBALL_RULES,2026_KBO야구규칙.pdf,2026,GLOSSARY,용어의 정의,용어53,OFFICIAL SCORER (오피셜 스코어러·공식기록원),1,1,205,205,OFFICIAL,CONFIRMED,a5ee85c717d4912a,"[공식야구규칙 2026] 용어의 정의 > OFFICIAL SCORER (오피셜 스코어러·공식기록원)
9.00 참조"
RULE_COMMON_BR_용어54,RULE,BASEBALL_RULES,2026_KBO야구규칙.pdf,2026,GLOSSARY,용어의 정의,용어54,OUT (아웃),1,1,205,205,OFFICIAL,CONFIRMED,c1551330a5ee692d,"[공식야구규칙 2026] 용어의 정의 > OUT (아웃)
수비팀이 공격팀을 물러나게 하는 데 필요한 3개의 아웃 처리 중의 하나다."
RULE_COMMON_BR_용어55,RULE,BASEBALL_RULES,2026_KBO야구규칙.pdf,2026,GLOSSARY,용어의 정의,용어55,OUTFIELDER (아웃필더·외야수),1,1,205,205,OFFICIAL,CONFIRMED,cf880b8ef5567adc,"[공식야구규칙 2026] 용어의 정의 > OUTFIELDER (아웃필더·외야수)
경기장에서 본루로부터 가장 먼 외야에 수비위치가 있는 야수다."
RULE_COMMON_BR_용어56,RULE,BASEBALL_RULES,2026_KBO야구규칙.pdf,2026,GLOSSARY,용어의 정의,용어56,OVERSLIDE or OVERSLIDING (오버슬라이드 또는 오버슬라이딩),1,1,205,205,OFFICIAL,CONFIRMED,b8bb4e63043929cd,"[공식야구규칙 2026] 용어의 정의 > OVERSLIDE or OVERSLIDING (오버슬라이드 또는 오버슬라이딩)
공격팀 선수가 1루를 제외한 다른 베이스를 향해 슬라이딩하다가 그 여세로 베이스에서 떨어지는 것을 말한다. 본루에서 1루에 갈 경우 곧바로 되돌아오는 것을 전제로 슬라이딩하다가 그 여세로 베이스에서 떨어지더라도 오버슬라이딩이 아니다."
RULE_COMMON_BR_용어57,RULE,BASEBALL_RULES,2026_KBO야구규칙.pdf,2026,GLOSSARY,용어의 정의,용어57,PENALTY (페널티·벌칙),1,1,205,205,OFFICIAL,CONFIRMED,698ea0aa2ddcdbf4,"[공식야구규칙 2026] 용어의 정의 > PENALTY (페널티·벌칙)
반칙행위에 대하여 적용하는 규칙을 말한다."
RULE_COMMON_BR_용어58,RULE,BASEBALL_RULES,2026_KBO야구규칙.pdf,2026,GLOSSARY,용어의 정의,용어58,PERSON (퍼슨·신체),1,1,206,206,OFFICIAL,CONFIRMED,da5c42d70de1c3a3,"[공식야구규칙 2026] 용어의 정의 > PERSON (퍼슨·신체)
선수나 심판원의 신체 및 옷과 장비를 포함시킨 일체를 지칭한다."
RULE_COMMON_BR_용어59,RULE,BASEBALL_RULES,2026_KBO야구규칙.pdf,2026,GLOSSARY,용어의 정의,용어59,PITCH (피치·투구),1,1,206,206,OFFICIAL,CONFIRMED,9e5687a1777e4498,"[공식야구규칙 2026] 용어의 정의 > PITCH (피치·투구)
투수가 타자에게 던진 공을 말한다. (5.07⒜) 투수가 타자에게 던지는 투구를 제외하고 선수가 다른 선수에게 던지는 것은 모두 송구(thrown ball) 이다."
RULE_COMMON_BR_용어60,RULE,BASEBALL_RULES,2026_KBO야구규칙.pdf,2026,GLOSSARY,용어의 정의,용어60,PITCHER (피처·투수),1,1,206,206,OFFICIAL,CONFIRMED,6551b8aa4acc6b94,"[공식야구규칙 2026] 용어의 정의 > PITCHER (피처·투수)
타자에게 투구하도록 지명된 야수를 말한다. (5.07⒜)"
RULE_COMMON_BR_용어61,RULE,BASEBALL_RULES,2026_KBO야구규칙.pdf,2026,GLOSSARY,용어의 정의,용어61,PITCHER’S PIVOT FOOT (피처스 피벗 풋·투수의 중심발),1,1,206,206,OFFICIAL,CONFIRMED,246106b84df08e77,"[공식야구규칙 2026] 용어의 정의 > PITCHER’S PIVOT FOOT (피처스 피벗 풋·투수의 중심발)
투수가 투구할 때 투수판에 대고 있는 발을 말한다. (5.07⒜)"
RULE_COMMON_BR_용어62,RULE,BASEBALL_RULES,2026_KBO야구규칙.pdf,2026,GLOSSARY,용어의 정의,용어62,PLAY (플레이·경기개시 / 경기속행),1,1,206,206,OFFICIAL,CONFIRMED,c4d64754377451ee,"[공식야구규칙 2026] 용어의 정의 > PLAY (플레이·경기개시 / 경기속행)
주심이 경기를 시작할 때 또는 볼 데드 상태에서 경기를 재개할 때 심판원의 선언이다."
RULE_COMMON_BR_용어63,RULE,BASEBALL_RULES,2026_KBO야구규칙.pdf,2026,GLOSSARY,용어의 정의,용어63,QUICK RETURN PITCH (퀵 리턴 피치),1,1,206,206,OFFICIAL,CONFIRMED,d2e7bfa93e407b95,"[공식야구규칙 2026] 용어의 정의 > QUICK RETURN PITCH (퀵 리턴 피치)
타자가 타격준비를 갖추기 전에 던지는 투구를 말한다. 이것은 반칙투구다."
RULE_COMMON_BR_용어64,RULE,BASEBALL_RULES,2026_KBO야구규칙.pdf,2026,GLOSSARY,용어의 정의,용어64,REGULATION GAME (레귤레이션 게임·정식경기),1,1,206,206,OFFICIAL,CONFIRMED,cde7a47536ed90b5,"[공식야구규칙 2026] 용어의 정의 > REGULATION GAME (레귤레이션 게임·정식경기)
7.01 참조"
RULE_COMMON_BR_용어65,RULE,BASEBALL_RULES,2026_KBO야구규칙.pdf,2026,GLOSSARY,용어의 정의,용어65,RETOUCH (리터치·귀루),1,1,206,207,OFFICIAL,CONFIRMED,9af92c85b335d6b6,"[공식야구규칙 2026] 용어의 정의 > RETOUCH (리터치·귀루)
주자가 규칙이 정한 베이스로 돌아가는 행위를 말한다.
[주] 리터치는 진루하거나 역주할 때에 타격행위 이전의 베이스로 돌아가는 것을 말한다. 또 타자가 플라이 볼을 쳤을 때 주자가 야수의 포구 이후 다음 베이스에 가려고 베이스를 밟고 있는 것도 리터치라고 한다. 포구보다 먼저 베이스를 떠났을 때에는 정당한 리터치를 하지 않은 것이 된다.
(5.09⒝⑸, 5.09⒞⑴,⑵ 참조)"
RULE_COMMON_BR_용어66,RULE,BASEBALL_RULES,2026_KBO야구규칙.pdf,2026,GLOSSARY,용어의 정의,용어66,RUN or SCORE (런 또는 스코어·득점),1,1,207,207,OFFICIAL,CONFIRMED,17f43dda627d5239,"[공식야구규칙 2026] 용어의 정의 > RUN or SCORE (런 또는 스코어·득점)
공격팀의 선수가 타자에서 주자가 되어 1루, 2루, 3루, 본루를 차례로 거쳤을 때 주어지는 득점을 말한다. (5.08)"
RULE_COMMON_BR_용어67,RULE,BASEBALL_RULES,2026_KBO야구규칙.pdf,2026,GLOSSARY,용어의 정의,용어67,RUN-DOWN (런다운),1,1,207,207,OFFICIAL,CONFIRMED,0bf912d6e1f4eece,"[공식야구규칙 2026] 용어의 정의 > RUN-DOWN (런다운)
두 베이스 사이에서 주자를 아웃시키려는 수비행위를 말한다."
RULE_COMMON_BR_용어68,RULE,BASEBALL_RULES,2026_KBO야구규칙.pdf,2026,GLOSSARY,용어의 정의,용어68,RUNNER (러너·주자),1,1,207,207,OFFICIAL,CONFIRMED,b279940c6c72a513,"[공식야구규칙 2026] 용어의 정의 > RUNNER (러너·주자)
베이스 사이에서 진루하거나 돌아가거나 점유하는 주루활동을 하는 공격팀 선수를 말한다."
RULE_COMMON_BR_용어69,RULE,BASEBALL_RULES,2026_KBO야구규칙.pdf,2026,GLOSSARY,용어의 정의,용어69,SAFE (세이프),1,1,207,207,OFFICIAL,CONFIRMED,3ede4cbf15b4bedc,"[공식야구규칙 2026] 용어의 정의 > SAFE (세이프)
주자가 갖고자 하는 베이스의 점유권을 인정한다는 심판원의 선고다."
RULE_COMMON_BR_용어70,RULE,BASEBALL_RULES,2026_KBO야구규칙.pdf,2026,GLOSSARY,용어의 정의,용어70,SET POSITION (세트 포지션),1,1,207,207,OFFICIAL,CONFIRMED,68e8aa2e59762ffb,"[공식야구규칙 2026] 용어의 정의 > SET POSITION (세트 포지션)
두 가지 정규투구자세 가운데 하나다."
RULE_COMMON_BR_용어71,RULE,BASEBALL_RULES,2026_KBO야구규칙.pdf,2026,GLOSSARY,용어의 정의,용어71,SQUEEZE PLAY (스퀴즈 플레이),1,1,207,207,OFFICIAL,CONFIRMED,53821a86ae447048,"[공식야구규칙 2026] 용어의 정의 > SQUEEZE PLAY (스퀴즈 플레이)
공격팀이 3루에 주자가 있을 때 번트라는 수단으로 득점하려는 플레이를 말한다."
RULE_COMMON_BR_용어72,RULE,BASEBALL_RULES,2026_KBO야구규칙.pdf,2026,GLOSSARY,용어의 정의,용어72,STRIKE (스트라이크),1,1,207,208,OFFICIAL,CONFIRMED,2b21aa2b3dd255b6,"[공식야구규칙 2026] 용어의 정의 > STRIKE (스트라이크)
투수의 정규투구로서 심판원이 “스트라이크”라고 선언한 것을 말한다.
⒜ 타자가 쳤으나(번트 포함) 투구에 배트가 닿지 않은 것
⒝ 타자가 치지 않은 투구 가운데 공의 전부 또는 일부분이 스트라이크 존을 통과한 것
⒞ 노 스트라이크(no strike) 또는 1스트라이크일 때 타자가 친 것이 파울 볼이 된 것
⒟ 번트한 것이 파울 볼이 된 것
[주] 보통의 파울은 2스트라이크 뒤에는 스트라이크로 계산하지 않으나 파울 볼이 된 번트는 볼카운트에 관계없이 항상 스트라이크로 계산한다.
따라서 2스트라이크 뒤에 번트한 공이 파울 볼이 되면 타자는 스트라이크 아웃이 된다. 단, 번트가 플라이 볼이 되어 포구되었을 때에는 플라이 아웃이 된다.
⒠ 타자가 친 공이 타자의 몸이나 옷에 닿은 것 (번트 포함)
⒡ 스트라이크 존에서 타자에게 닿은 것
⒢ 파울 팁이 된 것"
RULE_COMMON_BR_용어73,RULE,BASEBALL_RULES,2026_KBO야구규칙.pdf,2026,GLOSSARY,용어의 정의,용어73,STRIKE ZONE (스트라이크 존),1,1,208,208,OFFICIAL,CONFIRMED,180d1bad3ee4289c,"[공식야구규칙 2026] 용어의 정의 > STRIKE ZONE (스트라이크 존)
유니폼의 어깨 윗부분과 바지 윗부분 중간의 수평선을 상한선으로 하고, 무릎 아랫부분을 하한선으로 하는 홈 베이스 상공을 말한다. 스트라이크 존은 투구를 치려는 타자의 스탠스에 따라 결정된다.
[주] 투구를 기다리는 타자가 스트라이크 존이 좁아 보이게 하려고 평소와 달리 지나치게 웅크리거나 구부리더라도 주심은 이를 무시하고 그 타자가 평소 취하는 타격자세에 따라 스트라이크 존을 정한다."
RULE_COMMON_BR_용어74,RULE,BASEBALL_RULES,2026_KBO야구규칙.pdf,2026,GLOSSARY,용어의 정의,용어74,SUSPENDED GAME (서스펜디드 게임·일시정지 경기),1,1,208,208,OFFICIAL,CONFIRMED,2dad8ef0489d80a6,"[공식야구규칙 2026] 용어의 정의 > SUSPENDED GAME (서스펜디드 게임·일시정지 경기)
추후 일정을 정해 끝마치기로 하고 주심이 종료를 선고한 경기다. (7.02)"
RULE_COMMON_BR_용어75,RULE,BASEBALL_RULES,2026_KBO야구규칙.pdf,2026,GLOSSARY,용어의 정의,용어75,TAG (태그),1,1,208,209,OFFICIAL,CONFIRMED,47f92c904d167b71,"[공식야구규칙 2026] 용어의 정의 > TAG (태그)
야수가 손이나 글러브로 확실하게 공을 잡고 자신의 신체를 베이스에 대는 행위 또는 공으로 주자에 대는 행위 또는 확실하게 공을 쥔 손이나 글러브(끈은 포함하지 않음)로 주자에 대는 행위를 말한다. 단, 베이스나 주자를 태그하는 동시에 또는 직후에 야수가 공을 떨어뜨리는 경우는 태그가 아니다. 태그의 정당함을 분명히 하기 위하여 야수가 확실히 공을 잡고 있다는 사실이 충분히 인정될 만큼 공을 잡고 있어야 한다. 그러나 야수가 태그를 하고 송구동작으로 이어지는 도중 공을 떨어뜨렸을 경우 해당 태그는 인정된다. 선수가 착용하고 있는 장신구(예 : 목걸이, 팔찌 등)는 해당 선수의 신체 일부분으로 간주하지 않는다."
RULE_COMMON_BR_용어76,RULE,BASEBALL_RULES,2026_KBO야구규칙.pdf,2026,GLOSSARY,용어의 정의,용어76,THROW (스로·송구),1,1,209,209,OFFICIAL,CONFIRMED,5d4728d4f65e0719,"[공식야구규칙 2026] 용어의 정의 > THROW (스로·송구)
목표한 지점을 향해 손과 팔로 공을 보내는 행위를 말한다. 투구와는 항상 구별되어야 한다."
RULE_COMMON_BR_용어77,RULE,BASEBALL_RULES,2026_KBO야구규칙.pdf,2026,GLOSSARY,용어의 정의,용어77,TIE GAME (타이 게임·무승부경기),1,1,209,209,OFFICIAL,CONFIRMED,73128561a0867c0c,"[공식야구규칙 2026] 용어의 정의 > TIE GAME (타이 게임·무승부경기)
양 팀이 동점을 이룬 채 정식경기로 종료가 선고된 경기다."
RULE_COMMON_BR_용어78,RULE,BASEBALL_RULES,2026_KBO야구규칙.pdf,2026,GLOSSARY,용어의 정의,용어78,TIME (타임),1,1,209,209,OFFICIAL,CONFIRMED,d1e92af2d0167c6b,"[공식야구규칙 2026] 용어의 정의 > TIME (타임)
정규의 플레이를 멈추려는 심판원의 선고이다. 이 선고로 볼 데드가 된다."
RULE_COMMON_BR_용어79,RULE,BASEBALL_RULES,2026_KBO야구규칙.pdf,2026,GLOSSARY,용어의 정의,용어79,TOUCH (터치),1,1,209,209,OFFICIAL,CONFIRMED,3d9d7d5ce236b8a7,"[공식야구규칙 2026] 용어의 정의 > TOUCH (터치)
선수 또는 심판원의 신체, 옷, 용구의 어느 부분에라도 닿은 것을 말한다.
단, 선수가 착용하고 있는 장신구(예 : 목걸이, 팔찌 등)는 제외한다."
RULE_COMMON_BR_용어80,RULE,BASEBALL_RULES,2026_KBO야구규칙.pdf,2026,GLOSSARY,용어의 정의,용어80,TRIPLE PLAY (트리플 플레이·삼중살),1,1,209,209,OFFICIAL,CONFIRMED,2737a5a16bd81d29,"[공식야구규칙 2026] 용어의 정의 > TRIPLE PLAY (트리플 플레이·삼중살)
수비팀이 연속된 동작으로 3명의 공격팀 선수를 아웃시킨 플레이다. 그러나 풋아웃 사이에 실책이 끼어 있는 것은 트리플 플레이가 아니다."
RULE_COMMON_BR_용어81,RULE,BASEBALL_RULES,2026_KBO야구규칙.pdf,2026,GLOSSARY,용어의 정의,용어81,WILD PITCH (와일드 피치·폭투),1,1,209,209,OFFICIAL,CONFIRMED,52b4a5e850ae5ed3,"[공식야구규칙 2026] 용어의 정의 > WILD PITCH (와일드 피치·폭투)
포수가 보통 수비로는 처리할 수 없을 정도로 높거나 낮거나 옆으로 빠진 투수의 정규투구를 말한다."
RULE_COMMON_BR_용어82,RULE,BASEBALL_RULES,2026_KBO야구규칙.pdf,2026,GLOSSARY,용어의 정의,용어82,WIND-UP POSITION (와인드업 포지션),1,1,210,210,OFFICIAL,CONFIRMED,2463b6af9fc1850d,"[공식야구규칙 2026] 용어의 정의 > WIND-UP POSITION (와인드업 포지션)
두 가지 정규투구자세 가운데 하나다."
RULE_COMMON_BR_야구도량형,RULE,BASEBALL_RULES,2026_KBO야구규칙.pdf,2026,TABLE,부록,야구도량형,야구 도량형 환산표,1,1,211,212,OFFICIAL,CONFIRMED,e648178fdf5afc9c,"[공식야구규칙 2026] 부록 > 야구도량형 야구 도량형 환산표
환산 / 1피트 / 0.304794m / 1인치 / 2.5399cm / 1온스 / 28.3495g / 본루~펜스 / 본루~스탠드의 거리 / 홈런의 최소거리 / 250피트 / 76.199m / 1958년 이후 좌우거리 / 325피트 / 99.058m / 좌우 권장거리 / 320피트 / 97.534m / 중앙 권장거리 / 400피트 / 121.918m / 본루~2루, 1루~3루의 거리 / 127피트 3⅜인치 / 38.795m / 각 베이스 간 거리 / 90피트 / 27.431m / 본루~뒷그물의 거리 / * 쾌적한 관람 환경 조성을 목적으로 단축하는 경우라도 / 반드시 45피트(13.716m) 이상을 유지할 것 / 60피트 / 18.288m / 본루(뒤꼭짓점)~투수판(앞부분)의 거리 / 60피트 6인치 / 18.44m / 3피트 라인 / 3피트 / 0.914m / 대기타석의 지름 / 5피트 / 1.524m / 베이스 라인~코치석의 거리 / 15피트 / 4.572m / 코치석 / 10피트×20피트 / 3.048m×6.096m / 타자석 / 6피트×4피트 / 1.829m×1.219m / 포수석 / 세로 길이 / 8피트 / 2.438m / 타자석과 겹치는 길이 / 7인치 / 17.8cm / 타자석과 겹치는 길이를 제외한 / 포수석 길이 / 29인치 / 73.7cm / 타자석과 홈 플레이트 사이 길이 / 6인치 / 15.2cm / 가로 너비 / 43인치 / 1.092m / 라인의 폭 / 3인치 / 4인치(KBO) / 7.6cm / 10.16cm(KBO) / 홈 플레이트 / 앞부분 너비 / 17인치 / 43.2cm / 앞부분과 직각되는 변 / 8.5인치 / 21.6cm / 베이스 라인에 닿는 변 / 12인치 / 30.5cm / 투수판 / 24인치×6인치 / 61.0cm×15.2cm / 경기사용구 / 무게 / 5~5¼온스 / 141.7~148.8g / 둘레 / 9~9¼인치 / 22.9~23.5cm / 배트 / 굵기 / 2.61인치 이하 / 6.6cm 이하 / 길이 / 42인치 이하 / 106.7cm 이하 / 손잡이 가공 가능 부분 / 18인치 / 45.7cm / 포수 미트 / 38인치 이하 / 15½인치 이하 / 6인치 이하 / 4인치 이하 / 96.5cm 이하 / 39.4cm 이하 / 15.2cm 이하 / 10.2cm 이하 / 1루수 글러브(미트) / 13인치 이하 / 8인치 이하 / 4인치 이하 / 3.5인치 이하 / 5인치 이하 / 33cm 이하 / 20.3cm 이하 / 10.2cm 이하 / 8.9cm 이하 / 12.7cm 이하 / 투수, 야수 글러브 / 13인치 이하 / 7¾인치 이하 / 4½인치 이하 / 5¾인치 이하 / 3½인치 이하 / 33cm 이하 / 19.7cm 이하 / 11.4cm 이하 / 14.6cm 이하 / 8.9cm 이하"
RULE_COMMON_LR_전문,RULE,LEAGUE_REGULATIONS,2026_KBO리그규정.pdf,2026,PREAMBLE,전문,전문,목적,1,1,11,12,OFFICIAL,CONFIRMED,1c177cfccb4d12cb,"[KBO 리그규정 2026] 전문 > 전문 목적
본 KBO 리그 규정(KBO 규약 및 공식야구규칙에 의거)은 KBO가 주최하는 2026년 KBO 리그(시범경기, 정규시즌, 와일드카드 결정전, 준플레이오프, 플레이오프, 한국시리즈), 올스타전 및 퓨처스리그를 운영하는데 필요한 제반사항을 규정함을 그 목적으로 한다. 단, 공식야구규칙과 상이할 때는 본 KBO 리그 규정이 공식야구규칙보다 우선한다.
2026년 KBO 리그 규정 변경 요약사항 구분 변경 전 변경 후 제14조 [현역선수 등 등록] - 시범경기 중 부상에 대해 부상자 명단 등재 가능 등 부상자 명단 제도 개정 제28조 [비디오 판독] - 체크스윙 판독 신설, 의도적 오버런 관련 판독 추가, 무선 인터컴 착용 제58조 [리그편성] - 퓨처스리그 참가구단 신설 제59조 [경기방식] 제68조 [출장자격] 제78조 [퓨처스리그 참가 구단] KBO 피치클락 규정 - KBO 리그 투구간 시간 2초 단축 (주자 없을 때 18초, 주자 있을 때 23초 적용) 기록 이의신청 심의 제도 심의 인원 기록위원장, 기록위원회 팀장, 해당 경기운영위원 심의 인원 기록위원장, 비디오 판독위원, 해당 경기운영위원"
RULE_COMMON_LR_제1조,RULE,LEAGUE_REGULATIONS,2026_KBO리그규정.pdf,2026,ARTICLE,제1장 KBO 정규시즌,제1조,경기방식,1,1,13,13,OFFICIAL,CONFIRMED,0504ac5b2d869d1d,"[KBO 리그규정 2026] 제1장 KBO 정규시즌 > 제1조 경기방식
1. 단일 리그제로 각 구단은 144경기(구단간 16차전)씩 총 720경기를 거행한다.
2. 연장전은 11회(KBO 포스트시즌 15회)까지로 하고 승패를 가리지 못할 경우에는 무승부로 한다.
(2025.1.14 개정)"
RULE_COMMON_LR_제2조,RULE,LEAGUE_REGULATIONS,2026_KBO리그규정.pdf,2026,ARTICLE,제1장 KBO 정규시즌,제2조,승률계산법,1,1,13,13,OFFICIAL,CONFIRMED,a424c0146317e510,"[KBO 리그규정 2026] 제1장 KBO 정규시즌 > 제2조 승률계산법
승률은 승수/(승수＋패수)로 한다."
RULE_COMMON_LR_제3조,RULE,LEAGUE_REGULATIONS,2026_KBO리그규정.pdf,2026,ARTICLE,제1장 KBO 정규시즌,제3조,연도 구단순위 및 기록,1,1,13,14,OFFICIAL,CONFIRMED,03105d5a131079ba,"[KBO 리그규정 2026] 제1장 KBO 정규시즌 > 제3조 연도 구단순위 및 기록
1. 연도 구단순위는 KBO 한국시리즈 우승구단이 제1위, 준우승구단이 제2위, 그 이하는 KBO 정규시즌 승률순으로 한다.
2. KBO 한국시리즈, KBO 플레이오프, KBO 준플레이오프, KBO 와일드카드 결정전, 정규시즌 1위 결정전의 기록은 KBO 정규시즌의 기록에 가산하지 않고 별도 취급한다.
3. KBO 정규시즌 제2, 3, 4위가 2개 구단 또는 3개 구단 이상일 경우에는 해당 구단간 경기에서 전체 전적 다승, 해당 구단간 경기에서 전체 다득점, 전년도 성적순으로 순위를 결정한다.
정규시즌 제1, 5위가 2개 구단일 경우에는 와일드카드 결정전 전날 별도의 1위 또는 5위 결정전을 거행한다. 이때 홈구단은 양 구단간 경기에서 전적 다승, 다득점, 전년도 성적순으로 우위에 있는 구단으로 하며, 입장수입은 정규시즌과 동일한 방식으로 분배한다. 정규시즌 제1, 5위가 3개 구단 이상일 경우에는 1위 또는 5위 결정전을 거행하지 않고 해당 구단간 경기에서 전체 전적 다승, 해당 구단간 경기에서 전체 다득점, 전년도 성적순으로 순위를 결정한다.
단, KBO 정규시즌 제6, 7, 8, 9, 10위가 2개 구단 이상일 경우에는 승률로 순위를 결정하되, 승률이 동일할 경우 공동 순위로 한다. 문서상 표기, 개막전 편성, KBO 신인 드래프트 등 순서를 필요로 하는 경우에는 해당 구단간 전체 전적 다승, 해당 구단간 전체 다득점, 전년도 성적 순위로 순서를 정한다.
(2020.1.10 ➜ 2022.3.29 개정)"
RULE_COMMON_LR_제4조,RULE,LEAGUE_REGULATIONS,2026_KBO리그규정.pdf,2026,ARTICLE,제1장 KBO 정규시즌,제4조,경기규칙,1,1,14,14,OFFICIAL,CONFIRMED,45c64ba084657cc4,"[KBO 리그규정 2026] 제1장 KBO 정규시즌 > 제4조 경기규칙
KBO가 주최하는 모든 경기는 공식야구규칙에 따른다."
RULE_COMMON_LR_제5조,RULE,LEAGUE_REGULATIONS,2026_KBO리그규정.pdf,2026,ARTICLE,제1장 KBO 정규시즌,제5조,경기일정 결정 및 변경,1,1,14,14,OFFICIAL,CONFIRMED,4ad2ddaf67025bb0,"[KBO 리그규정 2026] 제1장 KBO 정규시즌 > 제5조 경기일정 결정 및 변경
1. 우천 및 기타 사유로 예정된 경기를 거행하지 못했을 경우 총재가 추후 결정하며 연기된 경기는 필요한 경우 월요일 경기, 더블헤더를 거행할 수 있다.
단, 더블헤더 제1경기는 9회까지로 한다.
2. 지상파 중계로 인해 시간을 변경할 경우에는 홈구단이 결정하여 KBO에 통보한다. 지상파 중계로 인한 시간 변경 요청이 있는 경우 월 2회는 반드시 승인해야 한다.
(2022.12.13 개정)
3. 경기장소를 변경할 경우에는 시즌 개막전까지 홈구단이 결정하여 KBO에 통보하고 발표 이후에는 이를 변경할 수 없다.
단, 총재가 천재지변, 경기장 사정 등으로 경기가 불가능하다고 판단할 경우에는 예외로 한다."
RULE_COMMON_LR_제6조,RULE,LEAGUE_REGULATIONS,2026_KBO리그규정.pdf,2026,ARTICLE,제1장 KBO 정규시즌,제6조,홈구단의 경기일정 이행의 책임,1,1,15,15,OFFICIAL,CONFIRMED,4d251c5eef342352,"[KBO 리그규정 2026] 제1장 KBO 정규시즌 > 제6조 홈구단의 경기일정 이행의 책임
1. 홈구단이 공식발표된 경기일정을 이행하지 못하였을 경우 총재에 의해 그 경기는 몰수되며 원정구단에게 승리가 주어진다.
단, 원정구단이 예정된 구장에 경기개시 시간 전에 도착하였을 경우에 한한다.
2. 원정구단이 예정된 시간 전에 도착하지 않았을 경우는 별도 규정 위반의 제재가 가하여진다."
RULE_COMMON_LR_제7조,RULE,LEAGUE_REGULATIONS,2026_KBO리그규정.pdf,2026,ARTICLE,제1장 KBO 정규시즌,제7조,경기불참가에 대한 벌칙,1,1,15,15,OFFICIAL,CONFIRMED,4e0242413b5e4af3,"[KBO 리그규정 2026] 제1장 KBO 정규시즌 > 제7조 경기불참가에 대한 벌칙
1. 원정구단이 정당한 이유 없이 경기에 응하지 않았을 때는 예정된 구장에 경기개시 예정 시간에 도착한 홈구단에게 승리가 주어진다. 본 조에 의하여 원정구단이 경기를 포기하였을 때는 홈구단에게 손해배상을 하여야 한다. 배상금의 액수는 총재가 결정한다.
2. 상기의 경우 배상금 외 총재에 의해 따로 규정 위반의 제재조치가 가하여진다."
RULE_COMMON_LR_제8조,RULE,LEAGUE_REGULATIONS,2026_KBO리그규정.pdf,2026,ARTICLE,제1장 KBO 정규시즌,제8조,천재지변 등의 사유로 인한 일정취소 조치,1,1,15,15,OFFICIAL,CONFIRMED,b75a8d74b8dedee5,"[KBO 리그규정 2026] 제1장 KBO 정규시즌 > 제8조 천재지변 등의 사유로 인한 일정취소 조치
1. 천재지변 또는 이에 준하는 사정 등으로 중지하지 않으면 안될 경우 홈구단은 그 경기의 중지를 총재에게 요청하여야 한다.
총재는 이 요청에 대하여 가부를 결정하여야 하며, 요청이 없었다 하더라도 이를 판단하여 경기의 중지를 명할 수 있다.
2. 교통기관 운휴 등으로 경기에 지장을 초래하였을 경우에도 홈구단은 당일 경기일정의 취소를 총재에게 요청할 수 있다. 이 경우에는 우천에 의한 중지와 같이 취급한다."
RULE_COMMON_LR_제9조,RULE,LEAGUE_REGULATIONS,2026_KBO리그규정.pdf,2026,ARTICLE,제1장 KBO 정규시즌,제9조,경기관리인,1,1,15,16,OFFICIAL,CONFIRMED,56646f0258476a56,"[KBO 리그규정 2026] 제1장 KBO 정규시즌 > 제9조 경기관리인
1. 홈구단의 임원이 그 경기의 관리인이 되며, 총재의 경기관리에 관한 모든 직능을 대행한다.
2. 지정된 경기관리인의 부재시에는 등록된 경기관리 대리인이 그 직무를 대행하여야 한다(부장급 이상). (주)경기관리인은 구장의 질서를 유지하며 경기를 지체 없이 완수하도록 하기 위하여 총재를 대신하여 모든 조치를 집행할 수 있다."
RULE_COMMON_LR_제10조,RULE,LEAGUE_REGULATIONS,2026_KBO리그규정.pdf,2026,ARTICLE,제1장 KBO 정규시즌,제10조,안전보장,1,1,16,16,OFFICIAL,CONFIRMED,9566d34a395a4c78,"[KBO 리그규정 2026] 제1장 KBO 정규시즌 > 제10조 안전보장
홈구단은 KBO 규약 제136조에 의거 심판위원 및 원정구단에 대해 충분한 안전을 보장하여야 한다(KBO 리그 전 경기에 적용)."
RULE_COMMON_LR_제11조,RULE,LEAGUE_REGULATIONS,2026_KBO리그규정.pdf,2026,ARTICLE,제1장 KBO 정규시즌,제11조,경기거행 여부의 결정과 경기실시의 권한이,1,1,16,16,OFFICIAL,CONFIRMED,0c6111d9b20c025e,"[KBO 리그규정 2026] 제1장 KBO 정규시즌 > 제11조 경기거행 여부의 결정과 경기실시의 권한이
주심에게 이관되는 시점
1. 경기거행 여부 결정은 KBO 경기운영위원이 한다. 경기개시 3시간 전에 개시 여부를 결정하며, 필요시 시간을 연장할 수 있다. 또한, 경기운영위원은 강우 예보가 있는 경우 홈구단에 방수포 설치 등 기타 필요한 조치를 내릴 수 있다.
만약 홈구단이 경기운영위원의 위 지시사항을 이행하지 않을 경우 총재는 해당 구단에 제재금 1천만원을 부과한다.
2. 경기관리인의 요청이 있을 때에는 경기운영위원은 즉시 구장에 나가 결정하여야 한다. 또한 경기거행을 결정한 이후 경기개시 전에 상황이 바뀌었을 때는 다시 경기운영위원이 거행 여부를 결정하는 것으로 한다.
3. 경기실시의 결정 권한이 주심에게 이관되는 시점은 경기개시 예정 시간으로 한다.
경기개시 예정 시간부터는 주심이 경기개시, 일시정지, 재개 또는 중지의 결정자가 된다.
(2019.3.13 개정)"
RULE_COMMON_LR_제12조,RULE,LEAGUE_REGULATIONS,2026_KBO리그규정.pdf,2026,ARTICLE,제1장 KBO 정규시즌,제12조,심판위원수,1,1,17,17,OFFICIAL,CONFIRMED,67ca0b8a40054cfe,"[KBO 리그규정 2026] 제1장 KBO 정규시즌 > 제12조 심판위원수
경기는 4심제로 한다.
단, 심판위원 유고시에는 3심제 또는 2심제의 경기진행도 할 수 있다."
RULE_COMMON_LR_제13조,RULE,LEAGUE_REGULATIONS,2026_KBO리그규정.pdf,2026,ARTICLE,제1장 KBO 정규시즌,제13조,경기 전 연습시간,1,1,17,17,OFFICIAL,CONFIRMED,5c52750e07ef9deb,"[KBO 리그규정 2026] 제1장 KBO 정규시즌 > 제13조 경기 전 연습시간
1. 홈구단의 타격연습(경기개시 90분 전까지)
2. 원정구단의 준비운동 및 타격연습 60분간(경기개시 30분 전까지)
3. 홈구단의 수비연습 10분간(경기개시 20분 전까지)
4. 원정구단의 수비연습 10분간(경기개시 10분 전까지)
① 경기관리인은 그라운드 사정 또는 기타 이유로 경기에 지장을 가져올 염려가 있다고 판단할 경우에는 연습시간을 단축 또는 생략할 수도 있다. 이 경우 원정구단에게 3시간 전에 통고하여야 한다.
② 원정구단 연습 중에는 홈구단 선수는 페어지역에 들어가서는 안 된다.
③ 관객이 입장한 후에는 선수는 그라운드에서 반드시 유니폼을 착용하고 모자를 써야 하며, 언더셔츠 차림으로 연습할 수 없다."
RULE_COMMON_LR_제14조_p1,RULE,LEAGUE_REGULATIONS,2026_KBO리그규정.pdf,2026,ARTICLE,제1장 KBO 정규시즌,제14조,현역선수 등 등록,1,3,17,21,OFFICIAL,CONFIRMED,b4fe6892a8ba9dfb,"[KBO 리그규정 2026] 제1장 KBO 정규시즌 > 제14조 현역선수 등 등록 (1/3)
1. 벤치에 들어가는 인원 경기 중(타순표의 교환 후부터 경기종료까지) 벤치에 들어갈 수 있는 인원의 한도는 다음과 같이 KBO에 등록승인을 필한 자에 한한다.
감독 1명 코치 10명(불펜코치 포함, QC 코치 또는 전력분석 코치 포함) 현역선수 29명(9월 1일 이후부터 5명 추가하여 34명) 단, 경기출장은 27명(9월 1일 이후부터는 32명)으로 한다.
매니저 1명 트레이너 2명 기록원 1명 홍보 1명 통역 3명(필요시 사전신청하여 최대 2명 이내 추가 가능) 계 47명 현역선수 명단에 등록된 선수가 출장정지의 제재를 받은 경우 해당 선수를 당일 경기에 출장하지 못하는 2명의 선수로 지명(▲) 할 수 있다. 현역선수를 27명 이하(9월 1일 이후부터 32 명 이하)로 등록할 경우 등록된 모든 선수가 경기에 출장할 수 있다. (2017.1.10 ➜ 2020.1.10 ➜ 2021.1.28 ➜ 2024.12.16➜ 2025.1.22 개정)
2. 현역선수의 등록이 말소된 선수는 말소신청 시간부터 KBO 리그 경기에 출장할 수 없으며, KBO 규약 제27조에 의하여 말소공시일로부터 만 10일을 경과하지 않으면 재차 현역선수의 등록신청을 할 수 없다.
[경조 휴가] 선수는 본인과 배우자의 직계 가족(부모, 조부모, 형제자매, 자녀) 및 배우자의 사망 또는 자녀 출생을 사유로 경조 휴가를 최대 5일까지 신청할 수 있다. 해당 선수가 현역선수일 경우 현역선수등록이 말소되지만 휴가 기간(최대 5일까지)을 KBO 규약 제162조 제2항의 현역선수 등록일수로 인정받는다. 해당 선수는 경조 휴가가 부여된 일자로부터 10일이 경과하지 않아도 현역선수로 등록할 수 있다.
현역선수의 등록이 말소된 선수가 타구단에 양도될 경우 말소공시일로부터 만 10일이 경과되지 않아도 양수구단의 현역선수 등록신청을 할 수 있다. (2019.1.15 ➜ 2021.10.26 개정)"
RULE_COMMON_LR_제14조_p2,RULE,LEAGUE_REGULATIONS,2026_KBO리그규정.pdf,2026,ARTICLE,제1장 KBO 정규시즌,제14조,현역선수 등 등록,2,3,17,21,OFFICIAL,CONFIRMED,ea390a8087fd9e10,"[KBO 리그규정 2026] 제1장 KBO 정규시즌 > 제14조 현역선수 등 등록 (2/3)
3. [부상자 명단] 현역선수로 등록되어 있는 선수가 KBO 정규시즌 경기 또는 훈련 중 부상을 당하거나, 또는 소속선수로 등록 후 구단 KBO 시범경기 개막일 이후 경기 또는 훈련중 부상으로 개막전 현역 선수 등록을 하지 못하는 경우 10일, 15일, 30일 중 택일하여 부상자 명단 등재를 신청할 수 있다. 부상자 명단 등재는 당해 시즌 최대 30일까지 가능하며(10일 3회, 15일 2회, 30일 1회에 한함) 선수의 엔트리 말소일 또는 개막전 엔트리 공시 3일 이내에 신청서 및 구단 지정 병원에서 발급한 진단서를 제출해야 한다(3일 소급 적용). 선수의 부상 경과를 지켜본 이후 부상자 명단 등재 여부를 결정할 수 있도록 엔트리 말소를 유예할 수 있다. 유예는 별도의 절차 없이 선수의 마지막 경기 출장 다음 날로부터 최대 3일까지 인정되며, 유예 인정 기간 다음 날까지 엔트리 말소 및 이후 부상자 명단에 등록된 경우 선수의 엔트리 말소일 및 부상자 명단 등록 시작일은 신청서에 작성한 유예 인정 기간 내의 등재 시작일까지 소급 적용될 수 있다.
부상자 명단에 등재되어 있는 선수가 동일한 부상을 사유로 연장 신청할 경우에는 추가 진단서 없이 신청서 제출만으로 연장 가능하다. 단, 1회에 한하며, 연장 신청 기간이 기존 진단서 내에 명시된 치료 기간을 초과할 때에는 신규 진단서를 제출해야 한다. 선수는 부상자 명단에 등재되어 있는 기간 동안 현역선수등록이 말소되지만 이 기간을 KBO 규약 제162조 제2항의 현역선수 등록일수로 인정받는다. 단, 선수는 부상자 명단에 등록된 일자로부터 최소 10일이 경과해야 현역선수로 다시 등록할 수 있다. 동일 부상 연장 신청자는 2번째 신청부터 10일이 경과하지 않아도 현역선수로 다시 등록할 수 있다.
KBO 시범경기 또는 정규시즌 경기, 훈련중 명백한 부상으로 인해 30일 이상 현역선수등록이 말소된 선수가 부상자 명단 신청을 누락한 경우 해당 시즌 포스트시즌 종료일 까지 KBO에 관련 증빙 서류를 제출하여 소명하고 KBO가 승인할 경우 구단당 연 최대 3회에 한해 등록일수 적용이 소급적용 될 수 있다.
(2020.1.10 ➜ 2020.12.8 ➜ 2021.10.26 ➜ 2022.9.27 ➜ 2022.12.13 ➜ 2023.1.26 ➜ 2025.12.15 개정)"
RULE_COMMON_LR_제14조_p3,RULE,LEAGUE_REGULATIONS,2026_KBO리그규정.pdf,2026,ARTICLE,제1장 KBO 정규시즌,제14조,현역선수 등 등록,3,3,17,21,OFFICIAL,CONFIRMED,c10a87eb4cbe2b93,"[KBO 리그규정 2026] 제1장 KBO 정규시즌 > 제14조 현역선수 등 등록 (3/3)
4. [치료·재활선수 명단] 부상자 명단과 별개로, 구단에 등록된 소속선수, 육성선수가 부상 또는 질병 등의 치료 및 재활이 필요한 경우 치료·재활선수 명단 등재를 신청할 수 있다. 치료·재활선수 명단의 최소 등재 기간은 10일이며, 등재 신청시에는 신청서 및 구단 지정 병원에서 발급한 진단서를 제출해야 한다. 명단에 등재된 선수는 신청한 기간이 만료되거나, 등재일로부터 10일이 경과한 후 KBO 리그 또는 퓨처스리그 엔트리에 등록된 경우 자동으로 치료·재활선수 명단에서 말소된다. 치료·재활선수 명단은 현역선수 등록일수 인정이 적용되지 않으며, 현역선수 등록 기간이 아닌 때에도 치료·재활선수 명단은 운영된다.
(2022.9.27 신설)
5. 코치 겸 선수, 선수로 등록된 자는 베이스코치의 임무를 담당할 수 없다.
6. 현역선수등록은 29명으로 한다.
(2020.1.10 개정)
① 현역선수등록 및 말소는 전화로 하며, 경기개시 2시간 전까지만 신청할 수 있다.
② 경기가 우천으로 취소된 경우에도 현역선수등록 및 말소는 예정된 경기개시 2시간 전까지로 한다.
③ KBO 정규시즌 기간 중 경기가 없는 구단의 현역선수등록 및 말소는 경기를 거행하는 구단의 경기개시 2시간 전까지로 한다. 전 구단 경기 개최가 예정되어 있지 않은 날의 현역선수등록 및 말소는 16:30까지로 한다.
(2020.12.8 개정)
④ 경기를 거행하는 구단들의 경기개시 시간이 상이할 경우 경기가 없는 구단의 현역선수등록 및 말소는 가장 늦게 개시하는 구단의 마감시간까지로 한다.
⑤ [은퇴경기 선수등록] 은퇴경기 거행을 위하여 등록을 원하는 경우에는 정원을 초과하여 추가 등록이 가능하며, 다음 날 자동 말소된다. 은퇴경기 후 해당 선수의 등록은 시즌 종료시까지 불가하나, 경기가 우천 등으로 인하여 취소되거나 정상적으로 개최되지 못한 경우에 한하여 재차 등록 요청을 할 수 있다. 또한, 은퇴경기를 위한 특별 엔트리 등록시 현역선수 등록일수에 포함되지 않는다.
(2020.12.8 신설)"
RULE_COMMON_LR_제15조,RULE,LEAGUE_REGULATIONS,2026_KBO리그규정.pdf,2026,ARTICLE,제1장 KBO 정규시즌,제15조,타순표의 교환 및 발표,1,1,21,23,OFFICIAL,CONFIRMED,12b064b2d548e672,"[KBO 리그규정 2026] 제1장 KBO 정규시즌 > 제15조 타순표의 교환 및 발표
1. 양 구단의 감독 또는 그 대리자는 매 경기마다 그 경기에 참가하는 10명 이내의 감독, 코치와 29명의 현역선수 명단 및 타순표 각 3통을 경기개시 1시간 전(더블헤더 제2경기는 제1경기 종료 10분 후)에 홈 플레이트 뒤쪽에서 주심에게 제출하여야 한다.
주심은 그 장소에서 양 구단의 출전선수 명단 및 타순표를 대조한 후 각 1통씩 상대구단에게 교부한다.
(2020.1.10 ➜ 2021.1.28 개정)
2. 가. 경기개시 전 출장선수 명단과 공식타순표를 교환 및 제출한 후에는 경기시작 전까지 이를 철회하거나 변경할 수 없다.
단, 아래와 같은 경우 교체가 가능하다.
① 미도착 등으로 인하여 불출장한 경우 (해당 선수가 지명타자일 경우 지명타자 사용 불가)
② 심판진이 명백한 부상이라고 인정한 경우 (해당 선수가 지명타자일 경우 지명타자 사용 가능)
나. 경기 중 선발 또는 구원투수가 심판진이 인정한 명백한 부상으로 인해 등판 후 첫 타자 또는 그 대타자가 아웃되거나, 출루하거나 공수교대가 될 때까지 투구할 수 없게 된 경우에도 교체가 가능하다.
다. 교체는 아래와 같이 하여야 한다.
① 투수 가) 우투수 → 우투수 나) 좌투수 → 좌투수 단, 구원투수 교체시 동일한 유형의 투수로 교체하지 않아도 된다.
(2018.1.24 규칙위원회)
② 타자 가) 우타자 → 우타자 나) 좌타자 → 좌타자
라. 해당 선수들은 교체 후 당일 경기출장이 금지된다(당일 경기 불출장 간주). 교체선수 명단에 좌·우 동일타석을 사용하거나, 좌·우 동일한 유형으로 투구하는 선수가 없을 경우에는 예외(스위치 타자도 예외 적용)로 한다.
(2015.3.5 규칙위원회)
3. 각 경기의 주심은 출전선수가 현역선수로서 등록이 되어있는가를 확인하여야 한다.
4. 타순표의 발표 주심은 경기시간 30분 전(더블헤더 제2경기는 타순표 교환 직후)에 기록위원에게 양 구단의 타순을 알려주고 방송원은 이를 관객에게 알려야 한다.
5. 선발투수 예고 구단 담당자(매니저)는 이동일일 경우 낮 12시까지 KBO로 선발투수 예고를 통보하고, 주중⋅주말연전(화~토)의 경우 경기종료 직후 KBO 기록위원에게 통보한다.
전일 예고된 선발투수가 당일 경기에 불출장할 경우 당일 경기출장을 금지한다."
RULE_COMMON_LR_제16조,RULE,LEAGUE_REGULATIONS,2026_KBO리그규정.pdf,2026,ARTICLE,제1장 KBO 정규시즌,제16조,경기사용구와 관리,1,1,23,23,OFFICIAL,CONFIRMED,84af8eb45b923f0d,"[KBO 리그규정 2026] 제1장 KBO 정규시즌 > 제16조 경기사용구와 관리
1. 경기사용구는 KBO가 선정한 경기사용구를 사용한다.
2. KBO는 경기사용구를 월 1회 구입하여 각 구단에 공급한다. 각 구단 경기사용구 담당자는 경기개시 1시간 전에 심판위원에게 이를 전달하고 심판위원은 봉인해제 및 공 상태를 점검한 이후에 경기에 사용한다. 구단에 경기사용구가 전달된 이후에는 구단 담당자가 경기사용구의 관리 책임을 맡는다.
3. 봉인해제 후 경기 중 사용하지 않은 경기사용구는 경기종료 후 심판위원이 별도로 봉인하여 다음 경기에 사용할 수 있도록 한다."
RULE_COMMON_LR_제17조,RULE,LEAGUE_REGULATIONS,2026_KBO리그규정.pdf,2026,ARTICLE,제1장 KBO 정규시즌,제17조,구단기 게양,1,1,23,23,OFFICIAL,CONFIRMED,95ba8afb6da29054,"[KBO 리그규정 2026] 제1장 KBO 정규시즌 > 제17조 구단기 게양
홈구단은 전 구단기를 상비하여 경기가 행하여지는 당일 양 구단기를 게양하여야 한다.
전년도 우승구단은 구단기와 소정의 우승기를 함께 게양하여야 한다."
RULE_COMMON_LR_제18조,RULE,LEAGUE_REGULATIONS,2026_KBO리그규정.pdf,2026,ARTICLE,제1장 KBO 정규시즌,제18조,입장요금,1,1,23,23,OFFICIAL,CONFIRMED,8afd093922c15132,"[KBO 리그규정 2026] 제1장 KBO 정규시즌 > 제18조 입장요금
입장요금은 각 구단이 자율적으로 결정하여 시행한다."
RULE_COMMON_LR_제19조,RULE,LEAGUE_REGULATIONS,2026_KBO리그규정.pdf,2026,ARTICLE,제1장 KBO 정규시즌,제19조,응원시 금지사항,1,1,23,23,OFFICIAL,CONFIRMED,22266c3941f14cb1,"[KBO 리그규정 2026] 제1장 KBO 정규시즌 > 제19조 응원시 금지사항
구장 내의 관객석에서 앰프(AMP)를 사용하는 등 과도한 응원 행위로 관객에게 불쾌감을 주거나 경기에 지장을 줄 경우 주심은 경기관리인에게 응원 행위의 중지를 요청할 수 있다."
RULE_COMMON_LR_제20조,RULE,LEAGUE_REGULATIONS,2026_KBO리그규정.pdf,2026,ARTICLE,제1장 KBO 정규시즌,제20조,경기중지에 따른 입장요금 처리,1,1,24,24,OFFICIAL,CONFIRMED,e31602dd1f0cd5e6,"[KBO 리그규정 2026] 제1장 KBO 정규시즌 > 제20조 경기중지에 따른 입장요금 처리
1. 노게임이 선고되었을 때 동일구장의 다음 경기에 입장할 수 있도록 한다.
2. 정식경기(서스펜디드 경기 포함) 또는 정식 무승부 경기가 되었을 때 전액 징수한다."
RULE_COMMON_LR_제21조,RULE,LEAGUE_REGULATIONS,2026_KBO리그규정.pdf,2026,ARTICLE,제1장 KBO 정규시즌,제21조,주·야간경기 및 경기개시 시간,1,1,24,24,OFFICIAL,CONFIRMED,83921433a7921f91,"[KBO 리그규정 2026] 제1장 KBO 정규시즌 > 제21조 주·야간경기 및 경기개시 시간
경기개시 시간 (토요일 / 일요일·공휴일 / 평일):
- 3월·4월·5월: 토요일 17:00 / 일요일·공휴일 14:00 / 평일 18:30
- 6월: 토요일 17:00 / 일요일·공휴일 17:00 / 평일 18:30
- 7월·8월: 토요일 18:00 / 일요일·공휴일 18:00 / 평일 18:30
- 9월 1일~14일: 토요일 17:00 / 일요일·공휴일 17:00 / 평일 18:30
- 9월 15일~30일·10월: 토요일 17:00 / 일요일·공휴일 14:00 / 평일 18:30
* 3, 4, 5, 9, 10월의 일요일 경기 중 특정경기에 한해 경기개시 시간 변경 가능또한, 마케팅 활성화 차원에서 홈구단이 요청할 경우 금요일에 한해 경기개시 시간을 19:00로 변경 가능함(경기개시일 2주전까지 변경 요청시) * 개막전 2연전 – 3/28(토), 3/29(일) - 14:00* 어린이날 - 14:00 * 6~8월 고척 일요일 경기 - 14:00 (2019.3.19 ➜ 2019.7.19 ➜ 2024.9.12 ➜ 2025.5.27 개정)"
RULE_COMMON_LR_제22조,RULE,LEAGUE_REGULATIONS,2026_KBO리그규정.pdf,2026,ARTICLE,제1장 KBO 정규시즌,제22조,경기시간 제한,1,1,25,25,OFFICIAL,CONFIRMED,2745fd954097d209,"[KBO 리그규정 2026] 제1장 KBO 정규시즌 > 제22조 경기시간 제한
1. 야간 조명시설이 없는 구장에서의 주간경기는 일몰시간 15분 전에 새로운 이닝에 들어갈 수 없다.
단, 조명시설이 있는 구장에서는 점등한 후 경기를 속행한다.
2. 야간 조명시설이 없는 구장에서 암흑 또는 시간 제한으로 9회까지 경기속행이 불가능(일몰시간 제한)하게 되었을 경우 서스펜디드 경기로 한다."
RULE_COMMON_LR_제23조,RULE,LEAGUE_REGULATIONS,2026_KBO리그규정.pdf,2026,ARTICLE,제1장 KBO 정규시즌,제23조,"심판위원, 기록위원의 사고발생으로 인한 임시조치",1,1,25,25,OFFICIAL,CONFIRMED,ea7a26036dc6ea21,"[KBO 리그규정 2026] 제1장 KBO 정규시즌 > 제23조 심판위원, 기록위원의 사고발생으로 인한 임시조치
1. 출장 예정 심판위원의 일부 또는 전원이 사고로 인하여 경기에 출장하지 못하거나 정시에 도착하지 못하는 사태가 발생하였을 때에는 경기관리인이 급히 비번의 심판위원을 보충하는 조치를 취한다. 그래도 정원이 부족할 경우에는 출장할 수 있는 심판위원만으로 경기를 진행한다.
2. 심판위원 전원이 정시에 도착하지 못하는 경우 경기관리인의 판단에 따라 그 도착을 기다려 경기개시 시간을 연기할 수 있다.
3. 심판위원의 정원이 부족한 채 경기가 개시된 후에 도착한 심판위원은 즉시 출장하여야 한다.
4. 심판위원이 한 명도 도착하지 못하였을 경우에는 임시조치로 양 구단의 선수를 심판위원으로 충당하여 경기를 개시한다. 이 경우 심판위원이 경기 도중에 도착하면 즉시 심판위원으로 교체하여 경기를 속행하여야 한다.
(주)양 구단의 선수를 심판위원으로 충당할 경우 양 구단의 감독들은 상호 상대편 선수 중에서 경기에 참가하지 않은 선수를 동수로 선정한다. 그리고 루심의 배정은 홈구단에서 주심과 2루심, 원정구단에서 1,3루심을 담당케 하며, 제복은 선수와 구별하기 위하여 상의는 점퍼를 착용하여야 한다.
5. 기록위원이 사고로 부재인 경우에는 경기관리인이 구단 기록원을 임시 공식기록원으로 지명한다."
RULE_COMMON_LR_제24조,RULE,LEAGUE_REGULATIONS,2026_KBO리그규정.pdf,2026,ARTICLE,제1장 KBO 정규시즌,제24조,구장질서를 문란케 한 자에 대한 처벌,1,1,26,26,OFFICIAL,CONFIRMED,ffc7f83771de2201,"[KBO 리그규정 2026] 제1장 KBO 정규시즌 > 제24조 구장질서를 문란케 한 자에 대한 처벌
1. 규약, 리그 규정에 의거, 제재를 받은 감독, 코치, 선수, 심판위원은 총재에 의해 엄중한 제재(제재금, 출장정지 또는 병과)가 가해진다. 제재가 가해질 때에는 벌칙내규에 따른다.
2. 전 항에 의해 제재금이 가해진 자는 제재를 받은 날부터 5일(토,일,공휴일 제외) 이내에 구단을 통하여 KBO 사무국에 제재금을 납부하여야 한다. 기한 내에 납부하지 아니하였을 때는 지불 기한의 다음 날부터 지불 완료일까지 경기에 참가할 수 없다(지불 완료 다음 날부터 출장 가능).
3. 출장정지 제재를 받은 자는 제재 종료일까지 KBO 정규시즌, 포스트시즌, 퓨처스리그 경기에 출장할 수 없다(엔트리 말소는 가능).
4. 출장정지 제재 관련 경기수의 적용 기준은 다음과 같다.
가. 출장정지 제재 경기수는 KBO 정규시즌 및 포스트시즌 경기를 포함 연속적으로 적용한다.
나. KBO 정규시즌 엔트리에 등록되어 있을 경우 제재 통보일부터 소속팀 정규시즌 경기수 거행 기준
다. KBO 퓨처스리그 엔트리에 등록되어 있을 경우 제재 통보일부터 해당 팀 퓨처스리그 경기수 거행 기준
라. KBO 포스트시즌 엔트리에 등록되어 있을 경우 해당 결정전이 종료될 때까지는 엔트리에서 말소할 수 없다.
마. 빈볼, 폭행, 도핑 위반으로 제재를 받은 경우 해당 소속팀에게도 제재금을 부과한다."
RULE_COMMON_LR_제25조,RULE,LEAGUE_REGULATIONS,2026_KBO리그규정.pdf,2026,ARTICLE,제1장 KBO 정규시즌,제25조,재정신청의 절차,1,1,26,26,OFFICIAL,CONFIRMED,fb55e2b678290b81,"[KBO 리그규정 2026] 제1장 KBO 정규시즌 > 제25조 재정신청의 절차
공식야구규칙 7.04에 의거, 심판위원의 재정과 관련하여 어떠한 재정신청도 허용되지 않는다.
(2021.3.16 개정)"
RULE_COMMON_LR_제26조,RULE,LEAGUE_REGULATIONS,2026_KBO리그규정.pdf,2026,ARTICLE,제1장 KBO 정규시즌,제26조,불공정 정보의 입수 및 관련 행위 금지,1,1,27,28,OFFICIAL,CONFIRMED,f77256f27d34ba6f,"[KBO 리그규정 2026] 제1장 KBO 정규시즌 > 제26조 불공정 정보의 입수 및 관련 행위 금지
1. 벤치내부, 베이스코치 및 주자가 타자에게 상대투수의 구종 등의 전달 행위를 금지한다.
2. 경기시작 후 벤치 및 그라운드에서 감독, 코치, 선수, 구단 직원 및 관계자의 무전기, 휴대전화, 노트북, 전자기기 등 정보기기의 사용을 금지한다. 또한, 경기 중에 구단 직원 및 관계자는 위 장비를 사용하여 감독, 코치, 선수에게 그 경기에 관한 정보를 제공할 수 없다(벤치 외 외부 수신호 전달 금지). 단, 퓨처스리그 경기에서 선수단의 기량 향상 및 교육을 목적으로 투구 및 타격 세부 데이터, 운동량을 확인하는 경우에 한하여 노트북 및 태블릿 PC의 반입 및 KBO에 사전 신고한 유니폼 내 착용하는 형태의 웨어러블 전자 퍼포먼스 트래킹 시스템의 착용을 허용하도록 한다.
경기 중 벤치에서 감독, 코치, 선수의 전력 분석 참고용 페이퍼나 리스트 밴드의 사용이 허용된다. 경기 중 그라운드에서 수비팀(투수 제외)에 한해 전력 분석 참고용 페이퍼나 리스트 밴드의 사용이 허용되며, 공격팀(타자, 주자, 주루코치 및 작전코치 등)은 허용되지 않는다. 페이퍼와 리스트 밴드(18cm × 12cm) 이내의 크기가 규격에 어긋나는 경우 또는 경기의 원활한 진행에 방해가 되거나 상대팀이 정상적인 플레이를 진행하는데 지장을 줄 수 있다고 심판이 판단할 시 사용이 금지된다.
위와 같이 허용된 페이퍼나 리스트 밴드가 상대팀의 사인을 훔치려는 목적이나 어떠한 플레이를 방해하거나 방해할 목적으로 사용될 경우 해당 선수는 즉시 퇴장당한다.
3. 구단은 경기장 밖의 센터 후방 및 기타 장소에서 망원 카메라, 특수장비가 장착된 카메라 또는 비디오 카메라 등으로 상대 배터리의 사인 촬영을 금지한다.
4. 상기사항을 위반하였을 경우 해당 당사자는 즉시 경기장 밖으로 퇴장당하며 총재는 경고 처분, 제재금 부과, 출장정지 등 적절한 제재를 가할 수 있다.
(2019.6.19 ➜ 2020.1.10 ➜ 2020.3.17 ➜ 2021.5.11 ➜ 2024.3.14 개정)"
RULE_COMMON_LR_제27조,RULE,LEAGUE_REGULATIONS,2026_KBO리그규정.pdf,2026,ARTICLE,제1장 KBO 정규시즌,제27조,기상 상황으로 인한 경기취소 여부,1,1,28,29,OFFICIAL,CONFIRMED,ef00774f41aa8abd,"[KBO 리그규정 2026] 제1장 KBO 정규시즌 > 제27조 기상 상황으로 인한 경기취소 여부
경기개시 예정 시간을 기준으로 강풍, 폭염, 안개, 미세먼지, 황사 등의 기상 특보(경보 이상)가 발령되어 있을 경우 다음과 같이 경기취소 여부를 결정한다. 단, 경기개시 전에 미세먼지(초미세먼지 포함) 경보가 발령되었거나 경보 발령 기준 농도를 초과한 경우 취소 여부를 결정하고 경기개시 후에 미세먼지 경보가 발령되었을 경우 경기취소 여부를 결정한다(경기 중 경보 발령시 해당 이닝 종료 후 취소 결정).
1. 경기개시 전 : 해당 경기운영위원이 지역 기상청(기상대)으로 확인 후 구장 상태에 따라 취소 여부를 결정한다.
2. 경기개시 후 : 해당 심판위원이 지역 기상청(기상대)으로 확인 후 구장 상태에 따라 취소 여부를 결정한다.
(2019.3.13 개정) 기상 특보 발령 기준은 다음과 같다.
① 강풍
가. 주의보 : 풍속 14m/s 이상, 순간풍속 20m/s 이상이 예상될 때
나. 경보 : 풍속 21m/s 이상 또는 순간풍속 26m/s 이상이 예상될 때
② 폭염
가. 주의보 : 일 최고 기온이 섭씨 33도 이상인 상태가 2일 이상 지속될 것으로 예상될 때
나. 경보 : 일 최고 기온이 섭씨 35도 이상인 상태가 2일 이상 지속될 것으로 예상될 때
③ 미세먼지
가. 주의보 : PM2.5(초미세먼지) 75μg/m3 또는 PM10(미세먼지) 150μg/m 3 이상이 2시간 이상 지속인 때
나. 경보 : PM2.5(초미세먼지) 150μg/m3 또는 PM10(미세먼지) 300μg/m 3 이상이 2시간 이상 지속인 때
④ 황사
가. 주의보 : 미세먼지 경보로 대체
나. 경보 : 황사로 인해 1시간 평균 미세먼지 농도 800μg/m3 이상이 2시간 이상 지속될 것으로 예상될 때 (2019.1.15 개정)"
RULE_COMMON_LR_제28조_p1,RULE,LEAGUE_REGULATIONS,2026_KBO리그규정.pdf,2026,ARTICLE,제1장 KBO 정규시즌,제28조,비디오 판독,1,9,29,42,OFFICIAL,CONFIRMED,e1ef8f3f75d0f696,"[KBO 리그규정 2026] 제1장 KBO 정규시즌 > 제28조 비디오 판독 (1/9)
비디오 판독 제도는 KBO 리그(시범경기, 정규시즌, 올스타전, 포스트시즌)에서 아래 3항(비디오 판독 대상 플레이)의 규정에 의거 실시된다.
1. 비디오 판독 대상 경기
① 중계가 편성되어 있는 경기에 한해 비디오 판독을 실시한다.
② 비디오 판독은 중계용 영상 화면과 KBO 카메라 영상을 바탕으로 판독센터에서 실시한다.
③ 중계가 없을 경우 비디오 판독을 실시하지 않는다.
④ 중계용 영상 화면과 KBO 카메라 영상에 노출되지 않았거나, 경기지연에 따른 방송중단 등 중계용 영상 화면과 KBO 카메라 영상에 의한 비디오 판독이 불가능할 경우 심판의 판정을 최종으로 한다. 감독은 심판팀장의 판정에 이의를 제기할 수 없다.
2. 비디오 판독 장소 및 책임자, 판독인원
① 비디오 판독은 판독센터에서 실시한다.
② 비디오 판독의 책임자는 판독센터장이며 판독인원은 판독센터장을 포함하여 총 3인(비디오 판독 동시 발생시 1인으로 판독 진행 가능) 이내로 한다.
③ 비디오 판독센터 교신용 인터컴 장비는 1, 2루심(상황에 따라 조정 가능)이 착용하며, 심판팀장이 인터컴을 착용하지 않는 경우에는 착용한 심판 중 경력이 가장 많은 심판이 비디오판독과 관련하여 심판팀장의 역할을 한다.
(2026.1.20 개정)
④ 비디오 판독이 실시되는 동안 그라운드에 남아있는 심판들은 비디오 판독 이전의 판정이 내려진 상태로 양 구단 선수단을 위치시켜야 할 책임이 있다.
⑤ 비디오 판독 실시 후 전달 받은 최종 결과는 심판팀장이 내린다.
3. 비디오 판독 대상 플레이
① 홈런에 대한 판정
② 내야 및 외야 타구의 페어/파울(타구가 타석에서 타자의 몸 또는 타자가 착용한 경기용구나 배트에 맞는 경우, 또는 타구가 타석 밖의 페어/파울 지역에서 타자주자의 몸 또는 타자가 착용한 경기용구나 배트에 맞았는지 여부를 포함한다.) (2022.4.29 ➜ 2025.1.14 개정)
③ 포스/태그 플레이에서의 아웃/세이프 (야수의 베이스를 막는 행위로 인한 주루방해 여부 포함) 단, 다음의 플레이는 비디오 판독 대상이 아니다.
(a) 주자가 2루로 진루하기 위한 시도 중 1루 베이스를 돌아 2루로 향했는지에 대한 심판의 판정"
RULE_COMMON_LR_제28조_p2,RULE,LEAGUE_REGULATIONS,2026_KBO리그규정.pdf,2026,ARTICLE,제1장 KBO 정규시즌,제28조,비디오 판독,2,9,29,42,OFFICIAL,CONFIRMED,c59dfaf9fdd6ab8f,"[KBO 리그규정 2026] 제1장 KBO 정규시즌 > 제28조 비디오 판독 (2/9)
(b) 공식야구규칙 5.09(b)(2)에 의거하여 주자가 다음 베이스로 가려고 하는 의사를 버렸는지 여부에 대한 심판의 판정비디오 판독을 통해 2루 또는 3루에서의 포스 아웃 판정이 세이프로 번복되는 상황에서, 주자가 해당 베이스를 점유하거나 다음 베이스로 진루하려는 정당한 시도를 하지 않은 경우, 주루 포기에 의한 아웃으로 판정할 수 있다. 다만, 그러한 주자의 행위가 심판위원의 아웃 판정 선언에 영향을 받아 발생한 것으로 판단되는 경우에는 적용하지 않는다. 2사에서 선행주자의 득점이 주자가 2루 또는 3루를 포기하기 전에 이루어졌는지 여부는 해당 주자가 2루 또는 3루의 뒷면을 지나쳐 두 발이 지면에 닿은 시점을 기준으로 판정한다.
(2019.1.15 ➜ 2020.12.8 ➜ 2024.6.11 ➜ 2026.1.20 개정)
④ 야수의 포구(파울팁 포함)
⑤ 몸에 맞는 공 타자가 공에 맞았을 때 스트라이크 존을 통과했는지, 스윙을 했는지, 피하려는 시도를 했는지는 비디오 판독 대상이 아님예) 투구가 배트에 맞았으나 심판은 몸에 맞는 공이라고 판정한다. 수비구단 감독이 비디오 판독을 요청하여 심판팀장이 공이 배트에 맞았다고 최초 판정을 번복한다. 타구가 파울이었다면 심판팀장은 파울이라고 판정하고, 페어일 경우 타자주자의 위치를 배정하는데 있어 수비구단이 타자주자를 아웃시키려고 시도했는지 여부, 타자주자가 진루하려고 시도했는지 여부 등의 사실을 고려해야 한다.
⑥ 타자의 파울/헛스윙(타구가 타석에서 타자의 몸 또는 타자가 착용한 경기용구나 배트에 맞는 경우, 또는 타구가 타석 밖의 페어/파울 지역에서 타자주자의 몸 또는 타자가 착용한 경기용구나 배트에 맞았는지 여부를 포함한다.) (2017.8.14 ➜ 2025.1.14 개정)
⑦ 홈 플레이트에서의 충돌
⑧ 더블 플레이 시도시 슬라이딩 규정 * 공식야구규칙 6.01(j)에 대한 심판의 결정만 비디오 판독 대상이 되며 더블 플레이의 방해가 6.01(a)(6) 또는 (7)에 해당할 경우 이는 비디오 판독 대상이 아니다.
(2019.1.15 개정)
⑨ 1루 3피트 라인 위반 수비방해 * 공식야구규칙 5.09(a)(8) 및 6.01(a)(10)에 의거하여 타자 또는 주자가 수비하는 야수를 방해하였는지 여부 (2019.6.18 ➜ 2020.1.10 개정)
⑩ 공식야구규칙 5.08(a)에 의거한 3아웃 이전 주자의 득점
⑪ 주자의 누의 공과
⑫ 주자의 선행주자 추월
⑬ 주자가 다음 베이스로 진루하기 위해 태그 업할 때 일찍 했는지에 대한 심판의 판정 (2020.12.8 개정)
⑭ 공식야구규칙 5.02(c)에 따른 수비 시프트 제한 위반에 대한 판정"
RULE_COMMON_LR_제28조_p3,RULE,LEAGUE_REGULATIONS,2026_KBO리그규정.pdf,2026,ARTICLE,제1장 KBO 정규시즌,제28조,비디오 판독,3,9,29,42,OFFICIAL,CONFIRMED,2d21128129a38ddc,"[KBO 리그규정 2026] 제1장 KBO 정규시즌 > 제28조 비디오 판독 (3/9)
(a) 공격팀은 투구 후 공을 처음으로 접촉한 내야수에 대한 판정에 대해서만 판독 요청을 할 수 있다.
예) 유격수 땅볼 상황에서 공격팀은 유격수의 수비 시프트 규정 위반 여부에 대해서만 판독 요청할 수 있고 이외 내야수의 규정 위반 여부는 판독 대상이 아니다.
(b) 수비팀은 수비 시프트 제한 규정을 위반하였다는 심판의 판정에 대해 판독 요청을 할 수 있다.
(2024.3.14 개정)
⑮ 체크스윙에 대한 판정 * 공격팀은 스윙 판정에 대해서만, 수비팀은 노스윙 판정에 대해서만 판독 요청 가능하며, 타자의 번트 시도 상황은 판독 대상이 아니다. 체크스윙 판독은 KBO 카메라 영상에 의해서만 판독할 수 있다.
타자가 투수의 투구를 타격하려는 의도로 배트를 휘두르는 동작(스윙)을 할 때, 그 여세로 인해 배트(배트 끝을 기준으로 판단)의 각도가 홈 플레이트 앞면과 평행을 이루는 기준선보다 투수 방향으로 넘어갔을 때 심판은 스윙 스트라이크로 판정한다.
[주] 배트 끝의 각도가 타자석 기준 90도를 초과했을 때 스윙, 90도 이하인 경우 스윙이 아닌 것으로 판단한다. 배트가 홈 플레이트 앞면을 넘었는지 여부, 또는 손잡이 위치나 신체 회전 등이 아닌 배트 끝의 각도가 기준을 넘었는지 여부로 판단한다.
(2025.7.22 개정)"
RULE_COMMON_LR_제28조_p4,RULE,LEAGUE_REGULATIONS,2026_KBO리그규정.pdf,2026,ARTICLE,제1장 KBO 정규시즌,제28조,비디오 판독,4,9,29,42,OFFICIAL,CONFIRMED,9bec6ebdbe60773e,"[KBO 리그규정 2026] 제1장 KBO 정규시즌 > 제28조 비디오 판독 (4/9)
4. 비디오 판독의 신청
① 비디오 판독은 각 구단의 감독만이 판정을 내린 심판에게 신청할 수 있다.
② 감독이 부상, 질병, 퇴장 등 합당한 이유로 감독의 임무를 수행할 수 없게 된 경우 총재에게 감독의 역할을 대신 맡게 된다고 통보한 코치가 비디오 판독을 신청할 수 있다.
③ 감독이 있음에도 불구하고 코치가 신청한 경우 심판은 비디오 판독을 거부해야 한다.
④ 하나의 상황에서 두 가지 이상의 플레이에 대한 비디오 판독은 해당 심판팀의 팀장에게 신청하여야 한다.
⑤ 감독은 심판판정 후 30초 이내에 비디오 판독을 구두로써 심판에게 신청하여야 하며, 해당 심판은 오른손을 위로 들어 비디오 판독 신청이 있었음을 경기운영위원, 기록위원에게 시그널로 알려주어야 한다.
⑥ 심판은 감독의 비디오 판독 신청이 적절한 시간 안에 이루어 졌는지 판단하여 비디오 판독을 실시해야 한다. 감독의 신청이 늦었을 경우 심판은 재량으로 비디오 판독 신청을 받아들이지 않을 수 있다.
예) 판독 신청 제한 시간 이내일지라도, 상황이 발생한 플레이의 다음 투구가 이루어진 이후의 비디오 판독 신청은 받아들이지 않는다.
(2025.7.22 개정)
⑦ 경기가 종료되는 아웃카운트에 대하여 감독이 비디오 판독을 신청할 경우 감독은 심판의 최초 판정 후 10초 안에 덕아웃 또는 필드 안에서 신청해야 하며, 심판팀장은 비디오 판독 결과가 나올 때까지 양 구단을 덕아웃에 남아있도록 해야 한다.
(2018.3.5 규칙위원회)
⑧ 이닝의 3번째 아웃카운트에 대하여 감독이 비디오 판독을 신청할 경우 감독은 심판의 최초 판정 후 10초 안에 덕아웃 또는 필드 안에서 신청해야 하며, 심판팀장은 수비구단 선수들이 필드에 남아있도록 해야 한다.
(2018.3.5 규칙위원회)
⑨ 플레이 종료 후 투수교체를 하는 경우 수비구단 감독은 투수교체 사인을 내기 전에 비디오 판독을 먼저 신청해야 하며, 공격구단 감독은 새로 경기에 들어올 구원투수가 워닝트랙을 밟기 전이나 필드에 불펜이 있는 구장의 경우 파울라인을 넘기 전에 신청해야 한다. 만약 수비구단 감독이 공격구단이 비디오 판독을 신청할 것이라고 예상하여 서둘러 구원투수를 투입할 경우 심판팀장은 자신의 재량으로 공격구단 감독에게 비디오 판독 기회를 허용해야 한다.
⑩ 심판이 비디오 판독에 참여하고 있는 도중에는 선수교체가 허용되지 않는다."
RULE_COMMON_LR_제28조_p5,RULE,LEAGUE_REGULATIONS,2026_KBO리그규정.pdf,2026,ARTICLE,제1장 KBO 정규시즌,제28조,비디오 판독,5,9,29,42,OFFICIAL,CONFIRMED,8358061e62753a2a,"[KBO 리그규정 2026] 제1장 KBO 정규시즌 > 제28조 비디오 판독 (5/9)
5. 비디오 판독의 기회
① 기회는 정규이닝 기준 구단당 2번으로 하며 정규이닝에서 비디오 판독으로 심판의 판정이 2번 모두 번복될 경우 해당 구단에게 1번의 추가 기회가 주어진다. 연장전에 한해 구단당 1번의 기회가 추가된다.
(2018.7.4 ➜ 2019.1.15 ➜ 2019.12.16 ➜ 2021.1.28 개정)
② 홈런 타구 판독, 수비 시프트 제한 위반에 대한 비디오 판독은 감독에게 주어진 2번의 기회와 상관없이 언제라도 신청할 수 있다.
체크스윙에 대한 비디오 판독 기회는 감독에게 주어진 2번의 기회와 별도로 구단당 2번이 주어지며, 판정이 번복되는 경우 기회를 차감하지 않는다. 연장전에서는 구단의 잔여 기회에 더해 구단당 1번의 기회가 추가되며, 판정이 번복되는 경우 기회를 차감하지 않는다.
(2024.3.14 ➜ 2025.7.22 개정)
③ 만약 감독이 대상이 아닌 판정에 대해 비디오 판독을 요청하면 심판팀장은 감독에게 이는 비디오 판독 대상이 아님을 알리고 구단은 비디오 판독 기회를 유지한다. 감독이 요청한 플레이가 비디오 판독 대상이 되는지 확신하지 못할 경우 심판팀장은 결정을 내리기 전 다른 심판과 의논할 수 있다.
④ 하나의 상황에서 두 가지 이상의 플레이에 대한 논란이 발생하였을 경우 감독은 두 가지 이하의 플레이에 대하여만 비디오 판독을 요청할 수 있다. 이 때 감독의 기회는 각각의 플레이에 대한 기회를 별개로 사용한 것으로 간주한다.
이 경우 두 가지 플레이에 대한 비디오 판독 요청은 동시에 이루어져야 한다.
예) 1사 1루 상황. 타자가 2루수 앞 땅볼을 쳤다. 심판은 1루주자가 2루에서 아웃되고 타자주자도 1루에서 아웃되었다고 판정한다.
이 때 공격팀 감독은 2루 아웃, 1루 아웃 두 가지 모두에 대하여 비디오 판독을 요청할 수 있다. 이 때 감독은 2번의 기회를 모두 사용한 것으로 간주한다."
RULE_COMMON_LR_제28조_p6,RULE,LEAGUE_REGULATIONS,2026_KBO리그규정.pdf,2026,ARTICLE,제1장 KBO 정규시즌,제28조,비디오 판독,6,9,29,42,OFFICIAL,CONFIRMED,fcadb6d29aba4c52,"[KBO 리그규정 2026] 제1장 KBO 정규시즌 > 제28조 비디오 판독 (6/9)
6. 비디오 판독의 절차
① 비디오 판독에 참여하는 판독위원은 판독센터장을 포함하여 총 3인 이내로 한다.
② 감독으로부터 비디오 판독 요청을 받은 심판은 심판팀장에게 이를 보고하고 오른손을 위로 들어 경기운영위원, 기록위원에게 시그널로 통보하고, 심판팀장은 이를 방송해야 한다. 방송 이후 인터컴 장비를 착용한 심판은 판독센터의 판독 결과를 수신한다.
비디오 판독이 시작된 후 3분 안에 판정을 뒤집을만한 근거를 발견하지 못할 경우 원심 유지로 판정한다.
단, 기술적인 문제로 인해 판독이 지연되거나 복합적인 규칙 등을 적용하여 판단해야 하는 경우는 예외적으로 판독시간 3분을 초과할 수 있도록 허용한다.
비디오 판독시간은 심판팀장이 비디오 판독 요청을 알리는 방송을 마친 순간부터 판독 결과를 알리는 판정 또는 방송을 시작한 시점까지로 계측한다.
(2018.1.24 규칙위원회 ➜ 2019.12.16 ➜ 2026.1.20 개정)
③ 심판팀장은 판정번복 여부를 심판과 기록위원에게 통보하고, 만약 비디오 판독을 통해 최초 판정이 번복되었다면 주자의 위치 배정 등 필요하다고 생각되는 모든 조치를 취해야 한다.
④ 심판팀장은 이를 기록위원을 통해 방송하도록 해야 하며, 양 구단 감독에게 결과를 알려주어야 한다.
7. 경기의 지연 및 제재 만약 심판의 판단으로 감독, 코치, 선수 또는 구단의 임직원이 해당 구단의 비디오 판독 결정을 위한 시간을 벌기 위해 고의로 경기를 지연시키고 있다면, 심판은 감독에게 즉시 비디오 판독 기회 사용 여부를 결정할 것을 통보하고 경고할 수 있다.
심판의 경고에도 고의적으로 계속 지연을 시킨다면 심판팀장은 재량으로 해당 구단의 비디오 판독 기회를 소멸시킬 수 있다.
총재는 이 조항을 위반한 구단을 추후 제재할 수 있다."
RULE_COMMON_LR_제28조_p7,RULE,LEAGUE_REGULATIONS,2026_KBO리그규정.pdf,2026,ARTICLE,제1장 KBO 정규시즌,제28조,비디오 판독,7,9,29,42,OFFICIAL,CONFIRMED,dbc8984788f111d9,"[KBO 리그규정 2026] 제1장 KBO 정규시즌 > 제28조 비디오 판독 (7/9)
8. 양 구단 감독의 비디오 판독 요청
① 하나의 상황에서 두 가지 이상의 플레이에 대한 논란이 발생하였을 경우 양 구단 감독 모두 비디오 판독을 요청할 수 있다.
② 비디오 판독은 요청한 순서에 따라 실시해야 한다. 만약 먼저 비디오 판독된 판정에 대해 심판팀장이 내린 결정이 그 뒤에 판정을 판독할 필요가 없게 된다면 심판팀장은 그 뒤의 비디오 판독을 하지 말아야 한다. 만약 구단에서 요청한 기회가 비디오 판독되지 않았다면 해당 구단 감독의 비디오 판독 요청은 없던 것이 되며 그 구단의 비디오 판독 기회는 유지된다.
③ 만약 양 구단의 비디오 판독 요청이 동시에 일어나지 않았다면, 후에 비디오 판독을 요청하는 구단은 해당 루심과 심판팀장(심판팀장이 해당 루심인 경우 최고 경력을 가진 심판)이 인터컴 장비를 착용하기 전에 요청해야 한다.
하지만 심판팀장의 최초 판정번복에 의해 불리하게 영향을 받은 구단의 감독은 심판팀장에게 같은 플레이 안에서 비디오 판독이 가능한 다른 판정을 비디오 판독해 달라고 요청할 수 있다.
예1) 2사 주자 없는 상황. 타자가 외야로 라인드라이브성 타구를 쳤다.
심판은 이 공이 그라운드에 먼저 바운드 된 후 야수의 글러브로 들어갔다고 판정하고, 이 때 2루까지 진루하려던 타자주자는 2루에서 아웃된다.
수비구단은 타자주자가 2루에서 아웃되며 이닝이 종료되었기 때문에 타자가 타격한 라인드라이브성 타구가 바운드가 먼저 되고 글러브로 들어갔는지 아닌지에 대해 비디오 판독을 요청할 이유가 없다.
하지만 만약 공격구단이 2루에서 타자주자가 태그 아웃된 플레이에 대해 비디오 판독을 요청하고 심판팀장이 이를 번복한다면, 수비구단은 심판팀장의 번복 결정이 내려지는 즉시, 외야에서 타자의 타구가 바운드가 되었는지 아닌지에 대해 비디오 판독을 요청할 수 있다.
예2) 2사 주자 1루 상황. 타자가 외야로 플라이볼을 치고 이 타구는 수비수가 포구하지 못한 것으로 판정된다.
그리고 주자는 3루까지 진루하려는 과정에서 3루에서 아웃이 선언되며 이닝이 종료된다.
공격구단 감독은 3루에서의 플레이에 대해 비디오 판독을 요청하고 심판팀장은 이를 세이프로 번복한다.
그러자 수비구단 감독은 수비수가 포구하지 못했던 외야 플라이에 대해 비디오 판독을 요청하고 심판팀장은 이를 이닝의 3번째 아웃이 되는 플라이 타구라고 번복한다.
이 경우 타자의 플라이 타구가 외야에서 포구되며 3아웃으로 이닝이 종료된 것이기 때문에 3루에서 있었던 플레이에 대한 이전의 비디오 판독은 무의미한 것이 된다. 그러므로 3루에서 있었던 플레이에 대한 이전의 비디오 판독 요청은 무효로 간주된다."
RULE_COMMON_LR_제28조_p8,RULE,LEAGUE_REGULATIONS,2026_KBO리그규정.pdf,2026,ARTICLE,제1장 KBO 정규시즌,제28조,비디오 판독,8,9,29,42,OFFICIAL,CONFIRMED,8ed0c67f2dac2bbb,"[KBO 리그규정 2026] 제1장 KBO 정규시즌 > 제28조 비디오 판독 (8/9)
9. 비디오 판독 후 감독의 결정 비디오 판독으로 인해 판정이 번복되면 플레이 이후 잘못된 판정으로 영향을 받아 내려진 감독의 결정은 무효화된다. 이 경우 감독은 심판팀장이 결정한 내용을 바탕으로 하여 전략적인 결정을 유지하거나 바꿀 수 있다.
예1) 플레이가 이루어진 후 수비구단 감독이 투수교체 사인을 낸 직후 공격구단 감독이 비디오 판독을 요청한다. 비디오 판독 결과 판정이 번복된다. 이 때 심판팀장의 결정이 발표된 후 수비구단 감독은 직전에 이루어졌던 투수교체를 무효화할 수 있다.
예2) 무사 주자 3루 상황. 타자가 투수의 투구에 스윙을 하면서 배트가 포수의 글러브를 쳤고 포수의 방해가 선언된다.
스윙을 하면서 타격한 공은 좌측 외야로 날아가 포구된다.
3루주자는 이 때 태그 업을 하고 아슬아슬하게 홈에서 득점한다.
공식야구규칙 5.05(b)(3)에 따르면 포수의 방해가 선언되었기 때문에 공격구단 감독은 방해 페널티(타자는 1루로 진루권을 얻고 주자는 3루로 돌아간다) 또는 플레이의 결과(타자는 아웃, 3루주자는 득점) 중 선택할 수 있다.
공격구단 감독은 플레이의 결과를 선택하기로 한다.
수비구단 감독은 3루주자가 홈에서 득점했을 때의 판정에 대해 비디오 판독을 신청하고 심판팀장이 최초 판정을 번복해 주자가 홈에서 아웃된다. 심판팀장이 결정한 바에 따라 최종 결과를 알게 되면, 공격구단 감독은 플레이의 결과를 택하기로 했던 최초 결정을 무효화할 수 있다(포수의 방해, 타자의 방해는 비디오 판독 대상이 아님).
10. 비디오 판독의 특수성 감독이 비디오 판독 기회를 사용할 경우 감독은 어느 특정 판정에 대하여 비디오 판독을 원하는 것인지 말해야 한다.
하지만 그 판정이 잘못되었다고 생각하는 이유에 대해선 언급할 필요는 없다.
예) 1루에서 벌어진 포스 플레이의 ‘아웃’에 대하여 비디오 판독을 요청할 때 감독은 ‘송구를 받는 수비수의 발이 베이스에서 떨어졌다, 공이 1루에 닿기 전 주자가 먼저 베이스를 밟았다’ 등의 얘기를 할 필요 없다.
또한 감독의 신청에 포함되지 않은 다른 판정에 대해서는 판독센터에서 비디오 판독을 실시하지 않는다.
예) 주자가 런다운에 걸렸을 때 심판이 수비수가 태그를 못했다고 판정하고 주자의 세이프를 선언한다.
수비구단은 이 최초 판정에 대해 비디오 판독을 신청한다. 심판팀장은 수비수가 주자를 태그하지 못한 것을 재확인했으나 세이프로 선언된 주자가 선행주자에 의해 추월당하는, 공식야구규칙 5.09(b)(9)의 위반을 발견한다. 감독은 오직 태그 플레이에 관해서만 비디오 판독을 요청했기 때문에 심판팀장은 추월주자에 관해 심판이 판정하지 않은 사실을 바로잡을 수 없다(스리피트 위반 여부는 비디오 판독 대상이 아님)."
RULE_COMMON_LR_제28조_p9,RULE,LEAGUE_REGULATIONS,2026_KBO리그규정.pdf,2026,ARTICLE,제1장 KBO 정규시즌,제28조,비디오 판독,9,9,29,42,OFFICIAL,CONFIRMED,8bd34a796c775160,"[KBO 리그규정 2026] 제1장 KBO 정규시즌 > 제28조 비디오 판독 (9/9)
11. 비디오 판독 신청 및 결과는 최종적
① 감독이 심판에게 비디오 판독을 요청하면 이를 철회할 수 없다.
② 심판팀장이 비디오 판독에 의해 결정한 하나 또는 복수의 판정에 대한 판정 유지나 번복, 그리고 주자의 위치 배정 등 필요에 의해 실시된 모든 행위는 최종이고 양 구단에 적용되며 이는 더 이상의 검토나 수정의 대상이 아니다.
③ 비디오 판독이 실시되면 선수단 및 양 구단의 관계자는 더 이상 심판팀장의 결정에 대해 이의를 제기할 수 없다. 이 조항을 위반할 경우 심판은 선수단 및 관계자에게 퇴장을 명한다.
④ 심판팀장이 결정한 판정에 대해서는 제소가 허락되지 않는다. 또한, 여기에 제시된 어떤 규칙이나 절차의 위반도 경기제소의 이유로 허용되지 않는다.
⑤ 비디오 판독이 가능하지 않은 상황(예 : 플레이가 대상이 아니거나, 심판팀장이 비디오 판독 사용 요청을 거부함)에서 감독, 코치 또는 선수가 논란이 되는 판정 결과와 반대되는 내용의 화면을 봤다는 언급을 한다면 이 사람은 경기에서 즉각 퇴장의 대상이 된다.
12. 비디오 판독의 정정 비디오 판독 결과 최초의 판정이 번복된다면, 심판팀장은 처음부터 옳은 판정이 이루어졌을 경우를 가정하고 양 구단이 위치해야 할 상황을 만들도록 정정해야 한다. 또한, 이 규정에 의해서 번복되는 모든 판정에서 나오는 주자의 배치에 대한 결정은 공식야구규칙에서 정한 기준에 따라 심판팀장이 결정한다.
① 주자를 배치할 때는 플라이볼의 깊이, 주자의 스피드, 플레이가 이루어졌을 때 주자의 위치, 아웃카운트, 잘못된 판정이 공격 또는 수비구단 선수들의 이어지는 행동이나 위치에 영향을 끼쳤는지의 여부를 고려해야 한다.
② 심판팀장이 잘못된 판정으로 공격, 수비구단 선수들의 이어지는 행동이나 처신에 영향을 끼치지 않았다고 판단한다면 판정은 바꾸지만 영향 받지 않은 주자들의 위치에 대한 원심은 그대로 유지한다.
③ 심판팀장은 판정이 옳게 내려졌을 경우를 가정하고 구단의 득점을 인정하거나 무효화할 수 있다.
④ 주자의 위치 배정이나 주자 아웃 선언, 득점 및 득점 무효에 대한 심판팀장의 결정은 최종이며 양 구단에 구속력을 갖는다. 이에 대해 논란하거나 항의하는 감독 및 구단 관계자에게는 퇴장을 명한다.
13. 비디오 판독 중계화면의 전광판 상영 비디오 판독시 구단은 전광판에 중계 리플레이 또는 판독화면을 상영할 수 있다.
(2018.3.5 규칙위원회)
14. 공식기록원 심판팀장은 비디오 판독시 공식야구규칙 9.00의 적용과 관련한 모든 결정을 내리는 공식기록원의 권한을 침해해서는 안 된다.
(2017.2.7 개정)
15. 무전기 등 통신 장비 활용 대기심과 심판위원은 경기 중 판정 정확성 향상을 위해 비디오 판독뿐만 아니라 규칙 적용 등과 관련하여 무전기 등 통신 장비를 활용해 상호간 의사소통을 할 수 있다.
(2024.1.24 개정)"
RULE_COMMON_LR_제29조,RULE,LEAGUE_REGULATIONS,2026_KBO리그규정.pdf,2026,ARTICLE,제1장 KBO 정규시즌,제29조,의무,1,1,42,43,OFFICIAL,CONFIRMED,a02fee911f3f09ac,"[KBO 리그규정 2026] 제1장 KBO 정규시즌 > 제29조 의무
홈구단은 경기가 열리는 당일 홈구단 연습 시작 시간(경기 전)부터 경기종료 후 모든 관객이 퇴장할 때까지 다음과 같은 의무 조치를 취하여야 한다.
1. 경기장 내에 의무실 설치
2. 의무실에 의사(또는 응급조치가 가능한 전문가)와 간호사 각 1인 배치
3. 의무실 내에 산소호흡기 및 들것 비치
4. 경기장에서 가장 가까운 곳에 응급후송차량 대기그라운드에서 선수 부상 및 관객 안전사고가 발생할 경우 부상자의 신속한 치료 및 이동을 위하여 응급후송차량의 그라운드 진입이 가능하도록 필요한 조치를 취할 것
5. 응급조치병원 지정
6. 상기사항을 위반할 경우 해당 구단을 제재할 수 있다."
RULE_COMMON_LR_제30조,RULE,LEAGUE_REGULATIONS,2026_KBO리그규정.pdf,2026,ARTICLE,제2장 KBO 와일드카드 결정전,제30조,경기방식,1,1,44,44,OFFICIAL,CONFIRMED,5412f2178137fb26,"[KBO 리그규정 2026] 제2장 KBO 와일드카드 결정전 > 제30조 경기방식
1. KBO 정규시즌 승률 4위구단과 5위구단간에 KBO 와일드카드 결정전 최대 2경기를 거행한다.
최대 2경기 가운데 4위구단이 1승 또는 1무승부를 기록할 경우 4위구단이 KBO 준플레이오프에 진출하고 5위구단은 2승을 기록해야 진출할 수 있다.
2. 연장전에 들어간 경우 정규시즌 5위구단이 15회초 공격을 종료한 시점에서 4위구단의 진출이 결정되면 15회말은 거행하지 않으며, 5위구단이 리드하고 있는 상황에서 4위구단의 15회말 공격 중 동점 또는 역전이 되는 경우 아웃카운트와 상관없이 경기를 종료하는 것으로 한다."
RULE_COMMON_LR_제31조,RULE,LEAGUE_REGULATIONS,2026_KBO리그규정.pdf,2026,ARTICLE,제2장 KBO 와일드카드 결정전,제31조,운영관리,1,1,44,44,OFFICIAL,CONFIRMED,7e88fc898fdc9303,"[KBO 리그규정 2026] 제2장 KBO 와일드카드 결정전 > 제31조 운영관리
KBO 와일드카드 결정전은 KBO가 이를 주관하며, 구장관리는 4위구단이 한다. 이 경기에서 발생하는 KBO 규약 및 공식야구규칙에 정하여지지 않은 모든 사항은 총재가 결정 처리한다."
RULE_COMMON_LR_제32조,RULE,LEAGUE_REGULATIONS,2026_KBO리그규정.pdf,2026,ARTICLE,제2장 KBO 와일드카드 결정전,제32조,경기의 순서 및 변경,1,1,44,44,OFFICIAL,CONFIRMED,b1214cbfa3178800,"[KBO 리그규정 2026] 제2장 KBO 와일드카드 결정전 > 제32조 경기의 순서 및 변경
1. 순서 차전 경기장 1차전 KBO 정규시즌 승률 4위구단 홈구장 2차전
2. 우천, 기타 불가항력의 이유로 연기되거나 또는 정식경기가 되기 전에 중지된 경기는 승률 4위구단 구장에서 순연으로 거행한다."
RULE_COMMON_LR_제33조,RULE,LEAGUE_REGULATIONS,2026_KBO리그규정.pdf,2026,ARTICLE,제2장 KBO 와일드카드 결정전,제33조,경기,1,1,45,45,OFFICIAL,CONFIRMED,cef799e4382e997c,"[KBO 리그규정 2026] 제2장 KBO 와일드카드 결정전 > 제33조 경기
1. 모든 경기진행은 KBO가 관장한다.
2. 출장자격은 KBO 한국시리즈에 준한다.
3. 구장 상태, 일기, 기타 사유로 인한 경기개시 여부는 총재가 이를 결정한다.
4. 입장요금은 KBO 포스트시즌 경기요금에 준한다.
5. 서스펜디드 경기 규정 및 정식경기 성립 기준은 KBO 한국시리즈에 준한다.
(2025.1.14 개정)"
RULE_COMMON_LR_제34조,RULE,LEAGUE_REGULATIONS,2026_KBO리그규정.pdf,2026,ARTICLE,제3장 KBO 준플레이오프,제34조,경기방식,1,1,46,46,OFFICIAL,CONFIRMED,c15d4857074ad47e,"[KBO 리그규정 2026] 제3장 KBO 준플레이오프 > 제34조 경기방식
KBO 정규시즌 승률 3위구단과 KBO 와일드카드 결정전 승리구단간에 3선승제를 거행한다."
RULE_COMMON_LR_제35조,RULE,LEAGUE_REGULATIONS,2026_KBO리그규정.pdf,2026,ARTICLE,제3장 KBO 준플레이오프,제35조,운영관리,1,1,46,46,OFFICIAL,CONFIRMED,b11b7346176e0714,"[KBO 리그규정 2026] 제3장 KBO 준플레이오프 > 제35조 운영관리
KBO 준플레이오프는 KBO가 이를 주관하며, 구장관리는 홈구단이 한다. 이 경기에서 발생하는 KBO 규약 및 공식야구규칙에 정하여지지 않은 모든 사항은 총재가 결정 처리한다."
RULE_COMMON_LR_제36조,RULE,LEAGUE_REGULATIONS,2026_KBO리그규정.pdf,2026,ARTICLE,제3장 KBO 준플레이오프,제36조,경기의 순서 및 변경,1,1,46,46,OFFICIAL,CONFIRMED,4742e84bfc05cd30,"[KBO 리그규정 2026] 제3장 KBO 준플레이오프 > 제36조 경기의 순서 및 변경
1. 순서 차전 경기장 1차전 KBO 정규시즌 승률 3위구단 홈구장 2차전 KBO 정규시즌 승률 3위구단 홈구장 이동일 3차전 KBO 와일드카드 결정전 승리구단 홈구장 4차전 KBO 와일드카드 결정전 승리구단 홈구장 이동일 5차전 KBO 정규시즌 승률 3위구단 홈구장
2. 우천, 기타 불가항력의 이유로 연기되거나 또는 정식경기가 되기 전에 중지된 경기는 예정된 구장에서 순연으로 거행한다.
무승부 경기는 5차전이 끝난 후에 무승부가 발생한 구장에서 이동일 없이 연전으로 거행한다(2무승부 이상 발생시 1일 이동 후 연전으로 거행)."
RULE_COMMON_LR_제37조,RULE,LEAGUE_REGULATIONS,2026_KBO리그규정.pdf,2026,ARTICLE,제3장 KBO 준플레이오프,제37조,경기,1,1,47,47,OFFICIAL,CONFIRMED,8ae38edfed80b183,"[KBO 리그규정 2026] 제3장 KBO 준플레이오프 > 제37조 경기
1. 모든 경기진행은 KBO가 관장한다.
2. 출장자격은 KBO 한국시리즈에 준한다.
3. 구장 상태, 일기, 기타 사유로 인한 경기개시 여부는 총재가 이를 결정한다.
4. 입장요금은 KBO 포스트시즌 경기요금에 준한다.
5. 서스펜디드 경기 규정 및 정식경기 성립 기준은 KBO 한국시리즈에 준한다.
(2025.1.14 개정)"
RULE_COMMON_LR_제38조,RULE,LEAGUE_REGULATIONS,2026_KBO리그규정.pdf,2026,ARTICLE,제4장 KBO 플레이오프,제38조,경기방식,1,1,48,48,OFFICIAL,CONFIRMED,e37785e642f2a9d1,"[KBO 리그규정 2026] 제4장 KBO 플레이오프 > 제38조 경기방식
KBO 정규시즌 승률 2위구단과 KBO 준플레이오프 승리구단간에 3선승제를 거행한다."
RULE_COMMON_LR_제39조,RULE,LEAGUE_REGULATIONS,2026_KBO리그규정.pdf,2026,ARTICLE,제4장 KBO 플레이오프,제39조,운영관리,1,1,48,48,OFFICIAL,CONFIRMED,a3b7cf0fc514a98e,"[KBO 리그규정 2026] 제4장 KBO 플레이오프 > 제39조 운영관리
KBO 플레이오프는 KBO가 이를 주관하며, 구장관리는 홈구단이 한다. 이 경기에서 발생하는 KBO 규약 및 공식야구규칙에 정하여지지 않은 모든 사항은 총재가 결정 처리한다."
RULE_COMMON_LR_제40조,RULE,LEAGUE_REGULATIONS,2026_KBO리그규정.pdf,2026,ARTICLE,제4장 KBO 플레이오프,제40조,경기의 순서 및 변경,1,1,48,48,OFFICIAL,CONFIRMED,a60a202d28c6156b,"[KBO 리그규정 2026] 제4장 KBO 플레이오프 > 제40조 경기의 순서 및 변경
1. 순서 차전 경기장 1차전 KBO 정규시즌 승률 2위구단 홈구장 2차전 KBO 정규시즌 승률 2위구단 홈구장 이동일 3차전 KBO 준플레이오프 승리구단 홈구장 4차전 KBO 준플레이오프 승리구단 홈구장 이동일 5차전 KBO 정규시즌 승률 2위구단 홈구장
2. 우천, 기타 불가항력의 이유로 연기되거나 또는 정식경기가 되기 전에 중지된 경기는 예정된 구장에서 순연으로 거행한다.
무승부 경기는 5차전이 끝난 후에 무승부가 발생한 구장에서 이동일 없이 연전으로 거행한다(2무승부 이상 발생시 1일 이동 후 연전으로 거행)."
RULE_COMMON_LR_제41조,RULE,LEAGUE_REGULATIONS,2026_KBO리그규정.pdf,2026,ARTICLE,제4장 KBO 플레이오프,제41조,경기,1,1,49,49,OFFICIAL,CONFIRMED,1048960833d16af0,"[KBO 리그규정 2026] 제4장 KBO 플레이오프 > 제41조 경기
1. 모든 경기진행은 KBO가 관장한다.
2. 출장자격은 KBO 한국시리즈에 준한다.
3. 구장 상태, 일기, 기타 사유로 인한 경기개시 여부는 총재가 이를 결정한다.
4. 입장요금은 KBO 포스트시즌 경기요금에 준한다.
5. 서스펜디드 경기 규정 및 정식경기 성립 기준은 KBO 한국시리즈에 준한다.
(2025.1.14 개정)"
RULE_COMMON_LR_제42조,RULE,LEAGUE_REGULATIONS,2026_KBO리그규정.pdf,2026,ARTICLE,제5장 KBO 한국시리즈,제42조,경기방식,1,1,50,50,OFFICIAL,CONFIRMED,10d3c616b2708198,"[KBO 리그규정 2026] 제5장 KBO 한국시리즈 > 제42조 경기방식
KBO 정규시즌 우승구단과 KBO 플레이오프 승리구단간에 4선승제를 거행한다."
RULE_COMMON_LR_제43조,RULE,LEAGUE_REGULATIONS,2026_KBO리그규정.pdf,2026,ARTICLE,제5장 KBO 한국시리즈,제43조,운영관리,1,1,50,50,OFFICIAL,CONFIRMED,d92c7b1e1ce39f71,"[KBO 리그규정 2026] 제5장 KBO 한국시리즈 > 제43조 운영관리
KBO 한국시리즈는 KBO가 이를 주관하며, 구장관리는 홈구단이 한다. 이 경기에서 발생하는 KBO 규약 및 공식야구규칙에 정하여지지 않은 모든 사항은 총재가 결정 처리한다."
RULE_COMMON_LR_제44조,RULE,LEAGUE_REGULATIONS,2026_KBO리그규정.pdf,2026,ARTICLE,제5장 KBO 한국시리즈,제44조,경기의 순서 및 변경,1,1,50,51,OFFICIAL,CONFIRMED,dbe633e197f9f8b6,"[KBO 리그규정 2026] 제5장 KBO 한국시리즈 > 제44조 경기의 순서 및 변경
1. 순서 차전 경기장 1차전 KBO 정규시즌 우승구단 홈구장 2차전 KBO 정규시즌 우승구단 홈구장 이동일 3차전 KBO 플레이오프 승리구단 홈구장 4차전 KBO 플레이오프 승리구단 홈구장 5차전 KBO 플레이오프 승리구단 홈구장 이동일 6차전 KBO 정규시즌 우승구단 홈구장 7차전 KBO 정규시즌 우승구단 홈구장 (2020.1.10 ➜ 2025.1.14 개정)
2. 우천, 기타 불가항력의 이유로 연기되거나 또는 정식경기가 되기 전에 중지된 경기는 예정된 구장에서 순연으로 거행한다.
무승부 경기는 7차전이 끝난 후에 이동일 없이 무승부 경기가 발생한 구장에서 거행하고 무승부가 발생한 경기의 홈구단이 당해 구장을 홈으로 사용한다(2무승부 이상 발생시 1일 이동일 후 연전으로 거행).
3. 서스펜디드 경기가 발생하였을 경우에는 다음과 같이 경기를 진행한다.
① 다음 날 동일대진일 경우 - 다음 날 경기 거행 예정 시간에 서스펜디드 경기를 거행 (전체적 일정 1일씩 순연)
② 다음 날 이동일일 경우 - 이동일 경기거행 (전체적 일정 1일씩 순연)
③ 최종 경기일 경우 - 다음 날 또는 이동일 거행(전체적 일정 1일씩 순연)
④ 입장요금
가. 정식경기 성립시 - 환불 없음, 다음날 해당 입장권으로 입장 가능
나. 정식경기 불성립시 - 환불 또는 다음날 해당 입장권으로 입장 가능 (2025.1.14 개정)"
RULE_COMMON_LR_제45조,RULE,LEAGUE_REGULATIONS,2026_KBO리그규정.pdf,2026,ARTICLE,제5장 KBO 한국시리즈,제45조,출장자격,1,1,51,52,OFFICIAL,CONFIRMED,2cb6b0a79a1f4c48,"[KBO 리그규정 2026] 제5장 KBO 한국시리즈 > 제45조 출장자격
1. KBO 한국시리즈에 출장할 수 있는 자격이 있는 선수는 7월 31일 현재 그 구단의 선수로 등록된 자에 한한다.
(단, 7월 31일 이후라도 시즌 종료일까지 소속선수로 등록된 군제대선수 및 8월 15일까지 등록된 외국인선수에 한하여 출장 가능) (2020.12.8 개정)
2. KBO 한국시리즈(KBO 와일드카드 결정전, KBO 준플레이오프, KBO 플레이오프 포함)의 각 경기에 등록할 수 있는 자는 구단당 선수 30명(출장 28명), 감독 1명, 코치 10명으로 하며 매 경기 출장선수 28명 명단을 경기개시 1시간 전에 제출하여야 한다. 감독 또는 코치가 선수를 겸할 경우는 선수수에 포함한다.
(2017.7.25 ➜ 2020.12.8 ➜ 2021.1.28 ➜ 2024.12.16 개정)
3. KBO 한국시리즈에 출장하는 구단은 KBO 한국시리즈 개시 1일 전까지(KBO 와일드카드 결정전, KBO 준플레이오프, KBO 플레이오프 1일 전) 출장자격이 있는 선수, 감독 및 코치의 명단을 총재에게 제출해야 한다. 총재는 명단을 검토 후 해당 구단의 KBO 와일드카드 결정전, KBO 준플레이오프, KBO 플레이오프 및 KBO 한국시리즈 진출이 결정된 후 이를 공시하여야 한다. 총재가 명단을 공시한 후에는 이를 변경할 수 없다.
(2017.7.25 개정)"
RULE_COMMON_LR_제46조,RULE,LEAGUE_REGULATIONS,2026_KBO리그규정.pdf,2026,ARTICLE,제5장 KBO 한국시리즈,제46조,경기,1,1,52,52,OFFICIAL,CONFIRMED,9510cfec28b8c192,"[KBO 리그규정 2026] 제5장 KBO 한국시리즈 > 제46조 경기
1. 모든 경기진행은 KBO가 관장한다.
2. 구단의 여비, 숙박비, 기타 일체의 비용은 해당 구단이 부담한다.
3. 구장 상태, 일기, 기타 사유로 인한 경기개시 여부는 총재가 이를 결정한다.
4. 경기 중 구장 상태, 일기, 기타 사유로 인해 경기 진행이 불가하다고 결정될 경우 노게임 또는 콜드게임이 적용되지 않으며, 일시정지 경기(서스펜디드)를 선언한다.
5. 정식경기는 9회 또는 연장전에서 승패가 결정된 경우 또는 연장전 15회를 마친 경우 성립된다.
(2025.1.14 개정)"
RULE_COMMON_LR_제47조,RULE,LEAGUE_REGULATIONS,2026_KBO리그규정.pdf,2026,ARTICLE,제5장 KBO 한국시리즈,제47조,수입금의 분배,1,1,53,53,OFFICIAL,CONFIRMED,e04b11d74bb912cc,"[KBO 리그규정 2026] 제5장 KBO 한국시리즈 > 제47조 수입금의 분배
KBO 포스트시즌 배당금의 20%를 KBO 정규시즌 우승구단 상금으로 시상하고, 나머지 분배금은 아래의 표와 같이 배당한다.
순위 분배율(%) KBO 한국시리즈 우승 50 KBO 한국시리즈 준우승 24 KBO 플레이오프에서 패한 구단 14 KBO 준플레이오프에서 패한 구단 9 KBO 와일드카드 결정전에서 패한 구단 3 (2017.4.18 개정)"
RULE_COMMON_LR_제48조,RULE,LEAGUE_REGULATIONS,2026_KBO리그규정.pdf,2026,ARTICLE,제5장 KBO 한국시리즈,제48조,입장요금(KBO 포스트시즌 경기),1,1,53,53,OFFICIAL,CONFIRMED,5b0b7201252a1e48,"[KBO 리그규정 2026] 제5장 KBO 한국시리즈 > 제48조 입장요금(KBO 포스트시즌 경기)
KBO 포스트시즌 경기의 입장요금은 별도로 정한다."
RULE_COMMON_LR_제49조,RULE,LEAGUE_REGULATIONS,2026_KBO리그규정.pdf,2026,ARTICLE,제6장 KBO 올스타전,제49조,운영관리,1,1,54,54,OFFICIAL,CONFIRMED,eedfd67c06431bef,"[KBO 리그규정 2026] 제6장 KBO 올스타전 > 제49조 운영관리
KBO 올스타전은 KBO가 이를 주관하며 구장관리는 홈구단이 한다. 이 경기에서 발생하는 KBO 규약 및 공식야구규칙에 정하여지지 않은 모든 사항은 총재가 결정 처리한다."
RULE_COMMON_LR_제50조,RULE,LEAGUE_REGULATIONS,2026_KBO리그규정.pdf,2026,ARTICLE,제6장 KBO 올스타전,제50조,편성,1,1,54,54,OFFICIAL,CONFIRMED,b3fa77964aa38b96,"[KBO 리그규정 2026] 제6장 KBO 올스타전 > 제50조 편성
1. 10개 구단을 드림 올스타와 나눔 올스타로 양분한다.
드림 올스타는 SSG, 삼성, KT, 롯데, 두산 나눔 올스타는 LG, 한화, NC, KIA, 키움
2. 선공은 나눔 올스타로 한다."
RULE_COMMON_LR_제51조,RULE,LEAGUE_REGULATIONS,2026_KBO리그규정.pdf,2026,ARTICLE,제6장 KBO 올스타전,제51조,구성,1,1,54,55,OFFICIAL,CONFIRMED,70167c7bfe87dd62,"[KBO 리그규정 2026] 제6장 KBO 올스타전 > 제51조 구성
1. 각 올스타의 선수 베스트12(지명타자 포함)는 KBO가 위치별로 팬 인기투표와 선수단 투표를 비율로 환산한 최다 득점자가 선발된다. 선임감독은 베스트12를 제외한 13명을 감독추천선수로 지명 선정한다.
2. 양 올스타의 감독 선정은 2025년도 구단 성적 순위 상위구단 (드림 올스타：SSG 랜더스, 나눔 올스타：LG 트윈스)의 감독이 선임되고, 코치(드림 올스타 4명, 나눔 올스타 4명)는 기타 구단의 감독으로 한다.
각 올스타의 구성은 아래와 같다.
구분 드림 올스타 (SSG, 삼성, KT, 롯데, 두산) 나눔 올스타 (LG, 한화, NC, KIA, 키움) 감독 1명 (SSG 감독) 1명 (LG 감독) 코치 4명 (삼성, KT, 롯데, 두산 감독) 4명 (한화, NC, KIA, 키움 감독) 선수 위치 베스트12 추천선수 베스트12 추천선수 투수 3명 7명 3명 7명 포수 1명 2명 1명 2명 내야수 4명 2명 4명 2명 외야수 3명 2명 3명 2명 지명타자 1명 - 1명 - 합계 25명 25명 매니저 각 1명(SSG) 각 1명(LG) 트레이너 기록원 통역 (외국인선수 출전시) 합계 34명 34명 (2019.12.16 개정)"
RULE_COMMON_LR_제52조,RULE,LEAGUE_REGULATIONS,2026_KBO리그규정.pdf,2026,ARTICLE,제6장 KBO 올스타전,제52조,수상자 선출방법,1,1,55,56,OFFICIAL,CONFIRMED,e773388fbea4351a,"[KBO 리그규정 2026] 제6장 KBO 올스타전 > 제52조 수상자 선출방법
미스터 올스타(MVP)는 기자단 투표로 선정하며 기타 부문의 수상자는 기록에 따른다.
미스터 올스타(MVP) - 기자단 투표 우수선수상 2명 - 기록 의거(투수 1명, 타자 1명) 감투상 - 기록 의거 승리감독상 - 승리 올스타팀 감독"
RULE_COMMON_LR_제53조,RULE,LEAGUE_REGULATIONS,2026_KBO리그규정.pdf,2026,ARTICLE,제6장 KBO 올스타전,제53조,세칙,1,1,56,56,OFFICIAL,CONFIRMED,356301e7987e52c1,"[KBO 리그규정 2026] 제6장 KBO 올스타전 > 제53조 세칙
1. 베스트12에 선발된 선수는 반드시 선발로 경기에 출전하여야 하며, 부상 등으로 인하여 출전할 수 없을 경우 감독은 해당 위치의 최다 점수 2위 선수를 대체 출전선수로 선발한다.
2. 연장전은 10회부터 이닝 제한 없이 승부치기를 거행한다.
3. 우천일 경우 순연한다.
(2019.12.16 개정)"
RULE_COMMON_LR_제54조,RULE,LEAGUE_REGULATIONS,2026_KBO리그규정.pdf,2026,ARTICLE,제6장 KBO 올스타전,제54조,경기수당,1,1,56,56,OFFICIAL,CONFIRMED,f1132025eb40857f,"[KBO 리그규정 2026] 제6장 KBO 올스타전 > 제54조 경기수당
1. KBO 올스타전에 출장한 선수, 감독 및 코치에 대하여 1인당 200만원씩 출장수당을 지급하고, 매니저, 트레이너, 덕아웃 기록원, 통역은 1인당 30만원씩 지급한다. 또한, 승리 올스타팀에게는 3천만원의 상금을 수여한다.
(2022.12.13 개정)
2. 선수, 감독 및 코치, 매니저, 트레이너, 덕아웃 기록원, 통역에 대하여 대회기간 30만원(2일분)의 숙식비를 지급한다.
(교통비는 구단 부담) 단, 우천으로 경기가 연기될 경우 해당일 분을 추가로 지급한다."
RULE_COMMON_LR_제55조,RULE,LEAGUE_REGULATIONS,2026_KBO리그규정.pdf,2026,ARTICLE,제6장 KBO 올스타전,제55조,경기장 집합시간,1,1,56,56,OFFICIAL,CONFIRMED,cfefbc9ae4d2257c,"[KBO 리그규정 2026] 제6장 KBO 올스타전 > 제55조 경기장 집합시간
선공 올스타 선수·감독 및 코치는 경기개시 3시간 30분 전에, 후공 올스타 선수·감독 및 코치는 경기개시 2시간 전에 각각 해당 운동장 선수대기실로 집합하여야 한다."
RULE_COMMON_LR_제56조,RULE,LEAGUE_REGULATIONS,2026_KBO리그규정.pdf,2026,ARTICLE,제6장 KBO 올스타전,제56조,대회불참 처벌,1,1,57,57,OFFICIAL,CONFIRMED,f7d8f817b222095b,"[KBO 리그규정 2026] 제6장 KBO 올스타전 > 제56조 대회불참 처벌
KBO 올스타전에 선발된 선수가 경기에 출장하지 않았을 때는 KBO 규약 제28조에 의하여 처벌된다."
RULE_COMMON_LR_제57조,RULE,LEAGUE_REGULATIONS,2026_KBO리그규정.pdf,2026,ARTICLE,제6장 KBO 올스타전,제57조,경기사용구 및 연습구,1,1,57,57,OFFICIAL,CONFIRMED,58557bf9be785e83,"[KBO 리그규정 2026] 제6장 KBO 올스타전 > 제57조 경기사용구 및 연습구
1. 경기사용구는 KBO에서 공급 관리한다.
2. 각 올스타팀에서 사용할 연습구는 감독 소속구단에서 공급한다. 해당 구단은 경기개시 3시간 전까지 운동장 내 대회본부로 연습구 100개를 공급하여야 한다."
RULE_COMMON_LR_제58조,RULE,LEAGUE_REGULATIONS,2026_KBO리그규정.pdf,2026,ARTICLE,제7장 KBO 퓨처스리그,제58조,리그편성,1,1,58,58,OFFICIAL,CONFIRMED,2391823aa7fd265e,"[KBO 리그규정 2026] 제7장 KBO 퓨처스리그 > 제58조 리그편성
북부 : 상무, 한화, LG, SSG, 두산, 고양(히어로즈) 남부 : KT, NC, 롯데, 삼성, KIA, 울산"
RULE_COMMON_LR_제59조,RULE,LEAGUE_REGULATIONS,2026_KBO리그규정.pdf,2026,ARTICLE,제7장 KBO 퓨처스리그,제59조,경기방식,1,1,58,59,OFFICIAL,CONFIRMED,3e4ead6cb7cad300,"[KBO 리그규정 2026] 제7장 KBO 퓨처스리그 > 제59조 경기방식
1. 공식경기 북부리그는 363경기, 남부리그는 363경기씩 총 726경기를 거행한다.
① 북부리그 : 팀당 121경기 (동일리그 구단간 17차전, 인터리그 구단간 6차전)
② 남부리그 : 팀당 121경기 (동일리그 구단간 17차전, 인터리그 구단간 6차전) 북부리그, 남부리그 종료 후 각 리그 1위, 2위 구단은 퓨처스리그 챔피언 결정전 준결승전 및 결승전을 거행한다.
(2025.1.14 ➜ 2025.11.19 개정)
2. 9회까지 승부를 가리지 못할 경우에는 10회부터 12회까지 승부치기를 거행하고, 이후로는 무승부 처리한다.
- 주자 배치 : 1, 2루(타자는 이전 이닝 타순부터 타석에 들어서며, 주자는 선행 타순의 선수를 배치) - 기록 관리 : 이닝 개시 시점에 루상에 배치되어 있는 주자는 실책으로 루에 도달한 것으로 간주. 단, 수비팀 에게 실책을 부여하지 않으며, 이후에 발생하는 상황에 대한 기록은 전부 인정. 승부치기가 벌어 진 이닝의 기록도 공식기록에 포함 (2025.12.15 개정)"
RULE_COMMON_LR_제60조,RULE,LEAGUE_REGULATIONS,2026_KBO리그규정.pdf,2026,ARTICLE,제7장 KBO 퓨처스리그,제60조,경기일정 결정 및 변경,1,1,59,59,OFFICIAL,CONFIRMED,7d73a83b2a1e9745,"[KBO 리그규정 2026] 제7장 KBO 퓨처스리그 > 제60조 경기일정 결정 및 변경
1. KBO 퓨처스리그는 3월부터 9월까지 거행한다.
2. 우천 및 기타 사정으로 연기된 경기는 다음 날 더블헤더를 거행한다.
3. 더블헤더는 1, 2차전 모두 7이닝으로 거행한다. 더블헤더 거행으로 7이닝 경기를 하는 경우 승부치기를 실시하지 않는다.
4. 더블헤더 1차전 경기개시 시간은 11:00이며, 1차전 종료 30분 후 2차전을 거행한다. 1차전 취소시 2차전 경기개시 시간은 13:00로 한다.
5. 3월, 6월, 7월, 8월, 9월에는 더블헤더를 거행하지 않는다.
(2019.11.4 ➜ 2021.12.3 ➜ 2022.12.13 ➜ 2025.1.14➜ 2025.12.15 개정)"
RULE_COMMON_LR_제61조,RULE,LEAGUE_REGULATIONS,2026_KBO리그규정.pdf,2026,ARTICLE,제7장 KBO 퓨처스리그,제61조,홈구단의 경기일정 이행의 책임,1,1,59,59,OFFICIAL,CONFIRMED,5de1b8d57e76eaab,"[KBO 리그규정 2026] 제7장 KBO 퓨처스리그 > 제61조 홈구단의 경기일정 이행의 책임
제1장 제6조 준용"
RULE_COMMON_LR_제62조,RULE,LEAGUE_REGULATIONS,2026_KBO리그규정.pdf,2026,ARTICLE,제7장 KBO 퓨처스리그,제62조,경기불참가에 대한 벌칙,1,1,59,59,OFFICIAL,CONFIRMED,9a2bb25c6a17138b,"[KBO 리그규정 2026] 제7장 KBO 퓨처스리그 > 제62조 경기불참가에 대한 벌칙
제1장 제7조 준용"
RULE_COMMON_LR_제63조,RULE,LEAGUE_REGULATIONS,2026_KBO리그규정.pdf,2026,ARTICLE,제7장 KBO 퓨처스리그,제63조,천재지변 등의 사유로 인한 일정취소 조치,1,1,59,59,OFFICIAL,CONFIRMED,7fdc60b8224347f2,"[KBO 리그규정 2026] 제7장 KBO 퓨처스리그 > 제63조 천재지변 등의 사유로 인한 일정취소 조치
제1장 제8조 준용"
RULE_COMMON_LR_제64조,RULE,LEAGUE_REGULATIONS,2026_KBO리그규정.pdf,2026,ARTICLE,제7장 KBO 퓨처스리그,제64조,경기관리인,1,1,59,59,OFFICIAL,CONFIRMED,00a05bc4b2bbb505,"[KBO 리그규정 2026] 제7장 KBO 퓨처스리그 > 제64조 경기관리인
제1장 제9조 준용"
RULE_COMMON_LR_제65조,RULE,LEAGUE_REGULATIONS,2026_KBO리그규정.pdf,2026,ARTICLE,제7장 KBO 퓨처스리그,제65조,안전보장,1,1,60,60,OFFICIAL,CONFIRMED,e995eb479df7d0d0,"[KBO 리그규정 2026] 제7장 KBO 퓨처스리그 > 제65조 안전보장
제1장 제10조 준용"
RULE_COMMON_LR_제66조,RULE,LEAGUE_REGULATIONS,2026_KBO리그규정.pdf,2026,ARTICLE,제7장 KBO 퓨처스리그,제66조,경기거행 여부의 결정과 경기실시의 권한이,1,1,60,60,OFFICIAL,CONFIRMED,c5cf42d1cee4651f,"[KBO 리그규정 2026] 제7장 KBO 퓨처스리그 > 제66조 경기거행 여부의 결정과 경기실시의 권한이
주심에게 이관되는 시점
1. 일기 또는 그라운드 상태의 불량으로 인한 경기거행 여부는 심판위원이 경기개시 2시간 전에 경기장에서 직접 결정한다.
2. 경기실시의 결정 권한이 주심에게 이관되는 시점은 경기개시 예정 시간으로 한다."
RULE_COMMON_LR_제67조,RULE,LEAGUE_REGULATIONS,2026_KBO리그규정.pdf,2026,ARTICLE,제7장 KBO 퓨처스리그,제67조,심판위원수,1,1,60,60,OFFICIAL,CONFIRMED,23421c09c86635f8,"[KBO 리그규정 2026] 제7장 KBO 퓨처스리그 > 제67조 심판위원수
심판은 4심제(2심 또는 3심제)로 한다."
RULE_COMMON_LR_제68조,RULE,LEAGUE_REGULATIONS,2026_KBO리그규정.pdf,2026,ARTICLE,제7장 KBO 퓨처스리그,제68조,출장자격,1,1,60,61,OFFICIAL,CONFIRMED,d834064a1fa75e1d,"[KBO 리그규정 2026] 제7장 KBO 퓨처스리그 > 제68조 출장자격
1. KBO 퓨처스리그 현역선수 명단(26명)에 등록된 자(상무 포함)
2. KBO 리그 현역선수의 등록이 말소된 선수는 언제든지 KBO 퓨처스리그 현역선수 명단의 등록이 가능하다. 단, KBO 퓨처스리그 현역선수의 등록은 경기시작 90분 전까지 신청할 수 있으며, 말소된 선수는 말소신청 시간부터 KBO 퓨처스리그에 출장할 수 없다.
(2017.1.10 개정) KBO 퓨처스리그 현역선수 명단에 등록되어 있는 선수가 KBO 리그에 등록할 경우 당일 KBO 퓨처스리그와 KBO 리그 경기 모두 출장이 가능하다.
3. 코치 겸 선수, 선수로 등록된 자는 베이스코치의 임무를 담당할 수 없다.
4. 현역선수등록은 26명으로 한다.
단, 현역선수등록 및 말소는 경기개시 90분 전까지만 신청할 수 있으며, 필요시 상대구단 감독 동의하에 30분 전까지 변경 가능하다.
5. 다음 각 호의 어느 하나에 해당하는 선수는 KBO 퓨처스리그 경기에 출장을 할 수 없다.
① KBO 또는 구단의 제재로 인해 경기출장에 제한을 받고 있는 선수
② 해외진출 후 국내 프로구단에 입단하지 않은 상태에서 상무야구단에 입대한 선수 단, 국내 프로구단을 거치지 않고 해외진출한 병역미필선수가 올림픽, 아시안게임, WBC, 프리미어12 대회에 국가대표 선수로 참가한 경우 국내 복귀를 조건으로 상무야구단에 입대하여 KBO 퓨처스리그 경기에 출장하는 것이 가능하다.
또한 해외진출 후 국내 프로구단에 입단하지 않은 선수는 제78조에 따른 퓨처스리그 참가 구단의 선수로 KBO 퓨처스리그 경기에 출장할 수 있다. 단, 선수의 연봉은 규약상 최저 연봉을 적용한다.
(2016.10.11 ➜ 2025.11.19 개정)"
RULE_COMMON_LR_제69조,RULE,LEAGUE_REGULATIONS,2026_KBO리그규정.pdf,2026,ARTICLE,제7장 KBO 퓨처스리그,제69조,경기사용구와 관리,1,1,61,61,OFFICIAL,CONFIRMED,f83d635c44bef3d6,"[KBO 리그규정 2026] 제7장 KBO 퓨처스리그 > 제69조 경기사용구와 관리
홈구단은 경기사용구를 준비하여야 한다."
RULE_COMMON_LR_제70조,RULE,LEAGUE_REGULATIONS,2026_KBO리그규정.pdf,2026,ARTICLE,제7장 KBO 퓨처스리그,제70조,입장요금,1,1,61,61,OFFICIAL,CONFIRMED,f027630e03d64b78,"[KBO 리그규정 2026] 제7장 KBO 퓨처스리그 > 제70조 입장요금
입장요금은 각 구단이 자율적으로 결정하여 시행한다."
RULE_COMMON_LR_제71조,RULE,LEAGUE_REGULATIONS,2026_KBO리그규정.pdf,2026,ARTICLE,제7장 KBO 퓨처스리그,제71조,경기중지에 따른 입장요금 처리,1,1,61,61,OFFICIAL,CONFIRMED,ee9a0c4e4870169e,"[KBO 리그규정 2026] 제7장 KBO 퓨처스리그 > 제71조 경기중지에 따른 입장요금 처리
노게임이 선언되었을 때 동일구장의 다음 경기에 입장할 수 있도록 한다."
RULE_COMMON_LR_제72조,RULE,LEAGUE_REGULATIONS,2026_KBO리그규정.pdf,2026,ARTICLE,제7장 KBO 퓨처스리그,제72조,경기개시 시간,1,1,62,62,OFFICIAL,CONFIRMED,231d54e38ecb62c5,"[KBO 리그규정 2026] 제7장 KBO 퓨처스리그 > 제72조 경기개시 시간
① 전 경기 13:00 (단, 7, 8월 경기가 야간경기로 편성될 경우 18:00에 거행)
② 경기력 향상을 위해 필요시 경기개시 시간을 11:00와 16:00 및 야간경기로 변경하여 거행할 수 있도록 하며, 이동일과 구단 사정으로 시간 변경이 필요한 경우 반드시 해당 경기의 7일 전에 확정하여 KBO에 통보, 사전승인을 받아야 한다. 단, 7, 8월 경기는 3일 전에 KBO에 통보, 사전승인을 받아야 한다.
(2016.3.7 ➜ 2017.1.10 ➜ 2019.3.15 개정)"
RULE_COMMON_LR_제73조,RULE,LEAGUE_REGULATIONS,2026_KBO리그규정.pdf,2026,ARTICLE,제7장 KBO 퓨처스리그,제73조,경기시간 제한,1,1,62,62,OFFICIAL,CONFIRMED,a48cbf64e27b1b89,"[KBO 리그규정 2026] 제7장 KBO 퓨처스리그 > 제73조 경기시간 제한
일몰시간 15분 전에는 새로운 이닝에 들어갈 수 없다."
RULE_COMMON_LR_제74조,RULE,LEAGUE_REGULATIONS,2026_KBO리그규정.pdf,2026,ARTICLE,제7장 KBO 퓨처스리그,제74조,"심판위원, 기록위원의 사고발생으로 인한 임시조치",1,1,62,62,OFFICIAL,CONFIRMED,dd704e4911dc7948,"[KBO 리그규정 2026] 제7장 KBO 퓨처스리그 > 제74조 심판위원, 기록위원의 사고발생으로 인한 임시조치
제1장 제23조 준용"
RULE_COMMON_LR_제75조,RULE,LEAGUE_REGULATIONS,2026_KBO리그규정.pdf,2026,ARTICLE,제7장 KBO 퓨처스리그,제75조,구장질서를 문란케 한 자에 대한 처벌,1,1,62,62,OFFICIAL,CONFIRMED,862958caf2a6728c,"[KBO 리그규정 2026] 제7장 KBO 퓨처스리그 > 제75조 구장질서를 문란케 한 자에 대한 처벌
제1장 제24조 준용"
RULE_COMMON_LR_제76조,RULE,LEAGUE_REGULATIONS,2026_KBO리그규정.pdf,2026,ARTICLE,제7장 KBO 퓨처스리그,제76조,경기제도,1,1,62,62,OFFICIAL,CONFIRMED,c7ccbb1c2073060f,"[KBO 리그규정 2026] 제7장 KBO 퓨처스리그 > 제76조 경기제도
1. 공식야구규칙 7.02 및 용어의 정의 74에 규정된 서스펜디드 경기는 허용되지 않으며 이닝의 도중에서 중단되었을 때는 이닝을 무효로 한다.
2. 퓨처스리그에서는 공식야구규칙 5.11에 규정된 것과 달리 경기 전 제출된 타순표에 지명타자로 기재되어 있는 선수가 KBO 리그 현역선수 등록 등 부득이할 경우 선발투수를 상대로 적어도 한 번의 타격을 하지 않아도 교체가 가능하다.
(2019.1.15 개정)"
RULE_COMMON_LR_제77조,RULE,LEAGUE_REGULATIONS,2026_KBO리그규정.pdf,2026,ARTICLE,제7장 KBO 퓨처스리그,제77조,시상,1,1,63,63,OFFICIAL,CONFIRMED,2d102926c6bf332d,"[KBO 리그규정 2026] 제7장 KBO 퓨처스리그 > 제77조 시상
투수 부문 - 평균자책점상, 승리상 타자 부문 - 타율상, 홈런상, 타점상을 북부, 남부리그로 나누어 시상한다.
(공식야구규칙 9.22에 의거 선정)"
RULE_COMMON_LR_제78조,RULE,LEAGUE_REGULATIONS,2026_KBO리그규정.pdf,2026,ARTICLE,제7장 KBO 퓨처스리그,제78조,퓨처스리그 참가 구단,1,1,63,64,OFFICIAL,CONFIRMED,915c7869e6b36282,"[KBO 리그규정 2026] 제7장 KBO 퓨처스리그 > 제78조 퓨처스리그 참가 구단
1. 정의 및 자격 KBO 회원 구단 및 상무야구단과 별개로, 일정 요건을 갖춰 KBO의 승인을 얻어 퓨처스리그에 참가할 자격을 갖춘 구단을 퓨처스리그 참가 구단이라 한다.
2. 선수 등록 및 승인 퓨처스리그 참가 구단의 선수는 KBO의 퓨처스리그 참가 선수 승인을 거쳐 퓨처스리그 현역선수 명단에 등록될 수 있다.
3. 선수 구성 요건 퓨처스리그 참가 구단은 KBO 신인 드래프트 지명권을 갖지 않으며, 드래프트 미지명 선수, KBO 규약상 자유계약선수, 외국인선수(최대 4명, 연봉, 계약금, 옵션 및 이적료(세금 제외) 등 총액 10만 달러 이하)를 포함하여 출신, 연령, 경력, KBO 드래프트 참가 이력 여부의 제한없이 자율적 선수 선발이 가능하다. 퓨처스리그 참가 구단은 리그의 경쟁력 제고를 위하여 가능한 최상의 전력을 구성하도록 노력하여야 한다. 퓨처스리그 참가 구단은 선수, 감독·계약시 KBO 통일 계약서가 아닌 자체 계약서를 사용한다. 퓨처스리그 참가 구단 선수의 최저 연봉은 KBO 규약에서 정한 선수 최저 연봉을 적용한다.
4. 참가 승인 절차 퓨처스리그 참가 구단은 매년 1월 15일까지 당해 퓨처스리그에 참가할 최소 7인 이상의 코칭스태프 및 35인 이상의 선수단 명단을 KBO에 제출하고 참가 승인을 신청하여야 한다. 이후 추가 및 말소되는 인원에 대해서는 별도로 신청하여야 한다.
KBO는 공정한 리그 운영 및 질서 유지를 위하여 필요하다고 판단되는 경우 등록을 승인하지 않거나, 등록을 말소할 수 있다. KBO는 퓨처스리그 참가 구단이 최소 인원 기준을 충족하지 못하거나, 그 밖에 퓨처스리그 운영에 지장을 초래할 정도로 선수단 구성이 미비하다고 판단되는 경우 해당 연도의 퓨처스리그 참가를 승인하지 않을 수 있다.
5. 선수 이적 퓨처스리그 참가 구단의 선수 중 과거 KBO 드래프트에 참가한 이력이 없는 선수는 KBO 드래프트 참가를 통해서만 KBO 회원 구단에 입단할 수 있다. 퓨처스리그 참가 구단의 선수 중 KBO 드래프트 참가 이력이 있는 선수 또는 외국인선수는 KBO 규약상 양도가능기간(KBO 포스트시즌 종료 후 다음날부터 다음 해 7월 31일 사이)에 KBO 회원 구단으로 이적 입단할 수 있다. 단, 한 시즌(KBO의 해당연도 참가 승인일부터 퓨처스리그 챔피언 결정전 종료 시까지) 동안 KBO 회원 구단으로 이적할 수 있는 최대 인원은 5명으로 제한하며, 이적료는 해당 선수의 연봉을 초과할 수 없다.
6. 상벌에 관한 사항은 KBO 규약 및 KBO 리그 규정을 준용한다.
7. 퓨처스리그 참가 구단과 관련하여 본 조에 정하여지지 않은 사항은 총재가 결정 처리한다.
(2025.11.19 신설)"
RULE_COMMON_LR_APP_고척그라운드룰,RULE,LEAGUE_REGULATIONS,2026_KBO리그규정.pdf,2026,TABLE,부록 고척스카이돔 그라운드룰,APP-고척그라운드룰,고척스카이돔 그라운드룰,1,1,65,65,OFFICIAL,CONFIRMED,480f8d47c5dd81fe,"[KBO 리그규정 2026] 부록 고척스카이돔 그라운드룰 > 고척스카이돔 그라운드룰
구분 / 적용 내용 / 파울지역 / ① 천장(스피커 등 포함)에 맞은 경우 → 파울 / ② 천장(스피커 등 포함)에 낀 경우 → 파울 / ③ 홈베이스 위쪽 천장에 낀 경우 → 파울 / 내야 페어지역 / ① 천장(스피커 등 포함)에 맞고 낙하한 볼을 / 포구 → 아웃 / ② 천장(스피커 등 포함)에 낀 경우 → 볼 데드 / (타자, 주자 → 안전진루권 2개루) / ③ 천장(스피커 등 포함)에 맞고 낙하한 볼을 / 포구하지 못했을 경우 → 인플레이 / 외야 페어지역 / 타구가 천장 상단 3번째 통로(캣워크) 시작점 이후 / 부터 천장 또는 시설물(스피커, 홍보물 등)에 / 맞거나 낀 경우 → 홈런 / 기타 / 천장에 맞거나 낀 경우 등 확인이 필요한 판정에 / 대해서는 횟수와 상관없이 비디오 판독 신청 가능 / (2018.1.24 규칙위원회) / * 내, 외야 페어지역 구분 – 천장 상단 3번째 통로(캣워크) 시작점"
RULE_COMMON_LR_APP_경기관리인명단,RULE,LEAGUE_REGULATIONS,2026_KBO리그규정.pdf,2026,TABLE,부록 2026년 구단별 경기관리인,APP-경기관리인명단,2026년 구단별 경기관리인,1,1,66,66,OFFICIAL,CONFIRMED,81ae0f2b5e95bf87,"[KBO 리그규정 2026] 부록 2026년 구단별 경기관리인 > 2026년 구단별 경기관리인
구단 / 경기관리인 / 경기관리 / 대리인 / 스피드업 / 담당자 / 도핑 담당자 / 경기사용구 / 담당자 / 성명 / 직책 / 성명 / 직책 / 성명 / 직책 / 성명 / 직책 / 성명 / 직책 / LG 차명석단장이진녕팀장최진영팀장박종곤코치임형길책임 / 한화손 혁단장김장백팀장김장백팀장김형욱코치박건후프로 / SSG 김재현단장김명환팀장김명환팀장박진우매니저김주환파트너 / 삼성이종열단장신동걸팀장신동걸팀장염상철코치유재형프로 / NC 임선남단장민동근팀장민동근팀장조대현트레이너김동규매니저 / KT 나도현단장조상수팀장조상수팀장강권민트레이너이정훈과장 / 롯데박준혁단장임채우팀장박진환매니저이대승코치강윤식매니저 / KIA 심재학단장김성호팀장김성호팀장정상옥코치임창현프로 / 두산김태룡단장정재훈팀장박정환수석홍성대수석김준수선임 / 키움허승필단장원강산팀장원강산팀장양상봉팀장이준호대리"
RULE_COMMON_LR_ABS_서두,RULE,LEAGUE_REGULATIONS,2026_KBO리그규정.pdf,2026,APPENDIX,부록 자동 투구 판정 시스템(ABS) 규정,ABS-서두,자동 투구 판정 시스템(ABS) 규정,1,1,67,67,OFFICIAL,CONFIRMED,fbc2b6942b019924,"[KBO 리그규정 2026] 부록 자동 투구 판정 시스템(ABS) 규정 > ABS-서두 자동 투구 판정 시스템(ABS) 규정
심판판정의 공정성, 일관성, 정확성 향상을 위해 아래 규정에 의거하여 자동 투구 판정 시스템(이하 “ABS”)을 도입하고, 주심의 볼·스트라이크 판정을 대체한다."
RULE_COMMON_LR_ABS_1,RULE,LEAGUE_REGULATIONS,2026_KBO리그규정.pdf,2026,APPENDIX,부록 자동 투구 판정 시스템(ABS) 규정,ABS-1,,1,1,67,67,OFFICIAL,CONFIRMED,e403a4a0697b5b5d,"[KBO 리그규정 2026] 부록 자동 투구 판정 시스템(ABS) 규정 > ABS-1
1. ABS 적용 대상 경기
① KBO가 승인한 ABS 장비와 시스템이 설치된 구장에서 개최되는 KBO 리그 경기(시범경기, 정규시즌, 올스타전, 포스트시즌 등)를 대상으로 실시한다.
② KBO는 승인된 대상 경기에서 ABS 판정 결과를 적용하여 투수의 정규-투구에 대한 볼·스트라이크 판정(타자가 투구에 스윙한 경우, 체크스윙 등 제외)을 대체한다.
③ KBO가 승인한 ABS 장비와 시스템이 구장에 설치되지 않았거나 심판이 판단하기에 원활한 운영이 불가능해진 경우 심판은 양 구단 감독에게 이를 즉시 알리고, 해당 경기에서는 ABS 판정 결과를 적용하지 않고 주심의 판단에 따른 볼·스트라이크 판정으로 운영하며 주심의 판정을 최종으로 한다."
RULE_COMMON_LR_ABS_2_3,RULE,LEAGUE_REGULATIONS,2026_KBO리그규정.pdf,2026,APPENDIX,부록 자동 투구 판정 시스템(ABS) 규정,ABS-2~3,,1,1,67,68,OFFICIAL,CONFIRMED,f6a7c7b0fb486ad4,"[KBO 리그규정 2026] 부록 자동 투구 판정 시스템(ABS) 규정 > ABS-2~3
2. ABS 운영
① KBO는 ABS의 운영을 총괄하고 시행세칙을 결정한다.
② ABS 스트라이크 존의 적용 기준은 실행위원회 의결에 따라 결정한다.
③ 선수단과 구단은 원활한 ABS 운영이 이루어질 수 있도록 적극 협조하여야 한다.
④ ABS 판정 결과는 최종적이고 양 구단에 적용되며 이는 검토나 수정의 대상이 아니다. ABS 판정에 대해 선수단 및 양 구단 관계자는 이의를 제기할 수 없다.
⑤ 선수단 또는 구단 관계자가 원활한 ABS 운영에 방해가 되거나 방해할 목적으로 경기운영에 지장을 주는 행위를 하는 경우 해당 선수 또는 관계자는 즉시 퇴장당한다.
⑥ 벤치 및 그라운드에서의 전자기기 등 정보기기 사용 금지 규정에도 불구하고, 선수단 또는 구단 관계자는 KBO가 제공하는 전자기기(태블릿)를 ABS 판정 관련 데이터 확인 및 의견 수렴 목적으로 사용할 수 있다. 단, 불공정 정보 입수, 경기진행 방해 등 다른 목적으로 사용할 수 없으며 태블릿에 제공하는 ABS 관련 데이터를 외부로 유출해서는 안 된다.
⑦ 선수단 또는 구단 관계자가 본 규정에 명시된 사항을 위반할 경우 총재는 경고 처분, 제재금 부과, 출장정지 등 적절한 제재를 부과할 수 있다.
3. ABS 운영요원은 매 경기시작 4시간 전 구장에 도착해 장비, 시스템에 대한 점검을 실시한다. 경기 전 또는 경기 중 장비 결함, 오류, 기타 불가항력적인 상황 등으로 원활한 ABS 운영이 불가능한 경우 ABS 운영요원은 즉시 KBO와 심판진에 이를 통보하며, 주심의 볼·스트라이크 판정으로 대체 운영이 필요할 경우 심판진은 양 구단 감독에게 이를 최대한 즉시 통보하고 경기를 진행한다."
RULE_COMMON_LR_ABS_4,RULE,LEAGUE_REGULATIONS,2026_KBO리그규정.pdf,2026,APPENDIX,부록 자동 투구 판정 시스템(ABS) 규정,ABS-4,,1,1,68,69,OFFICIAL,CONFIRMED,09cac217f3711096,"[KBO 리그규정 2026] 부록 자동 투구 판정 시스템(ABS) 규정 > ABS-4
4. 경기 중 심판이 ABS 운영에 문제가 있다고 판단할 경우 심판은 즉시 볼 데드 선언(단, 심판이 명백한 시스템의 오류라고 판단할시 심판 자체 판정 가능) 및 경기중단 후 ABS 운영요원과 소통하여 문제를 확인하도록 한다. 심판과 ABS 운영요원의 판단 하에 경기에 지장 없이 단순 복구, 해결이 가능한 경우 ABS 복구 후 경기를 재개한다. 이때 최대 중단 시간은 5분으로 한다. 또한 ABS 운영이 중단된 이후 장비, 시스템이 다시 복구되어 원활한 ABS 운영이 가능하다고 ABS 운영요원과 심판진이 판단하는 경우 다음 이닝 교대시부터 심판진이 양 구단 감독에게 이를 통보한 후 ABS 운영을 재개할 수 있다."
RULE_COMMON_LR_ABS_5,RULE,LEAGUE_REGULATIONS,2026_KBO리그규정.pdf,2026,APPENDIX,부록 자동 투구 판정 시스템(ABS) 규정,ABS-5,,1,1,69,69,OFFICIAL,CONFIRMED,a53e1281d891b1b0,"[KBO 리그규정 2026] 부록 자동 투구 판정 시스템(ABS) 규정 > ABS-5
5. ABS 판정 이전, 도중, 이후 후속 플레이가 이어져 진행되는 경우에는 해당 후속 플레이에 대한 최종 심판판정 결과가 나올 때까지 볼 인플레이 상황으로 진행되며, 이후 최종 ABS 판정 또는 심판판정 결과에 따라 심판팀장은 ABS 판정이 처음부터 즉시 옳은 볼·스트라이크 판정이 이루어졌을 경우를 가정하고 양 구단이 위치해야 할 상황을 만들도록 한다. 이때 심판팀장은 공식야구규칙에 의거하여 필요한 주자 재배치, 재구성, 이닝 종료, 득점 인정, 무효화 등을 결정한다. 이에 대한 심판팀장의 결정은 최종이며 양 구단에 구속력을 갖는다. 이에 대해 논란하거나 항의하는 감독 및 구단 관계자에게는 퇴장을 명한다.
(2024.1.24 신설)"
RULE_COMMON_LR_스피드업_서두,RULE,LEAGUE_REGULATIONS,2026_KBO리그규정.pdf,2026,APPENDIX,부록 경기의 스피드업,스피드업-서두,경기의 스피드업,1,1,70,70,OFFICIAL,CONFIRMED,8f10dc9b29e3388b,"[KBO 리그규정 2026] 부록 경기의 스피드업 > 스피드업-서두 경기의 스피드업
경기의 스피드업을 통하여 경기시간을 단축하고, 관객에게 박진감 넘치는 경기를 선사하기 위하여 구단, 감독, 코치, 선수, 심판 및 관계자는 다음 사항을 적극 준수하고 참여한다.
총재는 본 스피드업 규정을 위반하는 경우 해당자에게 경고, 제재금 등의 제재를 부과할 수 있다. 경기 중 적용되는 시간 제한 등의 피치클락과 관련된 규정은 <KBO 피치클락 규정>에서 별도로 다룬다.
(2021.3.16, 2024.1.24 개정)"
RULE_COMMON_LR_스피드업_1,RULE,LEAGUE_REGULATIONS,2026_KBO리그규정.pdf,2026,APPENDIX,부록 경기의 스피드업,스피드업-1,,1,1,70,71,OFFICIAL,CONFIRMED,9d506176d4153dbf,"[KBO 리그규정 2026] 부록 경기의 스피드업 > 스피드업-1
1. 구단
① 심판위원의 판단에 의한 재정에 대하여는 여하한 경우에도 이의를 제기하지 못한다.
② 경기 중 어필은 감독만이 할 수 있으며, 수석코치를 포함한 모든 코치의 동행을 금지한다. 이후 감독 어필이 시비로 인해 길어질 경우 수석코치는 나가서 만류할 수 있으나 어필할 수 없다. 어필할 경우 1차 경고를 실시하고 이후에도 어필이 계속될 경우에는 수석코치에게 퇴장을 명한다.
③ 항의가 3분 이상 계속될 경우 감독에게 1차 경고를 실시하고, 4분이 경과될 경우에는 감독에게 퇴장을 명한다.
(2021.3.16 개정)
④ 감독이 어필 도중 또는 어필 종료 후 선수단을 그라운드에서 일부 또는 전부 철수하는 경우 원활한 경기운영을 저해하는 행위로 감독을 즉시 퇴장시킨다.
(2009.6.29 규칙위원회)
⑤ 공격구단은 작전을 위하여 한 이닝에 2번 이상 타임을 요구할 수 없다.
⑥ 수비구단이 경기 중 타임을 요구하여 투수 마운드에서 작전회의를 할 때에는 30초 이내로 한다.
⑦ 포수가 투수 마운드에 올라가는 횟수는 정규이닝 기준 경기당 2회까지 허용하며 연장전 진행시 1회 추가 허용한다(위반시 포수교체). (2003.11.26 감독자 합의, 2018.3.5 규칙위원회)
⑧ 감독 또는 코치, 포수가 투수 마운드에 올라갔을 경우를 제외하고 2인 이상의 야수가 투수 마운드에 모이는 것을 금지한다.
(2020.12.8 개정)
⑨ 경기가 진행되는 상황에서 야수가 불필요하다고 인정되는 타임을 요구할 때 심판위원은 불응해야 한다.
⑩ 경기 중 경기사용구를 관객에게 던지는 선수에게는 제재금을 과한다.
⑪ 벤치 밖에는 일체 용구를 놓아두지 못한다.
⑫ 경기 중 1,3루 코치의 스톱워치 사용을 금지한다."
RULE_COMMON_LR_스피드업_2,RULE,LEAGUE_REGULATIONS,2026_KBO리그규정.pdf,2026,APPENDIX,부록 경기의 스피드업,스피드업-2,,1,1,71,72,OFFICIAL,CONFIRMED,e2c9d7573a10b82b,"[KBO 리그규정 2026] 부록 경기의 스피드업 > 스피드업-2
2. 공수교대
① 공수교대시 투수와 포수를 제외한 전 선수는 전력 질주한다.
② 전 이닝의 마지막 아웃이 되는 순간부터 다음 이닝 첫 번째 공이 투구될 때까지 걸리는 시간은 2분 10초로 한다. 이닝 교대시간 1분 30초가 경과된 후 주심이 투수와 포수, 대기 타석에 있는 타자에게 수신호로 마지막 연습투구라는 최종 시그널을 준다.
공수교대시 선수가 부상을 입거나 관객난입 등 불가피한 상황으로 이닝 교대시간이 지연되었을 경우에는 예외로 하며, 이때의 이닝 교대시간은 심판 재량으로 한다.
(2021.3.16, 2024.1.24 개정)
③ 수비구단은 이닝 교대시 연습투구 종료와 동시에 라운딩을 시작한다.
④ 포수가 준비하는 동안 보조 포수나 코치가 투수의 웜업을 신속하게 도와준다.
⑤ 클리닝 타임은 4분을 넘기지 않는다.
2분 30초에 심판은 운동장에서 준비한다.
심판 중 1명은 신속한 그라운드 정리를 위하여 관리인을 독려한다."
RULE_COMMON_LR_스피드업_3,RULE,LEAGUE_REGULATIONS,2026_KBO리그규정.pdf,2026,APPENDIX,부록 경기의 스피드업,스피드업-3,,1,1,72,73,OFFICIAL,CONFIRMED,26dcba7a825f936f,"[KBO 리그규정 2026] 부록 경기의 스피드업 > 스피드업-3
3. 투수교체
① 경기 중 투수교체시 해당 투수는 통보와 함께 신속하게 마운드로 이동한다. 이닝 도중 투수교체 시간은 2분 10초이다.
투수의 갑작스런 퇴장 또는 부상으로 투수교체 시간이 지연될 경우에는 예외로 하며, 이때의 투수교체 시간은 심판 재량으로 한다.
(2017.2.2, 2018.3.5 규칙위원회, 2021.3.16, 2024.1.24 개정)
② 감독 또는 코치가 투수 마운드에 올라가는 횟수는 투수교체의 경우를 제외하고 2회까지로 한다(위반시 투수교체).단, 투수가 타구에 맞았거나 부상이 발생했을 경우 감독 또는 코치가 마운드에 올라가는 것은 마운드 방문 횟수에 포함되지 않는다.
- 벤치에서 타임 요청 후 감독 또는 코치가 마운드에 나가 있는 상황에서 포수가 올라갔을 경우 : 감독 또는 코치 1번 - 포수가 타임 요청 후 마운드에 나가 있는 상황에서 감독 또는 코치가 올라갔을 경우 : 감독 또는 코치, 포수 각 1번 마운드 방문시 감독, 코치 또는 선수는 최대한 신속히 움직이며, 각 방문 시간은 30초로 제한한다.
(2001.7.16, 2003.11.26, 2018.3.22 감독자 합의, 2021.3.16, 2023.1.26, 2024.1.24 개정)
③ 한 투수에게 감독 또는 코치가 마운드에 두 번 올라갈 경우 반드시 투수교체가 이루어지는 상황이므로 감독 또는 코치는 즉각 심판위원에게 다음 투수를 통보하고, 등판예정 투수는 감독 또는 코치와 함께 동시에 마운드로 향한다."
RULE_COMMON_LR_스피드업_4,RULE,LEAGUE_REGULATIONS,2026_KBO리그규정.pdf,2026,APPENDIX,부록 경기의 스피드업,스피드업-4,,1,1,73,73,OFFICIAL,CONFIRMED,6feb59aef1e1c268,"[KBO 리그규정 2026] 부록 경기의 스피드업 > 스피드업-4
4. 투수
① 투수는 포수로부터 공을 받으면 투수판을 밟고 사인을 교환하고 즉시 투구하여야 한다.
② 투수는 불필요한 견제구를 자제한다.
③ 투수는 로진을 과다하게 묻히거나, 다른 곳(팔, 모자, 바지 등)에 묻히는 행위를 해서는 안 된다. 또한, 로진을 집어들고 털어내는 행동을 해서는 안 된다. 투수가 이와 같은 행동을 하였을 경우 첫 번째는 경고, 두 번째부터는 볼로 판정한다.
④ 주심은 투구(직구)가 타자의 머리 쪽으로 날아왔을 때 맞지 않더라도 1차로 경고하고, 맞았거나 스쳤을 때에는 고의 여부와 상관없이 투수를 퇴장 조치한다.
⑤ 경기 중에 불필요한 볼 교환을 금지한다. 한 이닝에 투수 1명당 처음 주심이 던져준 새 공을 제외하고 투수의 새 공 교환은 3개까지로 한다(단, 우천시 제외). (2003.11.26, 2006.4.4, 2018.12.10 감독자 합의)
⑥ 감독이 심판에게 고의4구 의사를 전달하는 경우 투수가 별도로 투구하지 않더라도 볼넷으로 인정한다. 이 경우 자동 고의4구임을 전광판을 통해 알린다.
(2018.3.5 규칙위원회)"
RULE_COMMON_LR_스피드업_5_6,RULE,LEAGUE_REGULATIONS,2026_KBO리그규정.pdf,2026,APPENDIX,부록 경기의 스피드업,스피드업-5~6,,1,1,74,74,OFFICIAL,CONFIRMED,2591b5206554e677,"[KBO 리그규정 2026] 부록 경기의 스피드업 > 스피드업-5~6
5. 타자
① 타석에 있는 타자는 덕아웃이나 작전코치의 사인을 보기 위해 타석을 벗어나지 않는다.
② 타석에 들어서는 타자는 2개의 배트를 여분으로 미리 준비한다.
(2018.3.5 규칙위원회)
③ 대기 타석에 나올 수 있는 선수는 타석에 있는 선수의 다음 타자만으로 제한한다.
(2002.7.29 수석코치 합의)
④ 대기타자 및 대타자는 신속하게 타석으로 이동한다.
⑤ 경기 도중 타격용 스프레이는 프레온 가스가 들어있지 않은 제품에 한해서 사용을 허가한다.
⑥ 주심은 타자가 적극적으로 투구를 피하지 않고 고의로 맞았을 경우 해당 타자에게 몸에 맞는 공을 선언하지 않는다.
스트라이크를 맞았을 경우 스트라이크로 선언하고, 볼을 맞았을 경우 볼로 선언한다.
⑦ 타자는 볼넷이나 死구시 보호대 등의 용구를 타석에서 탈착한 후 뛰어서 1루에 출루한다(타자 부상시 제외).(2017.2.2 규칙위원회)
6. 기타
① 경기개시 이후 각종 시상식은 금지된다.
② 스피드업을 위하여 감독, 코치, 선수가 적극 참여한다.
③ 덕아웃과 라커룸에 경기 스피드업 핵심사항을 부착한다."
RULE_COMMON_LR_피치클락_서두,RULE,LEAGUE_REGULATIONS,2026_KBO리그규정.pdf,2026,APPENDIX,부록 KBO 피치클락 규정,피치클락-서두,KBO 피치클락 규정,1,1,75,76,OFFICIAL,CONFIRMED,ab1e0a17ebfa4d14,"[KBO 리그규정 2026] 부록 KBO 피치클락 규정 > 피치클락-서두 KBO 피치클락 규정
<경기의 스피드업>과 함께 경기장 내 카운트다운 타이머(이하 “피치클락”)를 이용해 경기진행 속도를 향상시키기 위해 본 피치클락 규정을 적용한다.
※ KBO 리그에서는 투수판 이탈 제한이 없으며, 투수판 이탈에 해당하는 행위를 하는 경우 피치클락은 재설정된다.
※ 퓨처스리그에서는 타석간 30초를 적용하며, 본 규정 전체에서 33초 대신 30초를 적용한다. 타자의 타임 요청은 1회 허용된다.
피치클락은 다음과 같이 계측이 시작된다.
상황 시작 시간 투구간 (주자 없을 때) 18초 투구간 (주자 있을 때) 23초 타석간 33초 이닝 교대 2분 10초 투수교체 2분 10초 투수는 피치클락의 시간이 만료되기 전까지 타자에게 투구하는 자연스러운 동작을 시작해야 한다. 피치클락이 만료되기 전에 투수가 투구 동작에 들어갈 수 있도록 포수는 피치클락의 잔여시간이 9초가 남은 시점까지 포수석에 위치해야 하며, 타자는 8초 남았을 때까지 양 발을 타석 안에 두고 타격준비자세를 취해야 한다(예 : 투수를 바라보고 곧바로 타격을 취할 수 있는 자세). 투수, 타자, 또는 포수가 이를 위반할 경우 “1. ④ 제재”에 따른 제재를 부과한다.
이닝 교대 또는 투수교체 이후의 첫 투구를 제외하고, 투수는 타자가 타석에 입장해 타격준비자세를 취한 이후에 투구 동작을 시작할 수 있다.
경기의 첫 번째 투구에는 피치클락이 적용되지 않으며, 두 번째 투구부터 적용이 시작된다. 심판은 예정된 시간에 경기를 개시할 수 있도록 반드시 충분한 여유를 갖고 홈 플레이트 앞에 위치하고 있어야 한다."
RULE_COMMON_LR_피치클락_1_p1,RULE,LEAGUE_REGULATIONS,2026_KBO리그규정.pdf,2026,APPENDIX,부록 KBO 피치클락 규정,피치클락-1,,1,4,76,81,OFFICIAL,CONFIRMED,75d54341a72e5f0e,"[KBO 리그규정 2026] 부록 KBO 피치클락 규정 > 피치클락-1 (1/4)
1. 피치클락의 운영 KBO는 경기에서 피치클락을 제어할 계시원을 고용 및 배정한다.
심판은 이닝 교대 관리 등 경기의 모든 운영과 관리에 대한 전적인 책임과 권한이 있다.
① 투구간 시간 [23초 또는 18초] 타석의 초구를 제외하고, 피치클락은 주자 있을 때 23초, 주자 없을 때 18초에서 계측을 시작한다.
a. 계측 시작 : 투수가 공을 소유하고, 홈 플레이트 주위의 흙으로 뒤덮인 원(이하 “더트써클”) 내에 포수 와 타자가 위치했을 때 시작 인플레이 상황인 타석의 각 투구 이후, 투수가 공을 소유하고, 포수와 타자가 더트써클 안에 위치하고, 플레이를 시작할 준비가 되었을 때 계측이 시작된다(예 : 모든 주자가 점유했던 베 이스로 귀루했거나, 루상에서 물러나게 되어 경기장에서 떠났을 때).
b. 계측 종료 : 투구 동작이 시작되었을 때 종료투수가 타자에게 투구하는 자연스러운 동작을 시작할 때 계측이 종료된다(빈 화면 송출).
② 타석간 시간 [33초]
a. 계측 시작 : 직전 상황의 플레이가 종료되었을 때 시작직전 상황의 결과로 이닝이 종료된 경우를 제 외하고, 타석간 시간은 세이프 또는 아웃에 대 한 심판의 최종 판정이나, 또는 플레이가 종료 되었다는 다른 명확한 표시를 계시원이 전달받 았을 때 계측이 시작된다.
[주] 타자주자가 2루에서 타석을 마쳐 보호장비 를 주루코치 및 배트보이/걸에게 전달해야 하는 경우 계측은 타자주자가 장비를 주루 코치 및 배트보이/걸에게 건넨 순간 시작 된다.
b. 계측 종료 : 투구 동작이 시작되었을 때 종료투수가 타자에게 투구하는 자연스러운 동작을 시작할 때 계측이 종료된다(빈 화면 송출).
③ 이닝 교대, 투수교체 시간
a. 계측 시작"
RULE_COMMON_LR_피치클락_1_p2,RULE,LEAGUE_REGULATIONS,2026_KBO리그규정.pdf,2026,APPENDIX,부록 KBO 피치클락 규정,피치클락-1,,2,4,76,81,OFFICIAL,CONFIRMED,f26f302919b5630d,"[KBO 리그규정 2026] 부록 KBO 피치클락 규정 > 피치클락-1 (2/4)
(i) 이닝 교대 시간 [2분 10초] : 이닝의 마지막 아웃이 선언되었을 때 시작 이닝이 종료되는 플레이가 종료되면, 주심은 양 팀 감독의 비디오 판독 요청 여부를 확인한다. 양 팀 감독이 주심에게 판독 요청을 고려하고 있음을 알리지 않으면, 심판은 계시원에게 계측을 시작하라는 신호를 보내고 이닝 교대 시간 계측을 시작한다. 평범한 아웃 또는 비디오 판독 대상이 아닌 판정의 경우 계시원은 세 번째 아웃 판정 직후 즉시 계측을 시작하여 이닝 교대를 개시한다.
(ii) 투수교체 시간 [2분 10초] : 구원투수가 워닝 트랙을 넘어설 때 시작 새로운 투수가 이닝을 시작하거나 이닝 도중 투수교체가 이뤄지는 경우 구원투수가 경기에 투입되기 위해 워닝 트랙을 넘어서는 순간(단, 불펜이 경기장 안에 위치하는 경우에는 불펜을 떠나는 순간) 투수교체 시간에 대한 계측을 시작한다. 계시원이 투수교체를 확인하기에 앞서 이닝 교대 시간 계측이 먼저 시작된 경우 계시원은 구원투수가 워닝 트랙을 밟았을 때 시간이 2분 10초보다 적게 남았다면 2분 10초에서 다시 계측을 시작해야 한다. 이닝 도중 야수가 투수로 등판하는 경우에는 감독 또는 코치의 투수교체 통보와 함께 계측이 시작된다.
[주] 투수는 심판의 신호를 받으면 연습투구를 멈추고 즉시 불펜을 떠나야 한다. 신호를 받았음에도 투수가 지체 없이 불펜을 떠나지 않는 경우 심판은 계측을 시작하라는 신호를 보내야 한다.
b. 광고 송출 시간 보장 이닝 교대 또는 투수교체 후 첫 번째 투구의 경우 적절한 광고 송출이 완료되는 것을 보장하기 위해, 투수는 이닝 교대 또는 투수교체 종료 시점까지 잔여시간이 20초보다 많이 남았을 때는 투구를 위한 동작을 시작해서는 안 된다.
[주] 타자가 타석에 위치해 타격준비자세를 취하고 있고, 잔여시간이 20초 이하인 경우 광고 송출이 완료되지 않았다고 해서 투수가 첫 번째 투구 동작에 들어가는 것을 지연시킬 수 없다. 단, 본 규정에 의거하여 피치클락의 시간이 재설정된 경우 타자가 타석에 입장해 타격준비자세를 취하자마자 첫 번째 투구 동작을 시작할 수 있다.
c. 계측 종료 : 투구 동작이 시작되었을 때 종료투수가 타자에게 투구하는 자연스러운 동작을 시작할 때 계측이 종료된다(빈 화면 송출).
④ 제재 투수, 타자, 포수의 피치클락 규정 위반에 대하여 아래의 제재가 부과된다."
RULE_COMMON_LR_피치클락_1_p3,RULE,LEAGUE_REGULATIONS,2026_KBO리그규정.pdf,2026,APPENDIX,부록 KBO 피치클락 규정,피치클락-1,,3,4,76,81,OFFICIAL,CONFIRMED,28152f48c0cedc7d,"[KBO 리그규정 2026] 부록 KBO 피치클락 규정 > 피치클락-1 (3/4)
a. 투수 : 자동 볼 투수는 타자가 타석에 입장해 투수를 향해 타격준비 자세를 취한 이후 타자에게 투구하는 자연스러운 동 작을 시작해야 한다. 투수가 피치클락의 시간이 만료되기 전에 투구 동작을 시작하지 않거나, 견제 또는 본 규정에 따라 허용되는 기타 투수판 이탈 행위를 하지 않으면 투수는 피치클락 규정 위반으로 심판에 의해 볼이 선언된다. 이때 볼 데드 상황이 되며, 심판이 선언한 볼이 네 번째 볼로서 공식야구규칙 5.05(b)에 따라 타자가 1루로 진루하는 상황 외에는 어떠한 주자도 진루할 수 없다.
[주] 타자가 투수의 투구 동작을 방해하지 않았음에도 투수가 동작에 들어간 이후 공을 타자에게 투구하는데 실패한 경우 보크가 선언된다(주자가 없는 경우 볼 선언).
b. 타자 : 자동 스트라이크 타자는 타석에서 과도한 이점을 얻을 목적으로 타석 입장을 고의로 지체해서는 안 된다. 타자가 피치클 락의 잔여시간이 8초가 남은 시점까지 타석에 입장 해 타격준비자세를 취하지 않으면 즉시 볼 데드 상 황이 되고, 타자는 피치클락 규정 위반으로 심판에 의해 곧바로 스트라이크가 선언된다. 이 때 어떠한 주자도 진루할 수 없다.
[주] 타자의 행동으로 투수의 투구 동작이 방해받았다고 심판이 판단한 경우 타자는 타임을 요청했거나 타석 밖으로 이탈한 것으로 간주된다. 만약 타자가 동일 타석에서 세 차례(퓨처스리그 두 차례) 이상 타임을 요청하면, 타자에게 피치클락 규정 위반이 적용되며, 심판은 스트라이크를 선언한다. 또한 피치클락의 잔여시간이 8초 이하가 남아있는 상태에서 타자가 타임 요청에 대한 심판의 승인 없이 타석 밖으로 이탈한 경우에도 심판은 스트라이크를 선언한다. 단, 타자가 세 번(퓨처스리그 두 번) 이상 타임을 요청하였더라도 타석을 벗어나지 않았다 면, 심판은 스트라이크를 선언하지 않고 타임 요청을 거부할 수 있다.
c. 포수 : 자동 볼 이닝 교대 또는 투수교체 시간이 적용되고 있을 때, 피치클락의 잔여시간이 9초가 남은 시점까지 투수가 연습투구를 마치고 포수는 포수석에 위치해야 한다.
타석간 또는 투구간 시간의 경우에도 포수는 피치클 락의 잔여시간이 9초가 남은 시점까지 포수석에 위 치해야 한다. 이를 위반하는 경우 수비팀은 피치클락 규정 위반으로 심판에 의해 곧바로 볼이 선언된다.
이때 볼 데드 상황이 되며, 심판이 선언한 볼이 네 번째 볼로서 공식야구규칙 5.05(b)에 따라 타자가 1루로 진루하는 상황 외에는 어떠한 주자도 진루할 수 없다.
[주] 피치클락의 잔여시간이 9초 미만일 때 포수가 포수석을 떠나 수비 신호를 보내고자 할 경우 포수가 심판에게 타임을 요청하고 그 요청이 받아들여져야 한다. 퓨처스리그에서는 이때 투수에게 투수판 이탈 1회가 부과된다."
RULE_COMMON_LR_피치클락_1_p4,RULE,LEAGUE_REGULATIONS,2026_KBO리그규정.pdf,2026,APPENDIX,부록 KBO 피치클락 규정,피치클락-1,,4,4,76,81,OFFICIAL,CONFIRMED,278b0e75b37036e2,"[KBO 리그규정 2026] 부록 KBO 피치클락 규정 > 피치클락-1 (4/4)
d. 피치클락 규정 회피 시도 수비팀의 선수나 감독·코치가 고의로 이 규정의 적용을 모면하거나 회피하려고 했다고 심판이 판단한 경우 볼이 선언된다. 공격팀의 선수나 코치가 고의로 이 규정의 적용을 모면하거나 회피하려고 했다고 심판이 판단한 경우 스트라이크가 선언된다. 볼 또는 스트라이크의 선언 이후에는 볼 데드 상황이 되며, 심판이 선언한 볼이 네 번째 볼로서 공식야구규칙 5.05(b)에 따라 타자가 1루로 진루하는 상황 외에는 어떠한 주자도 진루할 수 없다.
총재는 선수와 코칭스태프, 구단 관계자의 피치클락 규정 회피 시도에 대해 구단에게 제재를 부과할 수 있다."
RULE_COMMON_LR_피치클락_2_p1,RULE,LEAGUE_REGULATIONS,2026_KBO리그규정.pdf,2026,APPENDIX,부록 KBO 피치클락 규정,피치클락-2,,1,5,81,88,OFFICIAL,CONFIRMED,7f5ab55b0cbaac99,"[KBO 리그규정 2026] 부록 KBO 피치클락 규정 > 피치클락-2 (1/5)
2. 피치클락 관련 세칙 ※ KBO 리그에서는 투수판 이탈 제한이 없으며, 투수가 투수판 이탈에 해당하는 행위를 하는 경우 피치클락은 재설정된다. 투수판 이탈 제한은 퓨처스리그에서 적용된다.
① 투수판 이탈 제한(견제, 투수판에서 발 빼기 등) 투수가 루상의 주자에 대해 견제를 시도하거나, 견제구를 던지는 시늉을 하거나, 주자가 있을 때 투수판에서 발을 빼는 경우 투수에게 “투수판 이탈”이 부과된다. 피치클락의 잔여시간이 9초 미만이 남았을 때 포수가 포수석을 이탈하거나 아래에 설명된 상황과 조건에서 투수가 새 공을 요청하는 경우에도 투수에게 투수판 이탈이 부과될 수 있다. 주자가 없을 때 투수가 투수판에서 발을 빼는 경우에는 투수판 이탈이 부과되지 않는다. 다만, 이때 심판이 타임을 부여한 상황이 아니라면 주자가 없을 때 발을 빼도 피치클락의 시간을 처음부터 재시작하지 않는다.
a. 투수판 이탈시 피치클락 설정 최소 한 명의 주자가 루상에 있는 경우 투수의 투수판 이탈 직후 계측을 종료한다(빈 화면 송출). 인플레이 상황에서 타자가 타석에 위치할 때 투수판 이탈이 발생할 경우 투수가 공을 소유하고, 포수와 타자가 더트써클 안에 위치하면 23초(주자 있을 때) 또는 18초(주자 없을 때) 계측을 재시작한다.
투수의 견제 시늉 또는 발을 빼는 행위 이후 주자에 대한 견제 시도가 없다면 즉시 23초 계측을 재시작한다.
b. 투수판 이탈 허용 횟수 : 3회 투수가 투수판에서 발을 빼는 행위를 통해 피치클락 규정의 적용을 회피하는 것을 방지하기 위해, 주자가 루상에 있고 진행 중인 타석 동안 진루한 사실이 없다면, 투수에게는 타석당 세 번의 투수판 이탈이 허용된다. 어떠한 이유로든 한 주자가 다른 베이스로 진루하였다면(다른 주자들이 진루하지 않았더라도) 투수의 투수판 이탈 횟수는 초기화된다(즉, 투수는 동일 타석에서 투수판 이탈을 하지 않았던 것으로 간주). 투수판 이탈 횟수는 도루실패, 견제, 투수교체, 서스펜디드 경기 등 다른 어떠한 이유로는 초기화되지 않는다.
c. 동일 타석에서 네 번 이상의 투수판 이탈시 투수가 동일 타석에서 네 번 이상의 투수판 이탈을 기록할 수는 있으나, 해당 플레이 결과로 수비팀에게 다음과 같은 제재가 부과될 수 있다."
RULE_COMMON_LR_피치클락_2_p2,RULE,LEAGUE_REGULATIONS,2026_KBO리그규정.pdf,2026,APPENDIX,부록 KBO 피치클락 규정,피치클락-2,,2,5,81,88,OFFICIAL,CONFIRMED,5abfc930ce1af861,"[KBO 리그규정 2026] 부록 KBO 피치클락 규정 > 피치클락-2 (2/5)
(i) 모든 주자가 안전하게 본래의 베이스로 귀루한 경우 :
투수가 네 번 이상의 투수판 이탈을 기록하고 모든 주자가 본래 점유하던 베이스로 안전하게 귀루(또는 점유 상태 유지)하면, 투수에게 보크가 선언된다.
(ii) 투수판 이탈의 결과로 수비팀이 아웃을 기록한 경우 :
투수가 네 번 이상의 이탈을 기록하고 수비팀이 하나 이상의 주자 아웃을 기록하면, 투수에게 보크가 선언되지 않는다.
(iii) 투수판 이탈의 결과로 최소 하나 이상의 주자가 진루한 경우 : 투수가 네 번 이상의 이탈을 기록하고 하나 이상의 주자가 진루하면(다른 주자들은 진루하지 못하더라도), 투수에게 보크가 선언되지 않는다.
(iv) 투수판 이탈 횟수 초기화 투수가 네 번 이상의 이탈을 기록한 경우 적어도 하나 이상의 주자가 진루하였을 때만 투수판 이탈이 초기화된다(투수가 네 번보다 적은 투수판 이탈을 기록하고 주자가 진루한 경우에도 동일한 규칙이 적용됨).
d. 수비팀의 타임 요청 수비팀(투수, 포수 및 수비수)에서 심판에게 타임을 요청하여 받아들여지면 투수에게 투수판 이탈이 부과된다. 또한, 부상, 구장 내의 외부 물질(불펜이나 관중석에서 날아온 물체 등)에 의한 타임 요청 또는 공식야구규칙 5.09(c) “어필 플레이”에 따라 어필하기 위해 투수가 투수판에서 발을 뺀 경우에는 이탈로 선언되지 않는다.
e. 수비 사인 수비 사인을 보내기 위해 포수가 포수석을 이탈하는 경우 타자가 타석에 입장해 타격준비자세를 취하기 전(피치클락의 잔여시간이 9초가 남은 시점까지) 포수가 포수석을 떠났다면, 투수의 투수판 이탈로 간주되지 않는다. 이 때 계시원은 타이머 재설정 여부와 재설정 방법을 다음과 같이 결정해야 한다.
(i) 포수가 타석간 33초 또는 투구간 23초 계측 중 수비 사인을 보내기 위해 포수석을 벗어났다면, 계측을 종료(빈 화면 송출)하고, 투수가 공을 소유하고 포수가 위치로 복귀하기 시작할 때 피치클락을 23초로 재설정해야 한다.
전술한 내용에도 불구하고 포수가 위치로 복귀하기 시작하고 투수가 공을 소유하고 있을 때 피치클락의 잔여시간이 23초 보다 많이 남아있을 때에는 타이머를 재설정하지 않는다.
(ii) 포수가 투수교체 도중 수비 사인을 보내기 위해 포수석을 벗어났다면, 주자가 있는 상태에서만 투수의 마지막 연습투구가 끝나면 계측을 종료(빈 화면 송출)하고, 투수가 공을 소유하고 포수가 위치로 복귀하기 시작할 때 피치클락을 23초로 재설정한다.
전술한 내용에도 불구하고 포수가 위치로 복귀하기 시작하고 투수가 공을 소유한 시점에 피치클락의 잔여시간이 23초 보다 많이 남아있을 때에는 타이머를 재설정하지 않는다."
RULE_COMMON_LR_피치클락_2_p3,RULE,LEAGUE_REGULATIONS,2026_KBO리그규정.pdf,2026,APPENDIX,부록 KBO 피치클락 규정,피치클락-2,,3,5,81,88,OFFICIAL,CONFIRMED,468fb6b88ad6c03f,"[KBO 리그규정 2026] 부록 KBO 피치클락 규정 > 피치클락-2 (3/5)
f. 새 공 교환 요청 투수의 새 공 교환 요청은 피치클락의 잔여시간이 9초 이상 남았을 때 이루어져야 한다. 피치클락의 잔여시간이 9초 미만 남은 상황에서는 심판의 승인을 받은 후 새 공 교환 요청을 할 수 있다.
그러나 퓨처스리그에서는 피치클락의 잔여시간이 9초 미만의 시간이 남아있을 때의 새 공 교환 요청은 투수판 이탈로 간주된다.
[주] 투수의 적절한 새 공 교환 요청이 이루어졌거나 심판의 볼보이/걸 등에 대한 추가 공 요청이 있었을 경우 심판이 피치클락의 잔여시간이 23초(주자 있을 때) 또는 18초(주자 없을 때) 미만이 남아있을 때 이를 완료하면 피치클락은 재설정되어야 한다. 이 경우 투수가 공을 소유한 채 마운드 흙 위에 위치하거나 플레이를 재개할 준비를 완료하고, 포수와 타자가 더트써클에 위치할 때 23초(주자 있을 때) 또는 18초(주자 없을 때)로 재설정해야 한다.
② 마운드 방문
a. 마운드 방문 시간 : 30초 마운드 방문시 피치클락은 30초로 설정되며, 감독 또는 코치가 덕아웃을 떠나거나 또는 포수가 더트써클을 벗어나고(포수와 상의하기 위해 마운드를 벗어난 투수 포함), 심판이 마운드 방문을 위한 타임 요청을 받아들였을 때 계측을 시작한다. 주심은 피치클락의 잔여시간이 9초가 되면 마운드로 향해 준비한다. 감독 또는 코치가 투수교체 신호를 보내지 않으면 투수를 제외한 마운드 방문 인원은 피치클락이 만료되기 전에 마운드를 떠나야 한다. 감독 또는 코치가 피치클락이 만료되는 시점까지 마운드를 떠나지 않거나 투수교체 신호를 보내지 않는다면, 주심은 마운드 방문을 중단하고 투수를 제외한 마운드 방문 인원에게 제자리로 복귀하거나 투수교체 신호를 보낼 것을 지시해야 한다.
[주] 감독 또는 코치가 이미 진행 중인 마운드 방문에 합류하는 경우 감독·코치가 벤치에서 나올 때 피치클락의 잔여시간이 23초 미만이 남아있으면 피치클락은 재설정된다.
b. 투수를 교체하지 않는 경우 마운드 방문 도중 투수교체가 이루어지지 않는 경우 감독 또는 코치, 포수가 방문을 마치고 마운드 흙을 떠날 때 계측이 종료된다(빈 화면 송출). (공식야구규칙 5.10(l) 참조) 투수가 공을 소유한 채 마운드 흙 위에 위치하거나 플레이를 재개할 준비를 완료하고, 포수와 타자가 더트써클에 위치하며, 경기가 재개될 준비가 되었을 때, 23초(주자 있을 때) 또는 18초(주자 없을 때) 계측이 시작된다.
c. 투수를 교체하는 경우 마운드 방문 도중 감독 또는 코치가 투수교체 신호를 보내는 경우 계측이 종료되고 투수교체 시간 계측이 시작된다. 이때, 감독 또는 코치는 교체 시간 동안 계속해서 마운드에 머무를 수 있다."
RULE_COMMON_LR_피치클락_2_p4,RULE,LEAGUE_REGULATIONS,2026_KBO리그규정.pdf,2026,APPENDIX,부록 KBO 피치클락 규정,피치클락-2,,4,5,81,88,OFFICIAL,CONFIRMED,7591ddd722678a71,"[KBO 리그규정 2026] 부록 KBO 피치클락 규정 > 피치클락-2 (4/5)
d. 이닝 교대 및 투수교체 중 투수와 포수의 대화포수는 피치클락의 잔여시간이 9초가 남은 시점까지만 포수석에 복귀한다면, 별도의 제재 없이 이닝 교대 및 투수교체 시간 동안 마운드에서 투수와 대화할 수 있다. 투수와 대화하기 위해 추가적인 시간이 필요한 경우 포수는 마운드 방문(또는 이미 진행 중인 방문의 연장)을 위해 타임을 요청할 수 있다. 포수가 이를 위해 타임을 요청하는 경우 수비팀은 이닝 교대 또는 투수교체 시간을 위반한 것은 아니지만 마운드 방문 횟수는 차감된다.
e. 부상 관련 마운드 방문시 투수가 타구에 맞았거나 부상이 발생했을 경우 마운드에 올라가는 것은 마운드 방문 횟수에 포함되지 않으며 마운드 방문 계측을 하지 않는다.
f. 심판 재량을 통한 추가 시간 부여 주심은 신체적 질병이나 기타 특수한 상황(예 : 만성 무릎 통증, 호흡기 질환, 선수의 통역 요청)으로 감독 또는 코치의 마운드 방문 시간이 지연되는 경우 재량으로 짧은 추가 시간을 부여할 수 있다.
③ 본 피치클락 규정은 비디오 판독의 대상이 아니다.
④ 볼 데드 상황 심판이 타임을 선언하거나 볼 데드 상황이 발생하면 계측은 종료된다(빈 화면 송출). 이후 (a) 투수가 공을 소유한 채 마운드 흙 위에 위치하거나 플레이를 재개할 준비를 완료하고, (b) 포수와 타자가 더트써클에 위치하며, (c) 모든 야수가 제자리에 위치하고, (d) 모든 주자가 원래의 베이스로 복귀하여, (e) 경기가 재개될 준비가 되었을 때 피치클락 23초(주자 있을 때) 또는 18초(주자 없을 때)로 재설정한다.
⑤ 연습투구
a. 투수는 이닝 교대 또는 투수교체가 완료될 때까지 원하는 만큼의 연습투구를 할 수 있다. 그러나 이닝 교대 또는 투수교체 시간이 33초가 남은 시점까지 마지막 연습투구 동작에 들어가야 한다. 피치클락이 40초 남아있는 시점에서 투수가 연습투구를 마치지 않았다면 심판은 수신호로 마지막 연습투구라는 최종 시그널을 준다.
b. 위반에 따른 제재 특수한 상황이 발생해 추가적인 연습투구가 필요하다고 심판이 판단하지 않는 한, 심판은 피치클락에 33초가 남았을 때 투수가 연습투구를 던지는 것을 멈추도록 지시해야 한다.
투수가 심판의 지시를 무시하고 남은 이닝 교대 또는 투수교체 시간이 33초 미만인 상태에서 추가 연습투구를 시도하면 투수의 피치클락 규정 위반으로 볼을 선언한다.
⑥ 타자의 타임 요청
a. 타자의 타임 횟수 제한 : 타석당 2회(퓨처스리그 1회) 각 타석에서 타자는 두 번까지 타임을 요청하여 수락 받을 수 있으며 요청은 구두로 이루어져야 한다."
RULE_COMMON_LR_피치클락_2_p5,RULE,LEAGUE_REGULATIONS,2026_KBO리그규정.pdf,2026,APPENDIX,부록 KBO 피치클락 규정,피치클락-2,,5,5,81,88,OFFICIAL,CONFIRMED,0c55660c9d62fb4d,"[KBO 리그규정 2026] 부록 KBO 피치클락 규정 > 피치클락-2 (5/5)
b. 타임이 선언되면 계측은 종료되고(빈 화면 송출), 투수가 공을 소유하고 타자가 타석에 복귀하면 피치클락을 23초(주자 있을 때) 또는 18초(주자 없을 때)로 재설정한다. 전술한 내용에도 불구하고 타자가 타석 복귀를 고의로 지연한다고 판단될 경우 심판은 계측을 시작하라는 신호를 보낼 수 있다.
c. 위반에 따른 제재 한 타석에서 타자의 타임 요청이 세 번 이상 이루어진 경우 심판은 자동 스트라이크를 선언한다(퓨처스리그 두 번). 단, 타자가 세 번 이상 타임을 요청하였더라도 타석을 벗어나지 않았다면, 심판은 스트라이크를 선언하지 않고 타임 요청을 거부할 수 있다.
⑦ 구장 내 행사 관련
a. 그라운드 내 행사 등으로 이닝 교대 시간이 연장되는 경우 피치클락은 해당 행사가 종료된 이후에 계측이 시작된다. 이닝 교대 시간이 연장되는 그라운드 내 행사는 총재의 사전 승인을 받아야 한다.
b. 그라운드 내 행사를 포함한 여타 구장 내 행사가 선수의 피치클락 규칙 준수 및 원활한 경기운영을 방해하지 않도록 관리할 책임은 홈구단에게 있다. 구단이 이를 준수하지 않을 경우 제재의 대상이 된다.
⑧ 심판이 공을 교환하거나 홈 플레이트를 닦는 등 경기관리 활동을 수행하는 경우 심판의 작업이 피치클락의 잔여시간이 23초(주자 있을 때) 또는 18초(주자 없을 때) 미만이 남아있을 때 완료되면 피치클락을 재설정해야 한다. 이 경우 투수가 공을 소유한 채 마운드 흙 위에 위치하거나 플레이를 재개할 준비를 완료하고, 포수와 타자가 더트써클 안에 위치하고 있으며, 경기가 재개될 준비가 되었을 때 23초 또는 18초로 재설정한다.
⑨ 불가피한 상황으로 인한 경기 지연 발생시(예 : 부상 또는 기타 응급 상황 발생, 장비 관련 문제 발생, 경기장 또는 경기장 근무 인원 관련 문제 발생, 타자가 투구된 공을 피하기 위해 넘어지는 등 타석을 벗어난 경우, 주자가 베이스에서 물러나 그라운드에서 나오고 있는 경우, 그라운드 내 파울 볼을 회수하는 경우, 심판의 경기운영·관리 활동, 심판과 대화하기 위해 감독이 그라운드에 나온 경우 등), 계시원은 심판의 판단에 따라 경기재개 준비가 완료될 때까지 계측 시작을 지연해야 한다.
만약 플레이가 재개될 준비가 완료되기에 앞서 계측이 먼저 시작된 것으로 심판이 판단하는 경우 심판은 계시원에게 신호하여 피치클락의 시간을 재설정할 수 있다. 이 경우 투수가 공을 소유하고, 포수와 타자가 더트써클 안에 위치하고 있으며, 경기가 재개될 준비가 되었을 때 23초 또는 18초로 재설정한다."
RULE_COMMON_LR_피치클락_3_p1,RULE,LEAGUE_REGULATIONS,2026_KBO리그규정.pdf,2026,APPENDIX,부록 KBO 피치클락 규정,피치클락-3,,1,2,89,90,OFFICIAL,CONFIRMED,8c0129b95ee40d47,"[KBO 리그규정 2026] 부록 KBO 피치클락 규정 > 피치클락-3 (1/2)
3. 기타
① 심판의 권한 본 규정은 공식야구규칙에 따라 경기를 운영·관리하는 심판의 의무와 권한을 변경·제한하지 않는다. 심판은 경기의 운영·관리에 필요한 결정을 내릴 책임과 권한이 있으며, 본 규정에서 구체적으로 다루지 않고 있는 사항에 대해 판정할 권한이 있다.
심판의 권한에 따라 심판은 피치클락의 계측을 시작, 종료 또는 재설정하도록 계시원에게 지시하거나, 피치클락의 계측 시작, 종료 또는 재설정 시기에 관한 계시원의 결정 또는 오류를 철회하거나 수정할 수 있다. 예컨대 심판은 재량에 따라 특수 상황에 따른 조정을 결정할 수 있다(예 : 이닝의 첫 타자가 외야수 또는 포수인 경우, 루상에서 이닝을 마친 포수가 장비 착용 시간이 충분하지 않거나, 부상 또는 의학적 문제로 선수에게 추가적인 시간이 필요한 경우). 이러한 특수 상황이 발생했거나 또는 플레이가 재개될 준비가 완료되기에 앞서 계측이 먼저 시작되었다고 심판이 판단하는 경우 심판은 계시원에게 신호하여 피치클락의 시간을 재설정할 수 있다. 이때 심판은 경기가 재개될 준비가 되었을 때 23초(주자 있을 때) 또는 18초(주자 없을 때)로 재설정하도록 신호를 보내야 한다.
계시원이 피치클락을 규정에 맞게 운영하지 않았다고 판단되는 상황에서는 플레이 중 피치클락 규정 위반이 발생했음에도 불구하고 심판의 판단에 따라 제재를 부과하지 않는 것으로 결정할 수 있다.
피치클락 규정의 운영에 관한 심판의 결정은 최종적이며 양 구단 모두에 대해 구속력을 지닌다. 본 규정에 따른 심판의 결정에 대해 항의하거나 이의를 제기하는 경우 해당 당사자에게 퇴장을 선언한다.
② 장비 오류 발생시 외야 피치클락 또는 두 개의 내야 피치클락에 모두 오류가 나면 모든 피치클락의 작동을 중단하고 본 규정의 제재 적용 없이 경기를 진행한다. 단, (a) 외야 피치클락과 두 개의 내야 피치클락 중 하나가 작동하는 경우 피치클락은 본 규정에 따라 운영되며 제재 역시 부과된다. 또한, (b) 피치클락의 수리가 경기 도중 완료되면 다음 회 초가 시작될 때 피치클락의 사용과 제재 적용을 재개할 수 있다.
③ 구단은 본 규정의 사본을 구단의 전광판 담당자 및 장내 아나운서 등 유관 담당자에게 배포해야 한다."
RULE_COMMON_LR_피치클락_3_p2,RULE,LEAGUE_REGULATIONS,2026_KBO리그규정.pdf,2026,APPENDIX,부록 KBO 피치클락 규정,피치클락-3,,2,2,89,90,OFFICIAL,CONFIRMED,60ce3f88d83b3651,"[KBO 리그규정 2026] 부록 KBO 피치클락 규정 > 피치클락-3 (2/2)
④ 공식야구규칙 5.04(b)(4) “타자석 규칙”을 포함하여 본 피치클락 규정과 상충되는 야구규칙은 적용하지 않는다.
부록 구분 KBO 리그퓨처스리그 투수교체 시간 2분 10초 2분 10초 이닝 교대 시간 2분 10초 2분 10초 타석간 시간 이닝 교체, 투수교체시 마지막 준비 투구 실시 33초 30초 주자 있을시 투구 시간 23초 23초 주자 없을시 투구 시간 18초 18초 포수는 9초가 표기된 시점에 포수석에 위치하고 있어야 함 9초 9초 타자는 8초가 표기된 시점에 타석에 들어서 타격준비를 완료해야 함 8초 8초 투수는 피치클락이 만료되기 전까지 타자에게 투구하는 자연스러운 동작을 시작해야 함 0초 0초 (2024.1.24 ➜ 2025.1.14 ➜ 2025.12.15 개정)"
RULE_COMMON_LR_기록이의신청_1_4,RULE,LEAGUE_REGULATIONS,2026_KBO리그규정.pdf,2026,APPENDIX,부록 기록 이의신청 심의 제도,기록이의신청-1~4,,1,1,91,91,OFFICIAL,CONFIRMED,b2f6912d3f19a33c,"[KBO 리그규정 2026] 부록 기록 이의신청 심의 제도 > 기록이의신청-1~4
1. 기록 이의신청 대상 경기
① 중계가 편성된 KBO 정규시즌 경기에 한해 기록 이의신청 심의 제도를 운영한다.
- 시범경기, 올스타전, 포스트시즌, 퓨처스리그 경기 제외
② 중계가 없는 경우 기록 이의신청 심의를 실시하지 않는다.
③ 중계 영상 화면과 KBO 카메라에 노출되지 않아 심의가 불가능할 경우 기록위원의 판정을 최종으로 한다.
2. 기록 이의신청 심의 장소 및 심의 인원
① 이의신청에 대한 심의는 경기 영상을 참고하여 심의위원회가 다수결 방식으로 진행한다.
② 기록 이의신청 심의는 기록위원장과 비디오 판독위원, 해당 경기운영위원 3인이 참가한다.
3. 기록 이의신청 대상 플레이 - 안타/실책/야수선택에 대한 결정
4. 기록 이의신청 및 기회
① 이의신청은 해당 경기종료 후 24시간 이내에 정해진 양식에 따라 KBO에 서면으로 신청하여야 하며, KBO는 신청 마감일로부터 7일 이내 정정 여부를 통보한다.
② KBO는 이의신청이 있었던 플레이의 기록이 정정되는 경우 해당 구단(선수)에게 기록이 정정되었음을 알린다.
③ 심의 결과는 최종이며, 이는 더 이상의 검토나 수정의 대상이 아니다.
(2022.4.29 ➜ 2026.1.20 개정)"
RULE_COMMON_LR_선수단행동지침_1_11,RULE,LEAGUE_REGULATIONS,2026_KBO리그규정.pdf,2026,APPENDIX,부록 경기 중 선수단 행동 관련 지침,선수단행동지침-1~11,,1,1,92,92,OFFICIAL,CONFIRMED,e7d60e115fa86b16,"[KBO 리그규정 2026] 부록 경기 중 선수단 행동 관련 지침 > 선수단행동지침-1~11
1. 동업자 정신을 망각한 비신사적인 플레이, 고의적 빈볼투구 및 슬라이딩시 발을 높이 드는 행위 등 금지
2. 욕설, 침 뱉는 행위 금지
3. 경기 중 씹는 담배의 휴대 및 사용 금지
4. 경기 중 관객, 심판, 상대구단 선수단에게 위화감과 불쾌감을 주는 언행 금지
5. 경기 중 심판, 상대구단 선수단에게 친목적 태도 금지
6. 덕아웃, 경기장 내에서 유니폼 및 덕아웃자켓 이외 복장 금지(반바지, 슬리퍼 등 착용 자제)
7. 유니폼 착용 후 관객이 볼 수 있는 곳에서의 흡연 금지
8. 끝내기 홈런, 안타 등을 기록한 선수에게 과도한 환대행위 금지(물통, 물병, 쓰레기통 등을 사용하는 행위, 헬멧으로 때리는 행위 등)
9. 헬멧, 모자 등 야구용품에 지나친 개인 편향의 표현 및 특정 종교를 나타내는 표식 금지
10. 경기개시 직전에 애국가가 방송될 때 벤치 내에 있는 선수는 벤치 앞에 나와 정렬하며, 기타 경기장 내에 있는 심판위원과 선수는 모자를 벗고 왼쪽 가슴 위에 손을 얹는다.
연주가 종료될 때까지 개인 돌출행동 금지
11. 과도한 문신의 외부노출 금지"
RULE_COMMON_LR_벌칙내규_서두,RULE,LEAGUE_REGULATIONS,2026_KBO리그규정.pdf,2026,APPENDIX,부록 벌칙내규,벌칙내규-서두,벌칙내규,1,1,93,93,OFFICIAL,CONFIRMED,a7fb94ef0662ad0c,"[KBO 리그규정 2026] 부록 벌칙내규 > 벌칙내규-서두 벌칙내규
※ 총재는 본 KBO의 벌칙내규에 따라 구단, 감독, 코치, 심판위원, 기타 관련 해당자에게 다음과 같이 제재할 수 있다."
RULE_COMMON_LR_벌칙내규_1_2,RULE,LEAGUE_REGULATIONS,2026_KBO리그규정.pdf,2026,APPENDIX,부록 벌칙내규,벌칙내규-1~2,,1,1,93,93,OFFICIAL,CONFIRMED,7a9c8d4d4e06e620,"[KBO 리그규정 2026] 부록 벌칙내규 > 벌칙내규-1~2
1. 구단：경고, 제재금, 기타 경기규칙에 준하여 제재
2. 개인：경고, 유소년야구 봉사활동, 사회봉사활동, 제재금, 출장정지 또는 제재금과 출장정지를 병과하여 제재할 수 있다.
단, 제재금은 본인 부담으로 하며, 해당 연도에 경고를 포함하여 1회 이상 내규를 위반하였을 경우 가중 처벌 함을 원칙으로 한다."
RULE_COMMON_LR_벌칙내규_감독_코치_선수_1_10,RULE,LEAGUE_REGULATIONS,2026_KBO리그규정.pdf,2026,APPENDIX,"부록 벌칙내규 > 감독, 코치, 선수","벌칙내규-감독, 코치, 선수-1~10",,1,1,93,94,OFFICIAL,CONFIRMED,00061343ad8b88c7,"[KBO 리그규정 2026] 부록 벌칙내규 > 감독, 코치, 선수 > 벌칙내규-감독, 코치, 선수-1~10
1. 감독, 코치 또는 선수가 심판위원의 판정에 불복하여 퇴장 당했을 때 제재：경고, 유소년야구 봉사활동, 제재금 100만원 이하, 출장정지 5경기 이하 단, 퇴장시 별다른 이의 없이 즉시 운동장을 떠날 경우 다른 제재는 과하지 않는다.
2. 감독, 코치 또는 선수가 상대편 선수 또는 심판위원을 구타하여 퇴장당했을 때 제재：유소년야구 봉사활동, 제재금 500만원 이하, 출장정지 30경기 이하
3. 감독, 코치 또는 선수가 심한 욕설을 하거나, 폭언을 하여 퇴장당했을 때 제재：경고, 유소년야구 봉사활동, 제재금 100만원 이하
4. 감독, 코치 또는 선수가 빈볼과 폭행 등의 스포츠 정신을 위배하는 행위로 퇴장당했을 때 제재：유소년야구 봉사활동, 제재금 300만원 이하, 출장정지 10경기 이하
5. 감독 또는 코치가 선수의 빈볼투구와 관련 지시 및 행위를 방조하였다고 간주되었을 때 제재：경고, 제재금 300만원 이하, 출장정지 10경기 이하
6. 감독, 코치 또는 선수가 관객과 싸우거나 스탠드에 뛰어들어가서 소란을 피워 퇴장당했을 때 제재：유소년야구 봉사활동, 제재금 300만원 이하, 출장정지 30경기 이하
7. 감독, 코치 또는 선수가 심판판정 불복, 폭행, 폭언, 빈볼, 기타의 언행으로 구장질서를 문란케 하였을 때 제재：유소년야구 봉사활동, 제재금 300만원 이하, 출장정지 30경기 이하
8. 감독, 코치 또는 선수가 경기 중 관객들의 질서문란행위를 선동 또는 야기하였을 때 제재：경고, 유소년야구 봉사활동, 제재금 200만원 이하
9. 감독, 코치가 심판판정에 불만을 품고, 선수단을 경기장에서 철수시키는 등 경기를 고의적으로 지연시켰을 때 제재：제재금 500만원 이하, 출장정지 20경기 이하
10. 감독, 코치 또는 선수가 스포츠윤리 교육, 부정행위·도핑 방지 교육 등 KBO가 주관하는 교육 및 행사에 불참했을 때(단, 총재가 인정하는 특별한 사유가 있을 경우는 예외) 제재 : 제재금 10만원"
RULE_COMMON_LR_벌칙내규_심판위원_1_8,RULE,LEAGUE_REGULATIONS,2026_KBO리그규정.pdf,2026,APPENDIX,부록 벌칙내규 > 심판위원,벌칙내규-심판위원-1~8,,1,1,95,95,OFFICIAL,CONFIRMED,4e03c8ef30c52f96,"[KBO 리그규정 2026] 부록 벌칙내규 > 심판위원 > 벌칙내규-심판위원-1~8
1. 야구규칙 적용을 잘못하였을 때 제재：경고, 제재금 50만원 이하
2. 감독, 코치 또는 선수를 구타하여 질서를 어지럽혔을 때 제재：제재금 500만원 이하, 출장정지 30경기 이하
3. 관객에게 무례한 언사를 사용해 심판위원의 위신을 손상케 하였을 때 제재：경고, 제재금 300만원 이하, 출장정지 10경기 이하
4. 심한 오심이 거듭될 때 제재：경고, 제재금 100만원 이하, 출장정지 10경기 이하
5. 심판위원이 폭행으로 구장질서를 문란케 하였을 때 제재：제재금 300만원 이하, 출장정지 30경기 이하
6. 감독, 코치, 선수 또는 구단 관계자에게 폭언을 하거나 품위를 손상시키는 언행을 하였을 때 제재：경고, 유소년야구 봉사활동, 제재금 200만원 이하
7. 경기 외적인 상황에서 심판위원의 품위를 손상시키는 언행을 하였을 때 제재：경고, 제재금 200만원 이하
8. 구단 사무실 또는 구단 버스에 들어가서 환담을 나누거나 구단 관계자와 친목적인 언행을 하였을 때 또는 구단 관계자, 감독, 코치, 선수로부터 심판위원의 공정한 경기운영 및 판정에 영향을 줄 수 있는 일체의 언행(전화, 문자, 메신저, SNS 등을 포함)이 있었음에도 불구하고 이를 10일 이내에 사무국에 보고하지 않은 때 제재：경고, 제재금 100만원 이하 (2023.1.26 개정)"
RULE_COMMON_LR_벌칙내규_기타_1_5,RULE,LEAGUE_REGULATIONS,2026_KBO리그규정.pdf,2026,APPENDIX,부록 벌칙내규 > 기타,벌칙내규-기타-1~5,,1,1,96,96,OFFICIAL,CONFIRMED,724b86eb68d72fb8,"[KBO 리그규정 2026] 부록 벌칙내규 > 기타 > 벌칙내규-기타-1~5
1. 구단 관계자, 감독, 코치 또는 선수가 심판위원 및 기록위원의 판정을 공개적으로 비난하는 행위를 하였을 때 제재：경고, 유소년야구 봉사활동, 제재금 70만원 이하
2. 구단 관계자, 감독, 코치 또는 선수가 경기종료 후나 경기 중에 기록실과 심판실을 찾아와서 판정에 항의하거나 경기장 기물을 손괴하는 행위를 하였을 때 제재：경고, 유소년야구 봉사활동, 제재금 200만원 이하
3. 구단 관계자, 감독, 코치 또는 선수가 경기종료 후나 경기 중에 기록실과 심판실로 찾아와서 폭행을 하였을 때 제재：경고, 유소년야구 봉사활동, 제재금 500만원 이하, 출장정지 10경기 이하
4. 구단 관계자가 경기 중 관객을 선동하였을 때 제재：경고, 제재금 200만원 이하
5. 구단 관계자, 감독, 코치 또는 선수가 경기 전후에 심판실로 찾아와서 사적인 환담을 나누거나 친목적인 언행을 하였을 때 또는 심판위원의 공정한 경기운영 및 판정에 영향을 줄 수 있는 일체의 언행(전화, 문자, 메신저, SNS 등을 포함)을 하였을 때제재：경고, 제재금 100만원 이하 (2003.3.10 ➜ 2003.12.9 ➜ 2008.2.19 ➜ 2021.10.26 ➜ 2023.1.26 개정)"
RULE_COMMON_LR_표창규정_제1조,RULE,LEAGUE_REGULATIONS,2026_KBO리그규정.pdf,2026,APPENDIX,부록 KBO 표창규정,표창규정-제1조,목적,1,1,97,97,OFFICIAL,CONFIRMED,765802259824bd43,"[KBO 리그규정 2026] 부록 KBO 표창규정 > 표창규정-제1조 목적
이 규정은 KBO 소속구단 및 선수, 심판위원의 표창에 관한 사항을 정한다."
RULE_COMMON_LR_표창규정_제2조,RULE,LEAGUE_REGULATIONS,2026_KBO리그규정.pdf,2026,APPENDIX,부록 KBO 표창규정,표창규정-제2조,표창의 종류,1,1,97,97,OFFICIAL,CONFIRMED,578327280fa4e66c,"[KBO 리그규정 2026] 부록 KBO 표창규정 > 표창규정-제2조 표창의 종류
1. 표창의 종류는 구단표창, 개인표창, KBO 기록상 또는 KBO 기념상으로 나눈다.
2. 구단표창 및 연도 우승구단에 대한 표창
3. 개인표창 및 통산성적에 의한 제5조에 해당하는 선수 및 연도 우수심판위원에 대한 표창
4. KBO 기록상 및 KBO 기념상은 제11조에 정하는 표창을 말한다."
RULE_COMMON_LR_표창규정_제3조,RULE,LEAGUE_REGULATIONS,2026_KBO리그규정.pdf,2026,APPENDIX,부록 KBO 표창규정,표창규정-제3조,표창의 시기 및 장소,1,1,97,97,OFFICIAL,CONFIRMED,17181885b44cd52e,"[KBO 리그규정 2026] 부록 KBO 표창규정 > 표창규정-제3조 표창의 시기 및 장소
1. 구단표창 및 개인표창은 KBO가 적당한 시기와 장소를 결정한다.
2. KBO 기록상 및 KBO 기념상의 표창은 해당 선수(또는 구단)의 홈 그라운드에서 총재가 지정하는 일시에 실시한다."
RULE_COMMON_LR_표창규정_제4조,RULE,LEAGUE_REGULATIONS,2026_KBO리그규정.pdf,2026,APPENDIX,부록 KBO 표창규정,표창규정-제4조,표창방법,1,1,97,97,OFFICIAL,CONFIRMED,bed358967e5fcd20,"[KBO 리그규정 2026] 부록 KBO 표창규정 > 표창규정-제4조 표창방법
1. 구단표창은 표창장 및 트로피 또는 우승기를 수여하며, 개인표창에는 표창장 및 부상으로 기념품을 시상한다.
2. KBO 기록상 및 KBO 기념상은 표창장을 수여하고 부상으로 기념품을 시상한다."
RULE_COMMON_LR_표창규정_제5조,RULE,LEAGUE_REGULATIONS,2026_KBO리그규정.pdf,2026,APPENDIX,부록 KBO 표창규정,표창규정-제5조,개인표창 종목 및 선출방식,1,1,98,98,OFFICIAL,CONFIRMED,54289fd2071143c6,"[KBO 리그규정 2026] 부록 KBO 표창규정 > 표창규정-제5조 개인표창 종목 및 선출방식
표창종목 선출방식 비고 KBO MVP 기자단 투표 한국야구기자회 투표인단 KBO 평균자책점상 기록 의거 제10조 자격 해당자 KBO 승률상 〃 10승 이상 투수 KBO 승리상 〃 KBO 세이브상 〃 KBO 탈삼진상 〃 KBO 홀드상 〃 KBO 타율상 〃 제10조 자격 해당자 KBO 홈런상 〃 KBO 타점상 〃 KBO 득점상 〃 KBO 안타상 〃 KBO 출루율상 〃 제10조 자격 해당자 KBO 장타율상 〃 제10조 자격 해당자 KBO 도루상 〃 KBO 페어플레이상 상벌위원회 선정 KBO 신인상 기자단 투표 한국야구기자회 투표인단 KBO 감독상 기자단 투표 한국야구기자회 투표인단 KBO 심판상 KBO 선정 (2025.1.14 개정)"
RULE_COMMON_LR_표창규정_제6조,RULE,LEAGUE_REGULATIONS,2026_KBO리그규정.pdf,2026,APPENDIX,부록 KBO 표창규정,표창규정-제6조,KBO MVP,1,1,98,98,OFFICIAL,CONFIRMED,67efb7bc2102b7b2,"[KBO 리그규정 2026] 부록 KBO 표창규정 > 표창규정-제6조 KBO MVP
KBO MVP란 KBO 정규시즌에서 기능·정신 양면이 가장 우수하고 품행이 방정하여 타의 모범이 되는 선수에게 시상한다."
RULE_COMMON_LR_표창규정_제7조,RULE,LEAGUE_REGULATIONS,2026_KBO리그규정.pdf,2026,APPENDIX,부록 KBO 표창규정,표창규정-제7조,KBO 신인상,1,1,99,99,OFFICIAL,CONFIRMED,5dc40db6d1521215,"[KBO 리그규정 2026] 부록 KBO 표창규정 > 표창규정-제7조 KBO 신인상
1. KBO 신인상이란 해당 연도의 KBO 정규시즌에서 신인선수로 출장하여 기능·정신 양면에서 가장 우수하여 타의 모범이 되는 선수에게 시상한다.
2. 전 항의 신인선수란 KBO 소속구단의 선수로서 다음과 같은 누계 출장수를 초과하지 않은 자에 한한다.
5년 이내(당해 연도 제외) 투수는 30회 이내(당해 연도 제외) 타자는 60타석 이내(당해 연도 제외) 단, 외국 프로야구 기구에 소속되었던 선수는 신인선수에서 제외된다."
RULE_COMMON_LR_표창규정_제8조,RULE,LEAGUE_REGULATIONS,2026_KBO리그규정.pdf,2026,APPENDIX,부록 KBO 표창규정,표창규정-제8조,KBO 페어플레이상,1,1,99,99,OFFICIAL,CONFIRMED,f75dd98210fe9ce1,"[KBO 리그규정 2026] 부록 KBO 표창규정 > 표창규정-제8조 KBO 페어플레이상
KBO 페어플레이상이란 KBO 정규시즌에서 스포츠 정신에 입각한 진지한 경기태도와 판정승복으로 타의 모범이 되어 KBO 리그 이미지 향상에 기여한 선수에게 시상한다."
RULE_COMMON_LR_표창규정_제9조,RULE,LEAGUE_REGULATIONS,2026_KBO리그규정.pdf,2026,APPENDIX,부록 KBO 표창규정,표창규정-제9조,KBO 심판상,1,1,99,99,OFFICIAL,CONFIRMED,cc7dcffa65e57c41,"[KBO 리그규정 2026] 부록 KBO 표창규정 > 표창규정-제9조 KBO 심판상
KBO 심판상이란 정확한 판정기술과 명확한 표현력, 엄정한 태도에 따른 원활한 경기운영능력, 분쟁처리능력 등을 종합 겸비한 심판에게 시상한다."
RULE_COMMON_LR_표창규정_제10조,RULE,LEAGUE_REGULATIONS,2026_KBO리그규정.pdf,2026,APPENDIX,부록 KBO 표창규정,표창규정-제10조,자격,1,1,99,100,OFFICIAL,CONFIRMED,76c243908b0e5a30,"[KBO 리그규정 2026] 부록 KBO 표창규정 > 표창규정-제10조 자격
1. 개인표창 종목 중 규정투구횟수 및 규정타석수는 공식야구규칙에 따른다.
2. 공식야구규칙에서 정하는 규정투구횟수 및 규정타석수가 실정에 맞지 아니할 때에는 당해 연도 KBO 리그의 개시 전에 이사회의 결의에 의하여 기준을 정할 수 있다.
3. 개인표창 종목 중 고의적 기록 작성으로 인한 타이틀 획득시 시상을 제한할 수 있다."
RULE_COMMON_LR_표창규정_제11조,RULE,LEAGUE_REGULATIONS,2026_KBO리그규정.pdf,2026,APPENDIX,부록 KBO 표창규정,표창규정-제11조,KBO 기록상 및 KBO 기념상,1,1,100,100,OFFICIAL,CONFIRMED,a774757a27628510,"[KBO 리그규정 2026] 부록 KBO 표창규정 > 표창규정-제11조 KBO 기록상 및 KBO 기념상
1. KBO 기록상은 총재가 표창하는 것이 적당하다고 인정한 한국 신기록을 수립한 선수 또는 구단에게 수여한다.
2. KBO 기념상은 다음과 같이 각 호에 해당하는 기록을 수립한 자에게 수여한다.
① 1천안타(및 500을 증가하는 단위)
② 1천득점(및 500을 증가하는 단위)
③ 1백호홈런(및 100을 증가하는 단위)
④ 2천루타(및 500을 증가하는 단위)
⑤ 1천타점(및 500을 증가하는 단위)
⑥ 4백도루(및 50을 증가하는 단위)
⑦ 1천경기 출장(및 500을 증가하는 단위)
⑧ 사이클링 안타
⑨ 1백승리투수(및 50을 증가하는 단위)
⑩ 1백세이브투수(및 50을 증가하는 단위)
⑪ 1천탈삼진(및 500을 증가하는 단위)
⑫ 2천이닝투구(및 500을 증가하는 단위)
⑬ 투수 5백경기 출장(및 100을 증가하는 단위)
⑭ 무안타 무득점경기 투수(9회 이상 완투)
⑮ 완전경기(9회 이상 완투)
⑯ 1백홀드(및 100을 증가하는 단위)
⑰ 심판위원·기록위원 1천경기 출장(및 500을 증가하는 단위)
⑱ 감독 500승(및 100을 증가하는 단위)
⑲ 기타 총재가 표창하는 것이 적당하다고 인정하는 자 (2024.12.16 개정)"
RULE_COMMON_LR_표창규정_제12조,RULE,LEAGUE_REGULATIONS,2026_KBO리그규정.pdf,2026,APPENDIX,부록 KBO 표창규정,표창규정-제12조,홀드규정,1,1,101,101,OFFICIAL,CONFIRMED,2de8002c6e07f084,"[KBO 리그규정 2026] 부록 KBO 표창규정 > 표창규정-제12조 홀드규정
1. 세이브규정에 준해 해당 조건을 갖추면서 도중에 물러난 투수에게 ｢홀드1｣을 준다.
2. 조건만 충족하면, 여러명의 투수에게도 ｢홀드1｣을 준다.
3. 위의 조건만 충족하면, 그 다음의 후속투수가 점수를 내주어 동점 및 역전이 되었다고 해도 ｢홀드1｣을 준다.
단, 이닝 도중에 주자를 남겨 놓고 물러난 때에는 그 주자가 후속투수에 의해 동점 및 역전이 되었다면 제외한다.
4. 승리투수, 패전투수에게는 홀드를 주지 않는다."
RULE_COMMON_LR_표창규정_제13조,RULE,LEAGUE_REGULATIONS,2026_KBO리그규정.pdf,2026,APPENDIX,부록 KBO 표창규정,표창규정-제13조,KBO 수비상,1,1,101,101,OFFICIAL,CONFIRMED,24deeba7bc88a0ed,"[KBO 리그규정 2026] 부록 KBO 표창규정 > 표창규정-제13조 KBO 수비상
KBO 수비상이란 KBO 정규시즌에서 가장 뛰어난 수비능력을 발휘한 각 포지션별 1명(총 9명)의 선수에게 시상하는 상이다. 수상자는 수비기록과 투표인단의 투표로 선정하며, 별도로 시상한다.
(2022.12.13 신설)"
RULE_COMMON_LR_표창규정_제14조,RULE,LEAGUE_REGULATIONS,2026_KBO리그규정.pdf,2026,APPENDIX,부록 KBO 표창규정,표창규정-제14조,KBO 골든글러브상,1,1,101,101,OFFICIAL,CONFIRMED,d8eb3f9036b62173,"[KBO 리그규정 2026] 부록 KBO 표창규정 > 표창규정-제14조 KBO 골든글러브상
각 연도의 수비, 공격, 인기도를 종합한 수상자를 투표인단이 선정한다.
시상일은 12월 두 번째 화요일로 한다."
RULE_COMMON_LR_표창규정_제15조,RULE,LEAGUE_REGULATIONS,2026_KBO리그규정.pdf,2026,APPENDIX,부록 KBO 표창규정,표창규정-제15조,제3자로부터의 표창,1,1,101,101,OFFICIAL,CONFIRMED,49c3e0f5ce4f6e63,"[KBO 리그규정 2026] 부록 KBO 표창규정 > 표창규정-제15조 제3자로부터의 표창
KBO 이외의 제3자가 구단표창, 개인표창, KBO 기록상 또는 KBO 기념상에 대하여 부상을 수여할 수 있다.
단, 그 행위가 KBO의 위신을 실추하거나 또는 현저한 상업 목적으로 편중될 경우에는 이를 인정하지 않는다.
이의 결정은 총재가 한다."
RULE_COMMON_LR_표창규정_제16조,RULE,LEAGUE_REGULATIONS,2026_KBO리그규정.pdf,2026,APPENDIX,부록 KBO 표창규정,표창규정-제16조,표창비,1,1,102,102,OFFICIAL,CONFIRMED,4d33e58c97cee131,"[KBO 리그규정 2026] 부록 KBO 표창규정 > 표창규정-제16조 표창비
각 KBO 리그의 표창에 소요되는 제비용은 KBO 예산 및 협찬으로 충당한다."
RULE_COMMON_LR_표창규정_제17조,RULE,LEAGUE_REGULATIONS,2026_KBO리그규정.pdf,2026,APPENDIX,부록 KBO 표창규정,표창규정-제17조,규정의 개정,1,1,102,102,OFFICIAL,CONFIRMED,3def3b6ed7e2f384,"[KBO 리그규정 2026] 부록 KBO 표창규정 > 표창규정-제17조 규정의 개정
이 규정의 개정은 실행위원회의 의결에 따른다."
