record_id,stadium_code,stadium_name,home_team,store_facility,zone_location,floor,side,in_stadium_flag,evidence_type,evidence_subtype,source,source_url,verified_at,status,notes,content,source_title,source_location,listing_url,food_category,source_entry_type
SC_FOOD_CHANGWON_001,CHANGWON,창원 NC 파크,NC,구슬아이스크림,1루 1층,1층,1루,Y,UNOFFICIAL,COMMUNITY_SEATVIEW,myseatcheck.com (자리어때),https://myseatcheck.com/창원nc파크-먹거리-1루-1층-구슬아이스크림/,2026-10-07,DETAIL_CHECKED,외부 표기 포함 내부 먹거리 분류. 표시 핀은 실제 매장 좌표 아님. 현재 영업·메뉴 미확인,[창원 NC 파크] 구슬아이스크림 / 111블럭 복도 / 1루 1층 / CAFE / 매장 상세 위치: https://myseatcheck.com/창원nc파크-먹거리-1루-1층-구슬아이스크림/,구슬아이스크림 (111블럭 복도),111블럭 복도,https://myseatcheck.com/창원nc파크-먹거리-1루-1층/,CAFE,store
SC_FOOD_CHANGWON_002,CHANGWON,창원 NC 파크,NC,만재네,1루 1층,1층,1루,Y,UNOFFICIAL,COMMUNITY_SEATVIEW,myseatcheck.com (자리어때),https://myseatcheck.com/창원nc파크-먹거리-1루-1층-만재네/,2026-10-07,DETAIL_CHECKED,외부 표기 포함 내부 먹거리 분류. 표시 핀은 실제 매장 좌표 아님. 현재 영업·메뉴 미확인,[창원 NC 파크] 만재네 / 101블럭 복도 / 1루 1층 / FOOD / 매장 상세 위치: https://myseatcheck.com/창원nc파크-먹거리-1루-1층-만재네/,만재네 (101블럭 복도),101블럭 복도,https://myseatcheck.com/창원nc파크-먹거리-1루-1층/,FOOD,store
SC_FOOD_CHANGWON_003,CHANGWON,창원 NC 파크,NC,반올림피자,1루 1층,1층,1루,Y,UNOFFICIAL,COMMUNITY_SEATVIEW,myseatcheck.com (자리어때),https://myseatcheck.com/창원nc파크-먹거리-1루-1층-반올림피자/,2026-10-07,DETAIL_CHECKED,외부 표기 포함 내부 먹거리 분류. 표시 핀은 실제 매장 좌표 아님. 현재 영업·메뉴 미확인,[창원 NC 파크] 반올림피자 / 103블럭 복도 / 1루 1층 / FOOD / 매장 상세 위치: https://myseatcheck.com/창원nc파크-먹거리-1루-1층-반올림피자/,반올림피자 (103블럭 복도),103블럭 복도,https://myseatcheck.com/창원nc파크-먹거리-1루-1층/,FOOD,store
SC_FOOD_CHANGWON_004,CHANGWON,창원 NC 파크,NC,버터구이오징어,1루 1층,1층,1루,Y,UNOFFICIAL,COMMUNITY_SEATVIEW,myseatcheck.com (자리어때),https://myseatcheck.com/창원nc파크-먹거리-1루-1층-버터구이오징어/,2026-10-07,DETAIL_CHECKED,외부 표기 포함 내부 먹거리 분류. 표시 핀은 실제 매장 좌표 아님. 현재 영업·메뉴 미확인,[창원 NC 파크] 버터구이오징어 / 107블럭 복도 / 1루 1층 / FOOD / 매장 상세 위치: https://myseatcheck.com/창원nc파크-먹거리-1루-1층-버터구이오징어/,버터구이오징어 (107블럭 복도),107블럭 복도,https://myseatcheck.com/창원nc파크-먹거리-1루-1층/,FOOD,store
SC_FOOD_CHANGWON_005,CHANGWON,창원 NC 파크,NC,빙동댕,1루 1층,1층,1루,Y,UNOFFICIAL,COMMUNITY_SEATVIEW,myseatcheck.com (자리어때),https://myseatcheck.com/창원nc파크-먹거리-1루-1층-빙동댕/,2026-10-07,DETAIL_CHECKED,외부 표기 포함 내부 먹거리 분류. 표시 핀은 실제 매장 좌표 아님. 현재 영업·메뉴 미확인,[창원 NC 파크] 빙동댕 / 111블럭 복도 / 1루 1층 / CAFE / 매장 상세 위치: https://myseatcheck.com/창원nc파크-먹거리-1루-1층-빙동댕/,빙동댕 (111블럭 복도),111블럭 복도,https://myseatcheck.com/창원nc파크-먹거리-1루-1층/,CAFE,store
SC_FOOD_CHANGWON_006,CHANGWON,창원 NC 파크,NC,"생맥주, 안주",1루 1층,1층,1루,Y,UNOFFICIAL,COMMUNITY_SEATVIEW,myseatcheck.com (자리어때),https://myseatcheck.com/창원nc파크-먹거리-1루-1층-생맥주-안주/,2026-10-07,DETAIL_CHECKED,외부 표기 포함 내부 먹거리 분류. 표시 핀은 실제 매장 좌표 아님. 현재 영업·메뉴 미확인,"[창원 NC 파크] 생맥주, 안주 / 106블럭 복도 / 1루 1층 / FOOD / 매장 상세 위치: https://myseatcheck.com/창원nc파크-먹거리-1루-1층-생맥주-안주/","생맥주, 안주 (106블럭 복도)",106블럭 복도,https://myseatcheck.com/창원nc파크-먹거리-1루-1층/,FOOD,store
SC_FOOD_CHANGWON_007,CHANGWON,창원 NC 파크,NC,"생맥주, 안주",1루 1층,1층,1루,Y,UNOFFICIAL,COMMUNITY_SEATVIEW,myseatcheck.com (자리어때),https://myseatcheck.com/창원nc파크-먹거리-1루-1층-생맥주-안주-110/,2026-10-07,DETAIL_CHECKED,외부 표기 포함 내부 먹거리 분류. 표시 핀은 실제 매장 좌표 아님. 현재 영업·메뉴 미확인,"[창원 NC 파크] 생맥주, 안주 / 110블럭 복도 / 1루 1층 / FOOD / 매장 상세 위치: https://myseatcheck.com/창원nc파크-먹거리-1루-1층-생맥주-안주-110/","생맥주, 안주 (110블럭 복도)",110블럭 복도,https://myseatcheck.com/창원nc파크-먹거리-1루-1층/,FOOD,store
SC_FOOD_CHANGWON_008,CHANGWON,창원 NC 파크,NC,세븐일레븐,1루 1층,1층,1루,Y,UNOFFICIAL,COMMUNITY_SEATVIEW,myseatcheck.com (자리어때),https://myseatcheck.com/창원nc파크-먹거리-1루-1층-세븐일레븐/,2026-10-07,DETAIL_CHECKED,외부 표기 포함 내부 먹거리 분류. 표시 핀은 실제 매장 좌표 아님. 현재 영업·메뉴 미확인,[창원 NC 파크] 세븐일레븐 / 101블럭 복도 / 1루 1층 / CONVENIENCE / 매장 상세 위치: https://myseatcheck.com/창원nc파크-먹거리-1루-1층-세븐일레븐/,세븐일레븐 (101블럭 복도),101블럭 복도,https://myseatcheck.com/창원nc파크-먹거리-1루-1층/,CONVENIENCE,store
SC_FOOD_CHANGWON_009,CHANGWON,창원 NC 파크,NC,소르베,1루 1층,1층,1루,Y,UNOFFICIAL,COMMUNITY_SEATVIEW,myseatcheck.com (자리어때),https://myseatcheck.com/창원nc파크-먹거리-1루-1층-소르베/,2026-10-07,DETAIL_CHECKED,외부 표기 포함 내부 먹거리 분류. 표시 핀은 실제 매장 좌표 아님. 현재 영업·메뉴 미확인,[창원 NC 파크] 소르베 / 105블럭 복도 / 1루 1층 / CAFE / 매장 상세 위치: https://myseatcheck.com/창원nc파크-먹거리-1루-1층-소르베/,소르베 (105블럭 복도),105블럭 복도,https://myseatcheck.com/창원nc파크-먹거리-1루-1층/,CAFE,store
SC_FOOD_CHANGWON_010,CHANGWON,창원 NC 파크,NC,알통떡강정,1루 1층,1층,1루,Y,UNOFFICIAL,COMMUNITY_SEATVIEW,myseatcheck.com (자리어때),https://myseatcheck.com/창원nc파크-먹거리-1루-1층-알통떡강정/,2026-10-07,DETAIL_CHECKED,외부 표기 포함 내부 먹거리 분류. 표시 핀은 실제 매장 좌표 아님. 현재 영업·메뉴 미확인,[창원 NC 파크] 알통떡강정 / 104블럭 복도 / 1루 1층 / FOOD / 매장 상세 위치: https://myseatcheck.com/창원nc파크-먹거리-1루-1층-알통떡강정/,알통떡강정 (104블럭 복도),104블럭 복도,https://myseatcheck.com/창원nc파크-먹거리-1루-1층/,FOOD,store
SC_FOOD_CHANGWON_011,CHANGWON,창원 NC 파크,NC,우이락 고추튀김,1루 1층,1층,1루,Y,UNOFFICIAL,COMMUNITY_SEATVIEW,myseatcheck.com (자리어때),https://myseatcheck.com/창원nc파크-먹거리-1루-1층-우이락/,2026-10-07,DETAIL_CHECKED,외부 표기 포함 내부 먹거리 분류. 표시 핀은 실제 매장 좌표 아님. 현재 영업·메뉴 미확인,[창원 NC 파크] 우이락 고추튀김 / 108블럭 복도 / 1루 1층 / FOOD / 매장 상세 위치: https://myseatcheck.com/창원nc파크-먹거리-1루-1층-우이락/,우이락 고추튀김 (108블럭 복도),108블럭 복도,https://myseatcheck.com/창원nc파크-먹거리-1루-1층/,FOOD,store
SC_FOOD_CHANGWON_012,CHANGWON,창원 NC 파크,NC,HABANERO,1루 1층,1층,1루,Y,UNOFFICIAL,COMMUNITY_SEATVIEW,myseatcheck.com (자리어때),https://myseatcheck.com/창원nc파크-먹거리-1루-1층-habanero/,2026-10-07,DETAIL_CHECKED,외부 표기 포함 내부 먹거리 분류. 표시 핀은 실제 매장 좌표 아님. 현재 영업·메뉴 미확인,[창원 NC 파크] HABANERO / 101블럭 복도 / 1루 1층 / FOOD / 매장 상세 위치: https://myseatcheck.com/창원nc파크-먹거리-1루-1층-habanero/,HABANERO (101블럭 복도),101블럭 복도,https://myseatcheck.com/창원nc파크-먹거리-1루-1층/,FOOD,store
SC_FOOD_CHANGWON_013,CHANGWON,창원 NC 파크,NC,노랑통닭,3루 1층,1층,3루,Y,UNOFFICIAL,COMMUNITY_SEATVIEW,myseatcheck.com (자리어때),https://myseatcheck.com/창원nc파크-먹거리-3루-1층-노랑통닭/,2026-10-07,DETAIL_CHECKED,외부 표기 포함 내부 먹거리 분류. 표시 핀은 실제 매장 좌표 아님. 현재 영업·메뉴 미확인,[창원 NC 파크] 노랑통닭 / 115블럭 복도 / 3루 1층 / FOOD / 매장 상세 위치: https://myseatcheck.com/창원nc파크-먹거리-3루-1층-노랑통닭/,노랑통닭 (115블럭 복도),115블럭 복도,https://myseatcheck.com/창원nc파크-먹거리-3루-1층/,FOOD,store
SC_FOOD_CHANGWON_014,CHANGWON,창원 NC 파크,NC,반올림피자,3루 1층,1층,3루,Y,UNOFFICIAL,COMMUNITY_SEATVIEW,myseatcheck.com (자리어때),https://myseatcheck.com/창원nc파크-먹거리-3루-1층-반올림피자/,2026-10-07,DETAIL_CHECKED,외부 표기 포함 내부 먹거리 분류. 표시 핀은 실제 매장 좌표 아님. 현재 영업·메뉴 미확인,[창원 NC 파크] 반올림피자 / 119블럭 복도 / 3루 1층 / FOOD / 매장 상세 위치: https://myseatcheck.com/창원nc파크-먹거리-3루-1층-반올림피자/,반올림피자 (119블럭 복도),119블럭 복도,https://myseatcheck.com/창원nc파크-먹거리-3루-1층/,FOOD,store
SC_FOOD_CHANGWON_015,CHANGWON,창원 NC 파크,NC,북촌손만두,3루 1층,1층,3루,Y,UNOFFICIAL,COMMUNITY_SEATVIEW,myseatcheck.com (자리어때),https://myseatcheck.com/창원nc파크-먹거리-3루-1층-북촌손만두/,2026-10-07,DETAIL_CHECKED,외부 표기 포함 내부 먹거리 분류. 표시 핀은 실제 매장 좌표 아님. 현재 영업·메뉴 미확인,[창원 NC 파크] 북촌손만두 / 115블럭 복도 / 3루 1층 / FOOD / 매장 상세 위치: https://myseatcheck.com/창원nc파크-먹거리-3루-1층-북촌손만두/,북촌손만두 (115블럭 복도),115블럭 복도,https://myseatcheck.com/창원nc파크-먹거리-3루-1층/,FOOD,store
SC_FOOD_CHANGWON_016,CHANGWON,창원 NC 파크,NC,"생맥주, 안주",3루 1층,1층,3루,Y,UNOFFICIAL,COMMUNITY_SEATVIEW,myseatcheck.com (자리어때),https://myseatcheck.com/창원nc파크-먹거리-3루-1층-생맥주-안주-116/,2026-10-07,DETAIL_CHECKED,외부 표기 포함 내부 먹거리 분류. 표시 핀은 실제 매장 좌표 아님. 현재 영업·메뉴 미확인,"[창원 NC 파크] 생맥주, 안주 / 116블럭 복도 / 3루 1층 / FOOD / 매장 상세 위치: https://myseatcheck.com/창원nc파크-먹거리-3루-1층-생맥주-안주-116/","생맥주, 안주 (116블럭 복도)",116블럭 복도,https://myseatcheck.com/창원nc파크-먹거리-3루-1층/,FOOD,store
SC_FOOD_CHANGWON_017,CHANGWON,창원 NC 파크,NC,세븐일레븐,3루 1층,1층,3루,Y,UNOFFICIAL,COMMUNITY_SEATVIEW,myseatcheck.com (자리어때),https://myseatcheck.com/창원nc파크-먹거리-3루-1층-세븐일레븐/,2026-10-07,DETAIL_CHECKED,외부 표기 포함 내부 먹거리 분류. 표시 핀은 실제 매장 좌표 아님. 현재 영업·메뉴 미확인,[창원 NC 파크] 세븐일레븐 / 117블럭 복도 / 3루 1층 / CONVENIENCE / 매장 상세 위치: https://myseatcheck.com/창원nc파크-먹거리-3루-1층-세븐일레븐/,세븐일레븐 (117블럭 복도),117블럭 복도,https://myseatcheck.com/창원nc파크-먹거리-3루-1층/,CONVENIENCE,store
SC_FOOD_CHANGWON_018,CHANGWON,창원 NC 파크,NC,스타벅스,3루 1층,1층,3루,Y,UNOFFICIAL,COMMUNITY_SEATVIEW,myseatcheck.com (자리어때),https://myseatcheck.com/창원nc파크-먹거리-3루-1층-스타벅스/,2026-10-07,DETAIL_CHECKED,외부 표기 포함 내부 먹거리 분류. 표시 핀은 실제 매장 좌표 아님. 현재 영업·메뉴 미확인,[창원 NC 파크] 스타벅스 / 121블럭 복도 / 3루 1층 / CAFE / 매장 상세 위치: https://myseatcheck.com/창원nc파크-먹거리-3루-1층-스타벅스/,스타벅스 (121블럭 복도),121블럭 복도,https://myseatcheck.com/창원nc파크-먹거리-3루-1층/,CAFE,store
SC_FOOD_CHANGWON_019,CHANGWON,창원 NC 파크,NC,스테이션,3루 1층,1층,3루,Y,UNOFFICIAL,COMMUNITY_SEATVIEW,myseatcheck.com (자리어때),https://myseatcheck.com/창원nc파크-먹거리-3루-1층-스테이션-크림새우/,2026-10-07,DETAIL_CHECKED,외부 표기 포함 내부 먹거리 분류. 표시 핀은 실제 매장 좌표 아님. 현재 영업·메뉴 미확인,[창원 NC 파크] 스테이션 / 115블럭 복도 / 3루 1층 / FOOD / 매장 상세 위치: https://myseatcheck.com/창원nc파크-먹거리-3루-1층-스테이션-크림새우/,스테이션 (115블럭 복도),115블럭 복도,https://myseatcheck.com/창원nc파크-먹거리-3루-1층/,FOOD,store
SC_FOOD_CHANGWON_020,CHANGWON,창원 NC 파크,NC,코아양과,3루 1층,1층,3루,Y,UNOFFICIAL,COMMUNITY_SEATVIEW,myseatcheck.com (자리어때),https://myseatcheck.com/창원nc파크-먹거리-3루-1층-코아양과/,2026-10-07,DETAIL_CHECKED,외부 표기 포함 내부 먹거리 분류. 표시 핀은 실제 매장 좌표 아님. 현재 영업·메뉴 미확인,[창원 NC 파크] 코아양과 / 116블럭 복도 / 3루 1층 / CAFE / 매장 상세 위치: https://myseatcheck.com/창원nc파크-먹거리-3루-1층-코아양과/,코아양과 (116블럭 복도),116블럭 복도,https://myseatcheck.com/창원nc파크-먹거리-3루-1층/,CAFE,store
SC_FOOD_CHANGWON_021,CHANGWON,창원 NC 파크,NC,호남원조식당,3루 1층,1층,3루,Y,UNOFFICIAL,COMMUNITY_SEATVIEW,myseatcheck.com (자리어때),https://myseatcheck.com/창원nc파크-먹거리-3루-1층-호남원조식당/,2026-10-07,DETAIL_CHECKED,외부 표기 포함 내부 먹거리 분류. 표시 핀은 실제 매장 좌표 아님. 현재 영업·메뉴 미확인,[창원 NC 파크] 호남원조식당 / 115블럭 복도 / 3루 1층 / FOOD / 매장 상세 위치: https://myseatcheck.com/창원nc파크-먹거리-3루-1층-호남원조식당/,호남원조식당 (115블럭 복도),115블럭 복도,https://myseatcheck.com/창원nc파크-먹거리-3루-1층/,FOOD,store
SC_FOOD_CHANGWON_022,CHANGWON,창원 NC 파크,NC,BHC치킨,중앙 1층,1층,중앙,Y,UNOFFICIAL,COMMUNITY_SEATVIEW,myseatcheck.com (자리어때),https://myseatcheck.com/창원nc파크-먹거리-중앙-1층-bhc치킨/,2026-10-07,DETAIL_CHECKED,외부 표기 포함 내부 먹거리 분류. 표시 핀은 실제 매장 좌표 아님. 현재 영업·메뉴 미확인,[창원 NC 파크] BHC치킨 / 114블럭 복도 / 중앙 1층 / FOOD / 매장 상세 위치: https://myseatcheck.com/창원nc파크-먹거리-중앙-1층-bhc치킨/,BHC치킨 (114블럭 복도),114블럭 복도,https://myseatcheck.com/창원nc파크-먹거리-중앙-1층/,FOOD,store
SC_FOOD_CHANGWON_023,CHANGWON,창원 NC 파크,NC,"생맥주, 안주",중앙 1층,1층,중앙,Y,UNOFFICIAL,COMMUNITY_SEATVIEW,myseatcheck.com (자리어때),https://myseatcheck.com/창원nc파크-먹거리-중앙-1층-생맥주-안주/,2026-10-07,DETAIL_CHECKED,외부 표기 포함 내부 먹거리 분류. 표시 핀은 실제 매장 좌표 아님. 현재 영업·메뉴 미확인,"[창원 NC 파크] 생맥주, 안주 / 112블럭 / 중앙 1층 / FOOD / 매장 상세 위치: https://myseatcheck.com/창원nc파크-먹거리-중앙-1층-생맥주-안주/","생맥주, 안주 (112블럭)",112블럭,https://myseatcheck.com/창원nc파크-먹거리-중앙-1층/,FOOD,store
SC_FOOD_CHANGWON_024,CHANGWON,창원 NC 파크,NC,세븐일레븐,중앙 1층,1층,중앙,Y,UNOFFICIAL,COMMUNITY_SEATVIEW,myseatcheck.com (자리어때),https://myseatcheck.com/창원nc파크-먹거리-중앙-1층-세븐일레븐/,2026-10-07,DETAIL_CHECKED,외부 표기 포함 내부 먹거리 분류. 표시 핀은 실제 매장 좌표 아님. 현재 영업·메뉴 미확인,[창원 NC 파크] 세븐일레븐 / 113블럭 복도 / 중앙 1층 / CONVENIENCE / 매장 상세 위치: https://myseatcheck.com/창원nc파크-먹거리-중앙-1층-세븐일레븐/,세븐일레븐 (113블럭 복도),113블럭 복도,https://myseatcheck.com/창원nc파크-먹거리-중앙-1층/,CONVENIENCE,store
SC_FOOD_CHANGWON_025,CHANGWON,창원 NC 파크,NC,알통떡강정,중앙 1층,1층,중앙,Y,UNOFFICIAL,COMMUNITY_SEATVIEW,myseatcheck.com (자리어때),https://myseatcheck.com/창원nc파크-먹거리-중앙-1층-알통떡강정/,2026-10-07,DETAIL_CHECKED,외부 표기 포함 내부 먹거리 분류. 표시 핀은 실제 매장 좌표 아님. 현재 영업·메뉴 미확인,[창원 NC 파크] 알통떡강정 / 114블럭 복도 / 중앙 1층 / FOOD / 매장 상세 위치: https://myseatcheck.com/창원nc파크-먹거리-중앙-1층-알통떡강정/,알통떡강정 (114블럭 복도),114블럭 복도,https://myseatcheck.com/창원nc파크-먹거리-중앙-1층/,FOOD,store
SC_FOOD_CHANGWON_026,CHANGWON,창원 NC 파크,NC,BHC치킨,2층,2층,,Y,UNOFFICIAL,COMMUNITY_SEATVIEW,myseatcheck.com (자리어때),https://myseatcheck.com/창원nc파크-먹거리-2층-bhc치킨/,2026-10-07,DETAIL_CHECKED,외부 표기 포함 내부 먹거리 분류. 표시 핀은 실제 매장 좌표 아님. 현재 영업·메뉴 미확인,[창원 NC 파크] BHC치킨 / 207블럭 근처 / 2층 / FOOD / 매장 상세 위치: https://myseatcheck.com/창원nc파크-먹거리-2층-bhc치킨/,BHC치킨 (207블럭 근처),207블럭 근처,https://myseatcheck.com/창원nc파크-먹거리-2층/,FOOD,store
SC_FOOD_CHANGWON_027,CHANGWON,창원 NC 파크,NC,공룡상회,2층,2층,,Y,UNOFFICIAL,COMMUNITY_SEATVIEW,myseatcheck.com (자리어때),https://myseatcheck.com/창원nc파크-먹거리-2층-공룡상회/,2026-10-07,DETAIL_CHECKED,외부 표기 포함 내부 먹거리 분류. 표시 핀은 실제 매장 좌표 아님. 현재 영업·메뉴 미확인,[창원 NC 파크] 공룡상회 / 220블럭 근처 / 2층 / FOOD / 매장 상세 위치: https://myseatcheck.com/창원nc파크-먹거리-2층-공룡상회/,공룡상회 (220블럭 근처),220블럭 근처,https://myseatcheck.com/창원nc파크-먹거리-2층/,FOOD,store
SC_FOOD_CHANGWON_028,CHANGWON,창원 NC 파크,NC,세븐일레븐,2층,2층,,Y,UNOFFICIAL,COMMUNITY_SEATVIEW,myseatcheck.com (자리어때),https://myseatcheck.com/창원nc파크-먹거리-2층-세븐일레븐/,2026-10-07,DETAIL_CHECKED,외부 표기 포함 내부 먹거리 분류. 표시 핀은 실제 매장 좌표 아님. 현재 영업·메뉴 미확인,[창원 NC 파크] 세븐일레븐 / 214블럭 복도 / 2층 / CONVENIENCE / 매장 상세 위치: https://myseatcheck.com/창원nc파크-먹거리-2층-세븐일레븐/,세븐일레븐 (214블럭 복도),214블럭 복도,https://myseatcheck.com/창원nc파크-먹거리-2층/,CONVENIENCE,store
SC_FOOD_CHANGWON_029,CHANGWON,창원 NC 파크,NC,스타벅스,2층,2층,,Y,UNOFFICIAL,COMMUNITY_SEATVIEW,myseatcheck.com (자리어때),https://myseatcheck.com/창원nc파크-먹거리-2층-스타벅스/,2026-10-07,DETAIL_CHECKED,외부 표기 포함 내부 먹거리 분류. 표시 핀은 실제 매장 좌표 아님. 현재 영업·메뉴 미확인,[창원 NC 파크] 스타벅스 / 223블럭 근처 / 2층 / CAFE / 매장 상세 위치: https://myseatcheck.com/창원nc파크-먹거리-2층-스타벅스/,스타벅스 (223블럭 근처),223블럭 근처,https://myseatcheck.com/창원nc파크-먹거리-2층/,CAFE,store
SC_FOOD_CHANGWON_030,CHANGWON,창원 NC 파크,NC,버터구이오징어,2층,2층,,Y,UNOFFICIAL,COMMUNITY_SEATVIEW,myseatcheck.com (자리어때),https://myseatcheck.com/창원nc파크-먹거리-2층-버터구이오징어/,2026-10-07,DETAIL_CHECKED,외부 표기 포함 내부 먹거리 분류. 표시 핀은 실제 매장 좌표 아님. 현재 영업·메뉴 미확인,[창원 NC 파크] 버터구이오징어 / 214블럭 복도 / 2층 / FOOD / 매장 상세 위치: https://myseatcheck.com/창원nc파크-먹거리-2층-버터구이오징어/,버터구이오징어 (214블럭 복도),214블럭 복도,https://myseatcheck.com/창원nc파크-먹거리-2층/,FOOD,store
SC_FOOD_CHANGWON_031,CHANGWON,창원 NC 파크,NC,BHC치킨,외야,,외야,Y,UNOFFICIAL,COMMUNITY_SEATVIEW,myseatcheck.com (자리어때),https://myseatcheck.com/창원nc파크-먹거리-외야-bhc치킨/,2026-10-07,DETAIL_CHECKED,외부 표기 포함 내부 먹거리 분류. 표시 핀은 실제 매장 좌표 아님. 현재 영업·메뉴 미확인,[창원 NC 파크] BHC치킨 / 외야 잔디석 뒷편 / 외야 / FOOD / 매장 상세 위치: https://myseatcheck.com/창원nc파크-먹거리-외야-bhc치킨/,BHC치킨 (외야 잔디석 뒷편),외야 잔디석 뒷편,https://myseatcheck.com/창원nc파크-먹거리-외야/,FOOD,store
SC_FOOD_CHANGWON_032,CHANGWON,창원 NC 파크,NC,만재네,외야,,외야,Y,UNOFFICIAL,COMMUNITY_SEATVIEW,myseatcheck.com (자리어때),https://myseatcheck.com/창원nc파크-먹거리-외야-만재네/,2026-10-07,DETAIL_CHECKED,외부 표기 포함 내부 먹거리 분류. 표시 핀은 실제 매장 좌표 아님. 현재 영업·메뉴 미확인,[창원 NC 파크] 만재네 / 127블럭 뒷편 / 외야 / FOOD / 매장 상세 위치: https://myseatcheck.com/창원nc파크-먹거리-외야-만재네/,만재네 (127블럭 뒷편),127블럭 뒷편,https://myseatcheck.com/창원nc파크-먹거리-외야/,FOOD,store
SC_FOOD_CHANGWON_033,CHANGWON,창원 NC 파크,NC,브뤼셀프라이,외야,,외야,Y,UNOFFICIAL,COMMUNITY_SEATVIEW,myseatcheck.com (자리어때),https://myseatcheck.com/창원nc파크-먹거리-외야-브뤼셀프라이/,2026-10-07,DETAIL_CHECKED,외부 표기 포함 내부 먹거리 분류. 표시 핀은 실제 매장 좌표 아님. 현재 영업·메뉴 미확인,[창원 NC 파크] 브뤼셀프라이 / 외야 잔디석 뒷편 / 외야 / FOOD / 매장 상세 위치: https://myseatcheck.com/창원nc파크-먹거리-외야-브뤼셀프라이/,브뤼셀프라이 (외야 잔디석 뒷편),외야 잔디석 뒷편,https://myseatcheck.com/창원nc파크-먹거리-외야/,FOOD,store
SC_FOOD_CHANGWON_034,CHANGWON,창원 NC 파크,NC,상하이 마라꼬치,외야,,외야,Y,UNOFFICIAL,COMMUNITY_SEATVIEW,myseatcheck.com (자리어때),https://myseatcheck.com/창원nc파크-먹거리-외야-상하이마라꼬치/,2026-10-07,DETAIL_CHECKED,외부 표기 포함 내부 먹거리 분류. 표시 핀은 실제 매장 좌표 아님. 현재 영업·메뉴 미확인,[창원 NC 파크] 상하이 마라꼬치 / 외야 잔디석 뒷편 / 외야 / FOOD / 매장 상세 위치: https://myseatcheck.com/창원nc파크-먹거리-외야-상하이마라꼬치/,상하이 마라꼬치 (외야 잔디석 뒷편),외야 잔디석 뒷편,https://myseatcheck.com/창원nc파크-먹거리-외야/,FOOD,store
SC_FOOD_CHANGWON_035,CHANGWON,창원 NC 파크,NC,"생맥주, 안주",외야,,외야,Y,UNOFFICIAL,COMMUNITY_SEATVIEW,myseatcheck.com (자리어때),https://myseatcheck.com/창원nc파크-먹거리-외야-생맥주/,2026-10-07,DETAIL_CHECKED,외부 표기 포함 내부 먹거리 분류. 표시 핀은 실제 매장 좌표 아님. 현재 영업·메뉴 미확인,"[창원 NC 파크] 생맥주, 안주 / 외야 잔디석 뒷편 / 외야 / FOOD / 매장 상세 위치: https://myseatcheck.com/창원nc파크-먹거리-외야-생맥주/","생맥주, 안주 (외야 잔디석 뒷편)",외야 잔디석 뒷편,https://myseatcheck.com/창원nc파크-먹거리-외야/,FOOD,store
SC_FOOD_CHANGWON_036,CHANGWON,창원 NC 파크,NC,수내닭꼬치,외야,,외야,Y,UNOFFICIAL,COMMUNITY_SEATVIEW,myseatcheck.com (자리어때),https://myseatcheck.com/창원nc파크-먹거리-외야-수내닭꼬치/,2026-10-07,DETAIL_CHECKED,외부 표기 포함 내부 먹거리 분류. 표시 핀은 실제 매장 좌표 아님. 현재 영업·메뉴 미확인,[창원 NC 파크] 수내닭꼬치 / 외야 잔디석 뒷편 / 외야 / FOOD / 매장 상세 위치: https://myseatcheck.com/창원nc파크-먹거리-외야-수내닭꼬치/,수내닭꼬치 (외야 잔디석 뒷편),외야 잔디석 뒷편,https://myseatcheck.com/창원nc파크-먹거리-외야/,FOOD,store
SC_FOOD_CHANGWON_037,CHANGWON,창원 NC 파크,NC,요거트월드,외야,,외야,Y,UNOFFICIAL,COMMUNITY_SEATVIEW,myseatcheck.com (자리어때),https://myseatcheck.com/창원nc파크-먹거리-외야-요거트월드/,2026-10-07,DETAIL_CHECKED,외부 표기 포함 내부 먹거리 분류. 표시 핀은 실제 매장 좌표 아님. 현재 영업·메뉴 미확인,[창원 NC 파크] 요거트월드 / 외야 잔디석 뒷편 / 외야 / CAFE / 매장 상세 위치: https://myseatcheck.com/창원nc파크-먹거리-외야-요거트월드/,요거트월드 (외야 잔디석 뒷편),외야 잔디석 뒷편,https://myseatcheck.com/창원nc파크-먹거리-외야/,CAFE,store
SC_FOOD_DAEGU_001,DAEGU,대구 삼성 라이온즈 파크,SAMSUNG,소프텔리에,3층 (1루),3층,1루,Y,UNOFFICIAL,COMMUNITY_SEATVIEW,myseatcheck.com (자리어때),https://myseatcheck.com/대구-라이온즈파크-먹거리-3층-1루-소프텔리에/,2026-10-07,DETAIL_CHECKED,외부 표기 포함 내부 먹거리 분류. 표시 핀은 실제 매장 좌표 아님. 현재 영업·메뉴 미확인,[대구 삼성 라이온즈 파크] 소프텔리에 / T1-2구역 복도 / 3층 (1루) / CAFE / 매장 상세 위치: https://myseatcheck.com/대구-라이온즈파크-먹거리-3층-1루-소프텔리에/,소프텔리에 (T1-2구역 복도),T1-2구역 복도,https://myseatcheck.com/대구-라이온즈파크-먹거리-3층-1루/,CAFE,store
SC_FOOD_DAEGU_002,DAEGU,대구 삼성 라이온즈 파크,SAMSUNG,호남원조식당,3층 (1루),3층,1루,Y,UNOFFICIAL,COMMUNITY_SEATVIEW,myseatcheck.com (자리어때),https://myseatcheck.com/대구-라이온즈파크-먹거리-3층-1루-호남원조식당/,2026-10-07,DETAIL_CHECKED,외부 표기 포함 내부 먹거리 분류. 표시 핀은 실제 매장 좌표 아님. 현재 영업·메뉴 미확인,[대구 삼성 라이온즈 파크] 호남원조식당 / T1-2구역 복도 / 3층 (1루) / FOOD / 매장 상세 위치: https://myseatcheck.com/대구-라이온즈파크-먹거리-3층-1루-호남원조식당/,호남원조식당 (T1-2구역 복도),T1-2구역 복도,https://myseatcheck.com/대구-라이온즈파크-먹거리-3층-1루/,FOOD,store
SC_FOOD_DAEGU_003,DAEGU,대구 삼성 라이온즈 파크,SAMSUNG,CU,3층 (1루),3층,1루,Y,UNOFFICIAL,COMMUNITY_SEATVIEW,myseatcheck.com (자리어때),https://myseatcheck.com/대구-라이온즈파크-먹거리-3층-1루-cu편의점/,2026-10-07,DETAIL_CHECKED,외부 표기 포함 내부 먹거리 분류. 표시 핀은 실제 매장 좌표 아님. 현재 영업·메뉴 미확인,[대구 삼성 라이온즈 파크] CU / 1루 원정응원석 2구역 / 3층 (1루) / CONVENIENCE / 매장 상세 위치: https://myseatcheck.com/대구-라이온즈파크-먹거리-3층-1루-cu편의점/,CU (1루 원정응원석 2구역),1루 원정응원석 2구역,https://myseatcheck.com/대구-라이온즈파크-먹거리-3층-1루/,CONVENIENCE,store
SC_FOOD_DAEGU_004,DAEGU,대구 삼성 라이온즈 파크,SAMSUNG,노랑통닭,3층 (1루),3층,1루,Y,UNOFFICIAL,COMMUNITY_SEATVIEW,myseatcheck.com (자리어때),https://myseatcheck.com/대구-라이온즈파크-먹거리-3층-1루-노랑통닭/,2026-10-07,DETAIL_CHECKED,외부 표기 포함 내부 먹거리 분류. 표시 핀은 실제 매장 좌표 아님. 현재 영업·메뉴 미확인,[대구 삼성 라이온즈 파크] 노랑통닭 / 1루 원정응원석 3구역 / 3층 (1루) / FOOD / 매장 상세 위치: https://myseatcheck.com/대구-라이온즈파크-먹거리-3층-1루-노랑통닭/,노랑통닭 (1루 원정응원석 3구역),1루 원정응원석 3구역,https://myseatcheck.com/대구-라이온즈파크-먹거리-3층-1루/,FOOD,store
SC_FOOD_DAEGU_005,DAEGU,대구 삼성 라이온즈 파크,SAMSUNG,노랑통닭,3층 (3루),3층,3루,Y,UNOFFICIAL,COMMUNITY_SEATVIEW,myseatcheck.com (자리어때),https://myseatcheck.com/대구-라이온즈파크-먹거리-3층-3루-노랑통닭/,2026-10-07,DETAIL_CHECKED,외부 표기 포함 내부 먹거리 분류. 표시 핀은 실제 매장 좌표 아님. 현재 영업·메뉴 미확인,[대구 삼성 라이온즈 파크] 노랑통닭 / 3-7구역 복도 / 3층 (3루) / FOOD / 매장 상세 위치: https://myseatcheck.com/대구-라이온즈파크-먹거리-3층-3루-노랑통닭/,노랑통닭 (3-7구역 복도),3-7구역 복도,https://myseatcheck.com/대구-라이온즈파크-먹거리-3층-3루/,FOOD,store
SC_FOOD_DAEGU_006,DAEGU,대구 삼성 라이온즈 파크,SAMSUNG,대신땅콩빵,3층 (3루),3층,3루,Y,UNOFFICIAL,COMMUNITY_SEATVIEW,myseatcheck.com (자리어때),https://myseatcheck.com/대구-라이온즈파크-먹거리-3층-3루-대신땅콩빵/,2026-10-07,DETAIL_CHECKED,외부 표기 포함 내부 먹거리 분류. 표시 핀은 실제 매장 좌표 아님. 현재 영업·메뉴 미확인,[대구 삼성 라이온즈 파크] 대신땅콩빵 / T3-2구역 복도 / 3층 (3루) / CAFE / 매장 상세 위치: https://myseatcheck.com/대구-라이온즈파크-먹거리-3층-3루-대신땅콩빵/,대신땅콩빵 (T3-2구역 복도),T3-2구역 복도,https://myseatcheck.com/대구-라이온즈파크-먹거리-3층-3루/,CAFE,store
SC_FOOD_DAEGU_007,DAEGU,대구 삼성 라이온즈 파크,SAMSUNG,라온스위트파크,3층 (3루),3층,3루,Y,UNOFFICIAL,COMMUNITY_SEATVIEW,myseatcheck.com (자리어때),https://myseatcheck.com/대구-라이온즈파크-먹거리-3층-3루-라온스위트파크/,2026-10-07,DETAIL_CHECKED,외부 표기 포함 내부 먹거리 분류. 표시 핀은 실제 매장 좌표 아님. 현재 영업·메뉴 미확인,[대구 삼성 라이온즈 파크] 라온스위트파크 / T3-3구역 복도 / 3층 (3루) / CAFE / 매장 상세 위치: https://myseatcheck.com/대구-라이온즈파크-먹거리-3층-3루-라온스위트파크/,라온스위트파크 (T3-3구역 복도),T3-3구역 복도,https://myseatcheck.com/대구-라이온즈파크-먹거리-3층-3루/,CAFE,store
SC_FOOD_DAEGU_008,DAEGU,대구 삼성 라이온즈 파크,SAMSUNG,버터우드카페,3층 (3루),3층,3루,Y,UNOFFICIAL,COMMUNITY_SEATVIEW,myseatcheck.com (자리어때),https://myseatcheck.com/대구-라이온즈파크-먹거리-3층-3루-버터우드카페/,2026-10-07,DETAIL_CHECKED,외부 표기 포함 내부 먹거리 분류. 표시 핀은 실제 매장 좌표 아님. 현재 영업·메뉴 미확인,[대구 삼성 라이온즈 파크] 버터우드카페 / T3-3구역 복도 / 3층 (3루) / CAFE / 매장 상세 위치: https://myseatcheck.com/대구-라이온즈파크-먹거리-3층-3루-버터우드카페/,버터우드카페 (T3-3구역 복도),T3-3구역 복도,https://myseatcheck.com/대구-라이온즈파크-먹거리-3층-3루/,CAFE,store
SC_FOOD_DAEGU_009,DAEGU,대구 삼성 라이온즈 파크,SAMSUNG,북촌손만두,3층 (3루),3층,3루,Y,UNOFFICIAL,COMMUNITY_SEATVIEW,myseatcheck.com (자리어때),https://myseatcheck.com/대구-라이온즈파크-먹거리-3층-3루-북촌손만두/,2026-10-07,DETAIL_CHECKED,외부 표기 포함 내부 먹거리 분류. 표시 핀은 실제 매장 좌표 아님. 현재 영업·메뉴 미확인,[대구 삼성 라이온즈 파크] 북촌손만두 / T3-3구역 복도 / 3층 (3루) / FOOD / 매장 상세 위치: https://myseatcheck.com/대구-라이온즈파크-먹거리-3층-3루-북촌손만두/,북촌손만두 (T3-3구역 복도),T3-3구역 복도,https://myseatcheck.com/대구-라이온즈파크-먹거리-3층-3루/,FOOD,store
SC_FOOD_DAEGU_010,DAEGU,대구 삼성 라이온즈 파크,SAMSUNG,"서문빙수, 장여사",3층 (3루),3층,3루,Y,UNOFFICIAL,COMMUNITY_SEATVIEW,myseatcheck.com (자리어때),https://myseatcheck.com/대구-라이온즈파크-먹거리-3층-3루-서문빙수-장여사/,2026-10-07,DETAIL_CHECKED,외부 표기 포함 내부 먹거리 분류. 표시 핀은 실제 매장 좌표 아님. 현재 영업·메뉴 미확인,"[대구 삼성 라이온즈 파크] 서문빙수, 장여사 / T3-3구역 복도 / 3층 (3루) / CAFE / 매장 상세 위치: https://myseatcheck.com/대구-라이온즈파크-먹거리-3층-3루-서문빙수-장여사/","서문빙수, 장여사 (T3-3구역 복도)",T3-3구역 복도,https://myseatcheck.com/대구-라이온즈파크-먹거리-3층-3루/,CAFE,store
SC_FOOD_DAEGU_011,DAEGU,대구 삼성 라이온즈 파크,SAMSUNG,알통떡강정,3층 (3루),3층,3루,Y,UNOFFICIAL,COMMUNITY_SEATVIEW,myseatcheck.com (자리어때),https://myseatcheck.com/대구-라이온즈파크-먹거리-3층-3루-알통떡강정/,2026-10-07,DETAIL_CHECKED,외부 표기 포함 내부 먹거리 분류. 표시 핀은 실제 매장 좌표 아님. 현재 영업·메뉴 미확인,[대구 삼성 라이온즈 파크] 알통떡강정 / T3-3구역 복도 / 3층 (3루) / FOOD / 매장 상세 위치: https://myseatcheck.com/대구-라이온즈파크-먹거리-3층-3루-알통떡강정/,알통떡강정 (T3-3구역 복도),T3-3구역 복도,https://myseatcheck.com/대구-라이온즈파크-먹거리-3층-3루/,FOOD,store
SC_FOOD_DAEGU_012,DAEGU,대구 삼성 라이온즈 파크,SAMSUNG,역전우동,3층 (3루),3층,3루,Y,UNOFFICIAL,COMMUNITY_SEATVIEW,myseatcheck.com (자리어때),https://myseatcheck.com/대구-라이온즈파크-먹거리-3층-3루-역전우동/,2026-10-07,DETAIL_CHECKED,외부 표기 포함 내부 먹거리 분류. 표시 핀은 실제 매장 좌표 아님. 현재 영업·메뉴 미확인,[대구 삼성 라이온즈 파크] 역전우동 / 3-7구역 복도 / 3층 (3루) / FOOD / 매장 상세 위치: https://myseatcheck.com/대구-라이온즈파크-먹거리-3층-3루-역전우동/,역전우동 (3-7구역 복도),3-7구역 복도,https://myseatcheck.com/대구-라이온즈파크-먹거리-3층-3루/,FOOD,store
SC_FOOD_DAEGU_013,DAEGU,대구 삼성 라이온즈 파크,SAMSUNG,이쁜여우핫도그,3층 (3루),3층,3루,Y,UNOFFICIAL,COMMUNITY_SEATVIEW,myseatcheck.com (자리어때),https://myseatcheck.com/대구-라이온즈파크-먹거리-3층-3루-이쁜여우핫도그/,2026-10-07,DETAIL_CHECKED,외부 표기 포함 내부 먹거리 분류. 표시 핀은 실제 매장 좌표 아님. 현재 영업·메뉴 미확인,[대구 삼성 라이온즈 파크] 이쁜여우핫도그 / T3-2구역 복도 / 3층 (3루) / FOOD / 매장 상세 위치: https://myseatcheck.com/대구-라이온즈파크-먹거리-3층-3루-이쁜여우핫도그/,이쁜여우핫도그 (T3-2구역 복도),T3-2구역 복도,https://myseatcheck.com/대구-라이온즈파크-먹거리-3층-3루/,FOOD,store
SC_FOOD_DAEGU_014,DAEGU,대구 삼성 라이온즈 파크,SAMSUNG,전설꼬치,3층 (3루),3층,3루,Y,UNOFFICIAL,COMMUNITY_SEATVIEW,myseatcheck.com (자리어때),https://myseatcheck.com/대구-라이온즈파크-먹거리-3층-3루-전설꼬치/,2026-10-07,DETAIL_CHECKED,외부 표기 포함 내부 먹거리 분류. 표시 핀은 실제 매장 좌표 아님. 현재 영업·메뉴 미확인,[대구 삼성 라이온즈 파크] 전설꼬치 / 3-4구역 복도 / 3층 (3루) / FOOD / 매장 상세 위치: https://myseatcheck.com/대구-라이온즈파크-먹거리-3층-3루-전설꼬치/,전설꼬치 (3-4구역 복도),3-4구역 복도,https://myseatcheck.com/대구-라이온즈파크-먹거리-3층-3루/,FOOD,store
SC_FOOD_DAEGU_015,DAEGU,대구 삼성 라이온즈 파크,SAMSUNG,해피치즈스마일,3층 (3루),3층,3루,Y,UNOFFICIAL,COMMUNITY_SEATVIEW,myseatcheck.com (자리어때),https://myseatcheck.com/대구-라이온즈파크-먹거리-3층-3루-해피치즈스마일/,2026-10-07,DETAIL_CHECKED,외부 표기 포함 내부 먹거리 분류. 표시 핀은 실제 매장 좌표 아님. 현재 영업·메뉴 미확인,[대구 삼성 라이온즈 파크] 해피치즈스마일 / 3-6구역 복도 / 3층 (3루) / FOOD / 매장 상세 위치: https://myseatcheck.com/대구-라이온즈파크-먹거리-3층-3루-해피치즈스마일/,해피치즈스마일 (3-6구역 복도),3-6구역 복도,https://myseatcheck.com/대구-라이온즈파크-먹거리-3층-3루/,FOOD,store
SC_FOOD_DAEGU_016,DAEGU,대구 삼성 라이온즈 파크,SAMSUNG,떡볶이,5층 (3루),5층,1루,Y,UNOFFICIAL,COMMUNITY_SEATVIEW,myseatcheck.com (자리어때),https://myseatcheck.com/대구-라이온즈파크-먹거리-5층-1루-몬나니떡볶이/,2026-10-07,DETAIL_CHECKED,외부 표기 포함 내부 먹거리 분류. 표시 핀은 실제 매장 좌표 아님. 현재 영업·메뉴 미확인,[대구 삼성 라이온즈 파크] 떡볶이 / 1루스카이 3구역 복도 / 5층 (3루) / FOOD / 매장 상세 위치: https://myseatcheck.com/대구-라이온즈파크-먹거리-5층-1루-몬나니떡볶이/,떡볶이 (1루스카이 3구역 복도),1루스카이 3구역 복도,https://myseatcheck.com/대구-라이온즈파크-먹거리-5층/,FOOD,store
SC_FOOD_DAEGU_017,DAEGU,대구 삼성 라이온즈 파크,SAMSUNG,생맥주,5층 (3루),5층,1루,Y,UNOFFICIAL,COMMUNITY_SEATVIEW,myseatcheck.com (자리어때),https://myseatcheck.com/대구-라이온즈파크-먹거리-5층-1루-생맥주/,2026-10-07,DETAIL_CHECKED,외부 표기 포함 내부 먹거리 분류. 표시 핀은 실제 매장 좌표 아님. 현재 영업·메뉴 미확인,[대구 삼성 라이온즈 파크] 생맥주 / 1루 스카이 3구역 복도 / 5층 (3루) / FOOD / 매장 상세 위치: https://myseatcheck.com/대구-라이온즈파크-먹거리-5층-1루-생맥주/,생맥주 (1루 스카이 3구역 복도),1루 스카이 3구역 복도,https://myseatcheck.com/대구-라이온즈파크-먹거리-5층/,FOOD,store
SC_FOOD_DAEGU_018,DAEGU,대구 삼성 라이온즈 파크,SAMSUNG,요야정,5층 (3루),5층,1루,Y,UNOFFICIAL,COMMUNITY_SEATVIEW,myseatcheck.com (자리어때),https://myseatcheck.com/대구-라이온즈파크-먹거리-5층-1루-요아정/,2026-10-07,DETAIL_CHECKED,외부 표기 포함 내부 먹거리 분류. 표시 핀은 실제 매장 좌표 아님. 현재 영업·메뉴 미확인,[대구 삼성 라이온즈 파크] 요야정 / 1루 스카이 3구역 복도 / 5층 (3루) / CAFE / 매장 상세 위치: https://myseatcheck.com/대구-라이온즈파크-먹거리-5층-1루-요아정/,요야정 (1루 스카이 3구역 복도),1루 스카이 3구역 복도,https://myseatcheck.com/대구-라이온즈파크-먹거리-5층/,CAFE,store
SC_FOOD_DAEGU_019,DAEGU,대구 삼성 라이온즈 파크,SAMSUNG,CU편의점,5층 (3루),5층,3루,Y,UNOFFICIAL,COMMUNITY_SEATVIEW,myseatcheck.com (자리어때),https://myseatcheck.com/대구-라이온즈파크-먹거리-5층-3루-cu편의점/,2026-10-07,DETAIL_CHECKED,외부 표기 포함 내부 먹거리 분류. 표시 핀은 실제 매장 좌표 아님. 현재 영업·메뉴 미확인,[대구 삼성 라이온즈 파크] CU편의점 / 스카이 28구역 복도 / 5층 (3루) / CONVENIENCE / 매장 상세 위치: https://myseatcheck.com/대구-라이온즈파크-먹거리-5층-3루-cu편의점/,CU편의점 (스카이 28구역 복도),스카이 28구역 복도,https://myseatcheck.com/대구-라이온즈파크-먹거리-5층/,CONVENIENCE,store
SC_FOOD_DAEGU_020,DAEGU,대구 삼성 라이온즈 파크,SAMSUNG,보배반점,5층 (3루),5층,3루,Y,UNOFFICIAL,COMMUNITY_SEATVIEW,myseatcheck.com (자리어때),https://myseatcheck.com/대구-라이온즈파크-먹거리-5층-3루-보배반점/,2026-10-07,DETAIL_CHECKED,외부 표기 포함 내부 먹거리 분류. 표시 핀은 실제 매장 좌표 아님. 현재 영업·메뉴 미확인,[대구 삼성 라이온즈 파크] 보배반점 / 중앙스카이 12구역 복도 / 5층 (3루) / FOOD / 매장 상세 위치: https://myseatcheck.com/대구-라이온즈파크-먹거리-5층-3루-보배반점/,보배반점 (중앙스카이 12구역 복도),중앙스카이 12구역 복도,https://myseatcheck.com/대구-라이온즈파크-먹거리-5층/,FOOD,store
SC_FOOD_DAEGU_021,DAEGU,대구 삼성 라이온즈 파크,SAMSUNG,생맥주,5층 (3루),5층,3루,Y,UNOFFICIAL,COMMUNITY_SEATVIEW,myseatcheck.com (자리어때),https://myseatcheck.com/대구-라이온즈파크-먹거리-5층-3루-생맥주/,2026-10-07,DETAIL_CHECKED,외부 표기 포함 내부 먹거리 분류. 표시 핀은 실제 매장 좌표 아님. 현재 영업·메뉴 미확인,[대구 삼성 라이온즈 파크] 생맥주 / 스카이 21구역 복도 / 5층 (3루) / FOOD / 매장 상세 위치: https://myseatcheck.com/대구-라이온즈파크-먹거리-5층-3루-생맥주/,생맥주 (스카이 21구역 복도),스카이 21구역 복도,https://myseatcheck.com/대구-라이온즈파크-먹거리-5층/,FOOD,store
SC_FOOD_DAEGU_022,DAEGU,대구 삼성 라이온즈 파크,SAMSUNG,설빙,5층 (3루),5층,3루,Y,UNOFFICIAL,COMMUNITY_SEATVIEW,myseatcheck.com (자리어때),https://myseatcheck.com/대구-라이온즈파크-먹거리-5층-3루-설빙/,2026-10-07,DETAIL_CHECKED,외부 표기 포함 내부 먹거리 분류. 표시 핀은 실제 매장 좌표 아님. 현재 영업·메뉴 미확인,[대구 삼성 라이온즈 파크] 설빙 / 중앙스카이 12구역 복도 / 5층 (3루) / CAFE / 매장 상세 위치: https://myseatcheck.com/대구-라이온즈파크-먹거리-5층-3루-설빙/,설빙 (중앙스카이 12구역 복도),중앙스카이 12구역 복도,https://myseatcheck.com/대구-라이온즈파크-먹거리-5층/,CAFE,store
SC_FOOD_DAEGU_023,DAEGU,대구 삼성 라이온즈 파크,SAMSUNG,스테이션,5층 (3루),5층,3루,Y,UNOFFICIAL,COMMUNITY_SEATVIEW,myseatcheck.com (자리어때),https://myseatcheck.com/대구-라이온즈파크-먹거리-5층-3루-스테이션-해피치/,2026-10-07,DETAIL_CHECKED,외부 표기 포함 내부 먹거리 분류. 표시 핀은 실제 매장 좌표 아님. 현재 영업·메뉴 미확인,[대구 삼성 라이온즈 파크] 스테이션 / 스카이 21구역 복도 / 5층 (3루) / FOOD / 매장 상세 위치: https://myseatcheck.com/대구-라이온즈파크-먹거리-5층-3루-스테이션-해피치/,스테이션 (스카이 21구역 복도),스카이 21구역 복도,https://myseatcheck.com/대구-라이온즈파크-먹거리-5층/,FOOD,store
SC_FOOD_DAEGU_024,DAEGU,대구 삼성 라이온즈 파크,SAMSUNG,잭슨치킨,5층 (3루),5층,3루,Y,UNOFFICIAL,COMMUNITY_SEATVIEW,myseatcheck.com (자리어때),https://myseatcheck.com/대구-라이온즈파크-먹거리-5층-3루-잭슨치킨/,2026-10-07,DETAIL_CHECKED,외부 표기 포함 내부 먹거리 분류. 표시 핀은 실제 매장 좌표 아님. 현재 영업·메뉴 미확인,[대구 삼성 라이온즈 파크] 잭슨치킨 / 스카이 21구역 복도 / 5층 (3루) / FOOD / 매장 상세 위치: https://myseatcheck.com/대구-라이온즈파크-먹거리-5층-3루-잭슨치킨/,잭슨치킨 (스카이 21구역 복도),스카이 21구역 복도,https://myseatcheck.com/대구-라이온즈파크-먹거리-5층/,FOOD,store
SC_FOOD_DAEGU_025,DAEGU,대구 삼성 라이온즈 파크,SAMSUNG,CU편의점,2층 (푸드스트릿),2층,,Y,UNOFFICIAL,COMMUNITY_SEATVIEW,myseatcheck.com (자리어때),https://myseatcheck.com/대구-라이온즈파크-먹거리-2층-푸드스트릿-cu편의점/,2026-10-07,DETAIL_CHECKED,외부 표기 포함 내부 먹거리 분류. 표시 핀은 실제 매장 좌표 아님. 현재 영업·메뉴 미확인,[대구 삼성 라이온즈 파크] CU편의점 / 푸드스트릿 내부 / 2층 (푸드스트릿) / CONVENIENCE / 매장 상세 위치: https://myseatcheck.com/대구-라이온즈파크-먹거리-2층-푸드스트릿-cu편의점/,CU편의점 (푸드스트릿 내부),푸드스트릿 내부,https://myseatcheck.com/대구-라이온즈파크-먹거리-2층-푸드스트리트/,CONVENIENCE,store
SC_FOOD_DAEGU_026,DAEGU,대구 삼성 라이온즈 파크,SAMSUNG,북촌손만두,2층 (푸드스트릿),2층,,Y,UNOFFICIAL,COMMUNITY_SEATVIEW,myseatcheck.com (자리어때),https://myseatcheck.com/대구-라이온즈파크-먹거리-2층-푸드스트릿-북촌손만/,2026-10-07,DETAIL_CHECKED,외부 표기 포함 내부 먹거리 분류. 표시 핀은 실제 매장 좌표 아님. 현재 영업·메뉴 미확인,[대구 삼성 라이온즈 파크] 북촌손만두 / 푸드스트릿 내부 / 2층 (푸드스트릿) / FOOD / 매장 상세 위치: https://myseatcheck.com/대구-라이온즈파크-먹거리-2층-푸드스트릿-북촌손만/,북촌손만두 (푸드스트릿 내부),푸드스트릿 내부,https://myseatcheck.com/대구-라이온즈파크-먹거리-2층-푸드스트리트/,FOOD,store
SC_FOOD_DAEGU_027,DAEGU,대구 삼성 라이온즈 파크,SAMSUNG,역전우동,2층 (푸드스트릿),2층,,Y,UNOFFICIAL,COMMUNITY_SEATVIEW,myseatcheck.com (자리어때),https://myseatcheck.com/대구-라이온즈파크-먹거리-2층-푸드스트릿-역전우/,2026-10-07,DETAIL_CHECKED,외부 표기 포함 내부 먹거리 분류. 표시 핀은 실제 매장 좌표 아님. 현재 영업·메뉴 미확인,[대구 삼성 라이온즈 파크] 역전우동 / 푸드스트릿 내부 / 2층 (푸드스트릿) / FOOD / 매장 상세 위치: https://myseatcheck.com/대구-라이온즈파크-먹거리-2층-푸드스트릿-역전우/,역전우동 (푸드스트릿 내부),푸드스트릿 내부,https://myseatcheck.com/대구-라이온즈파크-먹거리-2층-푸드스트리트/,FOOD,store
SC_FOOD_DAEGU_028,DAEGU,대구 삼성 라이온즈 파크,SAMSUNG,파파존스,2층 (푸드스트릿),2층,,Y,UNOFFICIAL,COMMUNITY_SEATVIEW,myseatcheck.com (자리어때),https://myseatcheck.com/대구-라이온즈파크-먹거리-2층-푸드스트릿-파파존/,2026-10-07,DETAIL_CHECKED,외부 표기 포함 내부 먹거리 분류. 표시 핀은 실제 매장 좌표 아님. 현재 영업·메뉴 미확인,[대구 삼성 라이온즈 파크] 파파존스 / 푸드스트릿 내부 / 2층 (푸드스트릿) / FOOD / 매장 상세 위치: https://myseatcheck.com/대구-라이온즈파크-먹거리-2층-푸드스트릿-파파존/,파파존스 (푸드스트릿 내부),푸드스트릿 내부,https://myseatcheck.com/대구-라이온즈파크-먹거리-2층-푸드스트리트/,FOOD,store
SC_FOOD_DAEGU_029,DAEGU,대구 삼성 라이온즈 파크,SAMSUNG,해피치즈스마일,2층 (푸드스트릿),2층,,Y,UNOFFICIAL,COMMUNITY_SEATVIEW,myseatcheck.com (자리어때),https://myseatcheck.com/대구-라이온즈파크-먹거리-2층-푸드스트릿-해피치/,2026-10-07,DETAIL_CHECKED,외부 표기 포함 내부 먹거리 분류. 표시 핀은 실제 매장 좌표 아님. 현재 영업·메뉴 미확인,[대구 삼성 라이온즈 파크] 해피치즈스마일 / 푸드스트릿 내부 / 2층 (푸드스트릿) / FOOD / 매장 상세 위치: https://myseatcheck.com/대구-라이온즈파크-먹거리-2층-푸드스트릿-해피치/,해피치즈스마일 (푸드스트릿 내부),푸드스트릿 내부,https://myseatcheck.com/대구-라이온즈파크-먹거리-2층-푸드스트리트/,FOOD,store
SC_FOOD_DAEGU_030,DAEGU,대구 삼성 라이온즈 파크,SAMSUNG,HABANERO,2층 (외야),2층,외야,Y,UNOFFICIAL,COMMUNITY_SEATVIEW,myseatcheck.com (자리어때),https://myseatcheck.com/대구-라이온즈파크-먹거리-2층-외야-habanero/,2026-10-07,DETAIL_CHECKED,외부 표기 포함 내부 먹거리 분류. 표시 핀은 실제 매장 좌표 아님. 현재 영업·메뉴 미확인,[대구 삼성 라이온즈 파크] HABANERO / 외야 RF 9구역 / 2층 (외야) / FOOD / 매장 상세 위치: https://myseatcheck.com/대구-라이온즈파크-먹거리-2층-외야-habanero/,HABANERO (외야 RF 9구역),외야 RF 9구역,https://myseatcheck.com/대구-라이온즈파크-먹거리-2층-외야/,FOOD,store
SC_FOOD_DAEGU_031,DAEGU,대구 삼성 라이온즈 파크,SAMSUNG,생맥주,2층 (외야),2층,외야,Y,UNOFFICIAL,COMMUNITY_SEATVIEW,myseatcheck.com (자리어때),https://myseatcheck.com/대구-라이온즈파크-먹거리-2층-외야-생맥주/,2026-10-07,DETAIL_CHECKED,외부 표기 포함 내부 먹거리 분류. 표시 핀은 실제 매장 좌표 아님. 현재 영업·메뉴 미확인,[대구 삼성 라이온즈 파크] 생맥주 / 외야 RF 8구역 / 2층 (외야) / FOOD / 매장 상세 위치: https://myseatcheck.com/대구-라이온즈파크-먹거리-2층-외야-생맥주/,생맥주 (외야 RF 8구역),외야 RF 8구역,https://myseatcheck.com/대구-라이온즈파크-먹거리-2층-외야/,FOOD,store
SC_FOOD_DAEGU_032,DAEGU,대구 삼성 라이온즈 파크,SAMSUNG,디저트 가게,2층 (외야),2층,외야,Y,UNOFFICIAL,COMMUNITY_SEATVIEW,myseatcheck.com (자리어때),https://myseatcheck.com/대구-라이온즈파크-먹거리-2층-외야-디저트가게/,2026-10-07,DETAIL_CHECKED,외부 표기 포함 내부 먹거리 분류. 표시 핀은 실제 매장 좌표 아님. 현재 영업·메뉴 미확인,[대구 삼성 라이온즈 파크] 디저트 가게 / 외야 LF 9구역 / 2층 (외야) / CAFE / 매장 상세 위치: https://myseatcheck.com/대구-라이온즈파크-먹거리-2층-외야-디저트가게/,디저트 가게 (외야 LF 9구역),외야 LF 9구역,https://myseatcheck.com/대구-라이온즈파크-먹거리-2층-외야/,CAFE,store
SC_FOOD_DAEGU_033,DAEGU,대구 삼성 라이온즈 파크,SAMSUNG,생맥주,2층 (외야),2층,외야,Y,UNOFFICIAL,COMMUNITY_SEATVIEW,myseatcheck.com (자리어때),https://myseatcheck.com/대구-라이온즈파크-먹거리-2층-외야-생맥주-2/,2026-10-07,DETAIL_CHECKED,외부 표기 포함 내부 먹거리 분류. 표시 핀은 실제 매장 좌표 아님. 현재 영업·메뉴 미확인,[대구 삼성 라이온즈 파크] 생맥주 / 외야 LF 9구역 / 2층 (외야) / FOOD / 매장 상세 위치: https://myseatcheck.com/대구-라이온즈파크-먹거리-2층-외야-생맥주-2/,생맥주 (외야 LF 9구역),외야 LF 9구역,https://myseatcheck.com/대구-라이온즈파크-먹거리-2층-외야/,FOOD,store
SC_FOOD_DAEGU_034,DAEGU,대구 삼성 라이온즈 파크,SAMSUNG,해피크레페,2층 (외야),2층,외야,Y,UNOFFICIAL,COMMUNITY_SEATVIEW,myseatcheck.com (자리어때),https://myseatcheck.com/대구-라이온즈파크-먹거리-2층-외야-해피크레페/,2026-10-07,DETAIL_CHECKED,외부 표기 포함 내부 먹거리 분류. 표시 핀은 실제 매장 좌표 아님. 현재 영업·메뉴 미확인,[대구 삼성 라이온즈 파크] 해피크레페 / 외야 LF 5구역 / 2층 (외야) / CAFE / 매장 상세 위치: https://myseatcheck.com/대구-라이온즈파크-먹거리-2층-외야-해피크레페/,해피크레페 (외야 LF 5구역),외야 LF 5구역,https://myseatcheck.com/대구-라이온즈파크-먹거리-2층-외야/,CAFE,store
SC_FOOD_DAEGU_035,DAEGU,대구 삼성 라이온즈 파크,SAMSUNG,생맥주,2층 (외야),2층,외야,Y,UNOFFICIAL,COMMUNITY_SEATVIEW,myseatcheck.com (자리어때),https://myseatcheck.com/대구-라이온즈파크-먹거리-2층-외야-생맥주3/,2026-10-07,DETAIL_CHECKED,외부 표기 포함 내부 먹거리 분류. 표시 핀은 실제 매장 좌표 아님. 현재 영업·메뉴 미확인,[대구 삼성 라이온즈 파크] 생맥주 / 외야 LF 4구역 / 2층 (외야) / FOOD / 매장 상세 위치: https://myseatcheck.com/대구-라이온즈파크-먹거리-2층-외야-생맥주3/,생맥주 (외야 LF 4구역),외야 LF 4구역,https://myseatcheck.com/대구-라이온즈파크-먹거리-2층-외야/,FOOD,store
SC_FOOD_DAEGU_036,DAEGU,대구 삼성 라이온즈 파크,SAMSUNG,땅땅치킨 루프탑,2층 (외야),2층,외야,Y,UNOFFICIAL,COMMUNITY_SEATVIEW,myseatcheck.com (자리어때),https://myseatcheck.com/대구-라이온즈파크-먹거리-2층-외야-루프탑테이블석/,2026-10-07,DETAIL_CHECKED,외부 표기 포함 내부 먹거리 분류. 표시 핀은 실제 매장 좌표 아님. 현재 영업·메뉴 미확인,[대구 삼성 라이온즈 파크] 땅땅치킨 루프탑 / 2층 (외야) / 2층 (외야) / FOOD / 매장 상세 위치: https://myseatcheck.com/대구-라이온즈파크-먹거리-2층-외야-루프탑테이블석/,땅땅치킨 루프탑,2층 (외야),https://myseatcheck.com/대구-라이온즈파크-먹거리-2층-외야/,FOOD,store
SC_FOOD_DAEGU_037,DAEGU,대구 삼성 라이온즈 파크,SAMSUNG,맘스터치,2층 (외부),2층,,N,UNOFFICIAL,COMMUNITY_SEATVIEW,myseatcheck.com (자리어때),https://myseatcheck.com/대구-라이온즈파크-먹거리-2층-외부-맘스터치/,2026-10-07,DETAIL_CHECKED,외부 표기 포함 내부 먹거리 분류. 표시 핀은 실제 매장 좌표 아님. 현재 영업·메뉴 미확인,[대구 삼성 라이온즈 파크] 맘스터치 / 주차장 방면 / 2층 (외부) / FOOD / 매장 상세 위치: https://myseatcheck.com/대구-라이온즈파크-먹거리-2층-외부-맘스터치/,맘스터치 (주차장 방면),주차장 방면,https://myseatcheck.com/대구-라이온즈파크-먹거리-2층-외부/,FOOD,store
SC_FOOD_DAEGU_038,DAEGU,대구 삼성 라이온즈 파크,SAMSUNG,버터우드,2층 (외부),2층,,N,UNOFFICIAL,COMMUNITY_SEATVIEW,myseatcheck.com (자리어때),https://myseatcheck.com/대구-라이온즈파크-먹거리-2층-외부-버터우드카페/,2026-10-07,DETAIL_CHECKED,외부 표기 포함 내부 먹거리 분류. 표시 핀은 실제 매장 좌표 아님. 현재 영업·메뉴 미확인,[대구 삼성 라이온즈 파크] 버터우드 / 주차장 방면 / 2층 (외부) / CAFE / 매장 상세 위치: https://myseatcheck.com/대구-라이온즈파크-먹거리-2층-외부-버터우드카페/,버터우드 (주차장 방면),주차장 방면,https://myseatcheck.com/대구-라이온즈파크-먹거리-2층-외부/,CAFE,store
SC_FOOD_DAEGU_039,DAEGU,대구 삼성 라이온즈 파크,SAMSUNG,WOKSTER,2층 (외부),2층,,N,UNOFFICIAL,COMMUNITY_SEATVIEW,myseatcheck.com (자리어때),https://myseatcheck.com/대구-라이온즈파크-먹거리-2층-외부-wokster/,2026-10-07,DETAIL_CHECKED,외부 표기 포함 내부 먹거리 분류. 표시 핀은 실제 매장 좌표 아님. 현재 영업·메뉴 미확인,[대구 삼성 라이온즈 파크] WOKSTER / 주차장 방면 / 2층 (외부) / FOOD / 매장 상세 위치: https://myseatcheck.com/대구-라이온즈파크-먹거리-2층-외부-wokster/,WOKSTER (주차장 방면),주차장 방면,https://myseatcheck.com/대구-라이온즈파크-먹거리-2층-외부/,FOOD,store
SC_FOOD_DAEGU_040,DAEGU,대구 삼성 라이온즈 파크,SAMSUNG,브뤼셀프라이,2층 (외부),2층,,N,UNOFFICIAL,COMMUNITY_SEATVIEW,myseatcheck.com (자리어때),https://myseatcheck.com/대구-라이온즈파크-먹거리-2층-외부-브뤼셀프라이/,2026-10-07,DETAIL_CHECKED,외부 표기 포함 내부 먹거리 분류. 표시 핀은 실제 매장 좌표 아님. 현재 영업·메뉴 미확인,[대구 삼성 라이온즈 파크] 브뤼셀프라이 / 주차장 방면 / 2층 (외부) / FOOD / 매장 상세 위치: https://myseatcheck.com/대구-라이온즈파크-먹거리-2층-외부-브뤼셀프라이/,브뤼셀프라이 (주차장 방면),주차장 방면,https://myseatcheck.com/대구-라이온즈파크-먹거리-2층-외부/,FOOD,store
SC_FOOD_DAEGU_041,DAEGU,대구 삼성 라이온즈 파크,SAMSUNG,버터우드,2층 (외부),2층,,N,UNOFFICIAL,COMMUNITY_SEATVIEW,myseatcheck.com (자리어때),https://myseatcheck.com/대구-라이온즈파크-먹거리-2층-외부외야-버터우드/,2026-10-07,DETAIL_CHECKED,외부 표기 포함 내부 먹거리 분류. 표시 핀은 실제 매장 좌표 아님. 현재 영업·메뉴 미확인,[대구 삼성 라이온즈 파크] 버터우드 / 외부 외야 / 2층 (외부) / CAFE / 매장 상세 위치: https://myseatcheck.com/대구-라이온즈파크-먹거리-2층-외부외야-버터우드/,버터우드 (외부 외야),외부 외야,https://myseatcheck.com/대구-라이온즈파크-먹거리-2층-외부/,CAFE,store
SC_FOOD_DAEGU_042,DAEGU,대구 삼성 라이온즈 파크,SAMSUNG,스트릿츄러스,2층 (외부),2층,,N,UNOFFICIAL,COMMUNITY_SEATVIEW,myseatcheck.com (자리어때),https://myseatcheck.com/대구-라이온즈파크-먹거리-2층-외부외야-스트릿츄/,2026-10-07,DETAIL_CHECKED,외부 표기 포함 내부 먹거리 분류. 표시 핀은 실제 매장 좌표 아님. 현재 영업·메뉴 미확인,[대구 삼성 라이온즈 파크] 스트릿츄러스 / 외부 외야 방면 / 2층 (외부) / CAFE / 매장 상세 위치: https://myseatcheck.com/대구-라이온즈파크-먹거리-2층-외부외야-스트릿츄/,스트릿츄러스 (외부 외야 방면),외부 외야 방면,https://myseatcheck.com/대구-라이온즈파크-먹거리-2층-외부/,CAFE,store
SC_FOOD_DAEGU_043,DAEGU,대구 삼성 라이온즈 파크,SAMSUNG,알통떡강정,2층 (외부),2층,,N,UNOFFICIAL,COMMUNITY_SEATVIEW,myseatcheck.com (자리어때),https://myseatcheck.com/대구-라이온즈파크-먹거리-2층-외부외야-알통떡강/,2026-10-07,DETAIL_CHECKED,외부 표기 포함 내부 먹거리 분류. 표시 핀은 실제 매장 좌표 아님. 현재 영업·메뉴 미확인,[대구 삼성 라이온즈 파크] 알통떡강정 / 주차장 방면 / 2층 (외부) / FOOD / 매장 상세 위치: https://myseatcheck.com/대구-라이온즈파크-먹거리-2층-외부외야-알통떡강/,알통떡강정 (주차장 방면),주차장 방면,https://myseatcheck.com/대구-라이온즈파크-먹거리-2층-외부/,FOOD,store
SC_FOOD_DAEGU_044,DAEGU,대구 삼성 라이온즈 파크,SAMSUNG,HOUSE OF LIONS,외부 1층,1층,,N,UNOFFICIAL,COMMUNITY_SEATVIEW,myseatcheck.com (자리어때),https://myseatcheck.com/대구-라이온즈파크-먹거리-하우스오브라이온즈/,2026-10-07,DETAIL_CHECKED,외부 표기 포함 내부 먹거리 분류. 표시 핀은 실제 매장 좌표 아님. 현재 영업·메뉴 미확인,[대구 삼성 라이온즈 파크] HOUSE OF LIONS / 외부 1층 / 외부 1층 / FOOD / 매장 상세 위치: https://myseatcheck.com/대구-라이온즈파크-먹거리-하우스오브라이온즈/,HOUSE OF LIONS (외부 1층),외부 1층,https://myseatcheck.com/대구-라이온즈파크-먹거리/,FOOD,store
SC_FOOD_DAEGU_045,DAEGU,대구 삼성 라이온즈 파크,SAMSUNG,파티플로어석,3루 4층,4층,,Y,UNOFFICIAL,COMMUNITY_SEATVIEW,myseatcheck.com (자리어때),https://myseatcheck.com/대구-라이온즈파크-먹거리-파티플로어석/,2026-10-07,DETAIL_CHECKED,외부 표기 포함 내부 먹거리 분류. 표시 핀은 실제 매장 좌표 아님. 현재 영업·메뉴 미확인,[대구 삼성 라이온즈 파크] 파티플로어석 / 3루 4층 / 3루 4층 / FOOD / 매장 상세 위치: https://myseatcheck.com/대구-라이온즈파크-먹거리-파티플로어석/,파티플로어석 (3루 4층),3루 4층,https://myseatcheck.com/대구-라이온즈파크-먹거리/,FOOD,area
SC_FOOD_DAEJEON_001,DAEJEON,대전 한화생명 볼파크,HANWHA,BBQ치킨,1루 1층,1층,1루,Y,UNOFFICIAL,COMMUNITY_SEATVIEW,myseatcheck.com (자리어때),https://myseatcheck.com/대전한화생명볼파크-먹거리-1루-1층-bbq치킨-107구역/,2026-10-07,DETAIL_CHECKED,외부 표기 포함 내부 먹거리 분류. 표시 핀은 실제 매장 좌표 아님. 현재 영업·메뉴 미확인,[대전 한화생명 볼파크] BBQ치킨 / 1층 107구역 / 1루 1층 / FOOD / 매장 상세 위치: https://myseatcheck.com/대전한화생명볼파크-먹거리-1루-1층-bbq치킨-107구역/,BBQ치킨 (1층 107구역),1층 107구역,https://myseatcheck.com/대전한화생명볼파크-먹거리-1루-1층/,FOOD,store
SC_FOOD_DAEJEON_002,DAEJEON,대전 한화생명 볼파크,HANWHA,GS25,1루 1층,1층,1루,Y,UNOFFICIAL,COMMUNITY_SEATVIEW,myseatcheck.com (자리어때),https://myseatcheck.com/대전한화생명볼파크-먹거리-1루-1층-gs25/,2026-10-07,DETAIL_CHECKED,외부 표기 포함 내부 먹거리 분류. 표시 핀은 실제 매장 좌표 아님. 현재 영업·메뉴 미확인,[대전 한화생명 볼파크] GS25 / 1루 101구역 ~ 외야 / 1루 1층 / CONVENIENCE / 매장 상세 위치: https://myseatcheck.com/대전한화생명볼파크-먹거리-1루-1층-gs25/,GS25 (1루 101구역 ~ 외야),1루 101구역 ~ 외야,https://myseatcheck.com/대전한화생명볼파크-먹거리-1루-1층/,CONVENIENCE,store
SC_FOOD_DAEJEON_003,DAEJEON,대전 한화생명 볼파크,HANWHA,명랑핫도그,1루 1층,1층,1루,Y,UNOFFICIAL,COMMUNITY_SEATVIEW,myseatcheck.com (자리어때),https://myseatcheck.com/대전한화생명볼파크-먹거리-1루-1층-명랑핫도그/,2026-10-07,DETAIL_CHECKED,외부 표기 포함 내부 먹거리 분류. 표시 핀은 실제 매장 좌표 아님. 현재 영업·메뉴 미확인,[대전 한화생명 볼파크] 명랑핫도그 / 1층 104구역 / 1루 1층 / FOOD / 매장 상세 위치: https://myseatcheck.com/대전한화생명볼파크-먹거리-1루-1층-명랑핫도그/,명랑핫도그 (1층 104구역),1층 104구역,https://myseatcheck.com/대전한화생명볼파크-먹거리-1루-1층/,FOOD,store
SC_FOOD_DAEJEON_004,DAEJEON,대전 한화생명 볼파크,HANWHA,원조 바로그집,1루 1층,1층,1루,Y,UNOFFICIAL,COMMUNITY_SEATVIEW,myseatcheck.com (자리어때),https://myseatcheck.com/대전한화생명볼파크-먹거리-1루-1층-바로그집/,2026-10-07,DETAIL_CHECKED,외부 표기 포함 내부 먹거리 분류. 표시 핀은 실제 매장 좌표 아님. 현재 영업·메뉴 미확인,[대전 한화생명 볼파크] 원조 바로그집 / 1루 111구역 / 1루 1층 / FOOD / 매장 상세 위치: https://myseatcheck.com/대전한화생명볼파크-먹거리-1루-1층-바로그집/,원조 바로그집 (1루 111구역),1루 111구역,https://myseatcheck.com/대전한화생명볼파크-먹거리-1루-1층/,FOOD,store
SC_FOOD_DAEJEON_005,DAEJEON,대전 한화생명 볼파크,HANWHA,반올림피자,1루 1층,1층,1루,Y,UNOFFICIAL,COMMUNITY_SEATVIEW,myseatcheck.com (자리어때),https://myseatcheck.com/대전한화생명볼파크-먹거리-1루-1층-반올림피자/,2026-10-07,DETAIL_CHECKED,외부 표기 포함 내부 먹거리 분류. 표시 핀은 실제 매장 좌표 아님. 현재 영업·메뉴 미확인,[대전 한화생명 볼파크] 반올림피자 / 1루 105구역 / 1루 1층 / FOOD / 매장 상세 위치: https://myseatcheck.com/대전한화생명볼파크-먹거리-1루-1층-반올림피자/,반올림피자 (1루 105구역),1루 105구역,https://myseatcheck.com/대전한화생명볼파크-먹거리-1루-1층/,FOOD,store
SC_FOOD_DAEJEON_006,DAEJEON,대전 한화생명 볼파크,HANWHA,북촌손만두,1루 1층,1층,1루,Y,UNOFFICIAL,COMMUNITY_SEATVIEW,myseatcheck.com (자리어때),https://myseatcheck.com/대전한화생명볼파크-먹거리-1루-1층-북촌손만두/,2026-10-07,DETAIL_CHECKED,외부 표기 포함 내부 먹거리 분류. 표시 핀은 실제 매장 좌표 아님. 현재 영업·메뉴 미확인,[대전 한화생명 볼파크] 북촌손만두 / 1루 107구역 / 1루 1층 / FOOD / 매장 상세 위치: https://myseatcheck.com/대전한화생명볼파크-먹거리-1루-1층-북촌손만두/,북촌손만두 (1루 107구역),1루 107구역,https://myseatcheck.com/대전한화생명볼파크-먹거리-1루-1층/,FOOD,store
SC_FOOD_DAEJEON_007,DAEJEON,대전 한화생명 볼파크,HANWHA,선비꼬마김밥,1루 1층,1층,1루,Y,UNOFFICIAL,COMMUNITY_SEATVIEW,myseatcheck.com (자리어때),https://myseatcheck.com/대전한화생명볼파크-먹거리-1루-1층-선비꼬마김밥/,2026-10-07,DETAIL_CHECKED,외부 표기 포함 내부 먹거리 분류. 표시 핀은 실제 매장 좌표 아님. 현재 영업·메뉴 미확인,[대전 한화생명 볼파크] 선비꼬마김밥 / 1루 111구역 / 1루 1층 / FOOD / 매장 상세 위치: https://myseatcheck.com/대전한화생명볼파크-먹거리-1루-1층-선비꼬마김밥/,선비꼬마김밥 (1루 111구역),1루 111구역,https://myseatcheck.com/대전한화생명볼파크-먹거리-1루-1층/,FOOD,store
SC_FOOD_DAEJEON_008,DAEJEON,대전 한화생명 볼파크,HANWHA,완미족발,1루 1층,1층,1루,Y,UNOFFICIAL,COMMUNITY_SEATVIEW,myseatcheck.com (자리어때),https://myseatcheck.com/대전한화생명볼파크-먹거리-1루-1층-완미족발/,2026-10-07,DETAIL_CHECKED,외부 표기 포함 내부 먹거리 분류. 표시 핀은 실제 매장 좌표 아님. 현재 영업·메뉴 미확인,[대전 한화생명 볼파크] 완미족발 / 1루 109구역 / 1루 1층 / FOOD / 매장 상세 위치: https://myseatcheck.com/대전한화생명볼파크-먹거리-1루-1층-완미족발/,완미족발 (1루 109구역),1루 109구역,https://myseatcheck.com/대전한화생명볼파크-먹거리-1루-1층/,FOOD,store
SC_FOOD_DAEJEON_009,DAEJEON,대전 한화생명 볼파크,HANWHA,이글스브루어리/오수리,1루 1층,1층,1루,Y,UNOFFICIAL,COMMUNITY_SEATVIEW,myseatcheck.com (자리어때),https://myseatcheck.com/대전한화생명볼파크-먹거리-1루-1층-이글스브루어/,2026-10-07,DETAIL_CHECKED,외부 표기 포함 내부 먹거리 분류. 표시 핀은 실제 매장 좌표 아님. 현재 영업·메뉴 미확인,[대전 한화생명 볼파크] 이글스브루어리/오수리 / 1루 102구역 / 1루 1층 / FOOD / 매장 상세 위치: https://myseatcheck.com/대전한화생명볼파크-먹거리-1루-1층-이글스브루어/,이글스브루어리/오수리 (1루 102구역),1루 102구역,https://myseatcheck.com/대전한화생명볼파크-먹거리-1루-1층/,FOOD,store
SC_FOOD_DAEJEON_010,DAEJEON,대전 한화생명 볼파크,HANWHA,자담치킨,1루 1층,1층,1루,Y,UNOFFICIAL,COMMUNITY_SEATVIEW,myseatcheck.com (자리어때),https://myseatcheck.com/대전한화생명볼파크-먹거리-1루-1층-자담치킨/,2026-10-07,DETAIL_CHECKED,외부 표기 포함 내부 먹거리 분류. 표시 핀은 실제 매장 좌표 아님. 현재 영업·메뉴 미확인,[대전 한화생명 볼파크] 자담치킨 / 1루 107구역 / 1루 1층 / FOOD / 매장 상세 위치: https://myseatcheck.com/대전한화생명볼파크-먹거리-1루-1층-자담치킨/,자담치킨 (1루 107구역),1루 107구역,https://myseatcheck.com/대전한화생명볼파크-먹거리-1루-1층/,FOOD,store
SC_FOOD_DAEJEON_011,DAEJEON,대전 한화생명 볼파크,HANWHA,BBQ치킨,1루 1층,1층,1루,Y,UNOFFICIAL,COMMUNITY_SEATVIEW,myseatcheck.com (자리어때),https://myseatcheck.com/대전한화생명볼파크-먹거리-1루-1층-bbq치킨/,2026-10-07,DETAIL_CHECKED,외부 표기 포함 내부 먹거리 분류. 표시 핀은 실제 매장 좌표 아님. 현재 영업·메뉴 미확인,[대전 한화생명 볼파크] BBQ치킨 / 1층 101구역 / 1루 1층 / FOOD / 매장 상세 위치: https://myseatcheck.com/대전한화생명볼파크-먹거리-1루-1층-bbq치킨/,BBQ치킨 (1층 101구역),1층 101구역,https://myseatcheck.com/대전한화생명볼파크-먹거리-1루-1층/,FOOD,store
SC_FOOD_DAEJEON_012,DAEJEON,대전 한화생명 볼파크,HANWHA,BBQ치킨,중앙 1층,1층,중앙,Y,UNOFFICIAL,COMMUNITY_SEATVIEW,myseatcheck.com (자리어때),https://myseatcheck.com/대전한화생명볼파크-먹거리-중앙-1층-bbq치킨/,2026-10-07,DETAIL_CHECKED,외부 표기 포함 내부 먹거리 분류. 표시 핀은 실제 매장 좌표 아님. 현재 영업·메뉴 미확인,[대전 한화생명 볼파크] BBQ치킨 / 중앙 100B구역 / 중앙 1층 / FOOD / 매장 상세 위치: https://myseatcheck.com/대전한화생명볼파크-먹거리-중앙-1층-bbq치킨/,BBQ치킨 (중앙 100B구역),중앙 100B구역,https://myseatcheck.com/대전한화생명볼파크-먹거리-중앙-1층/,FOOD,store
SC_FOOD_DAEJEON_013,DAEJEON,대전 한화생명 볼파크,HANWHA,공차,중앙 1층,1층,중앙,Y,UNOFFICIAL,COMMUNITY_SEATVIEW,myseatcheck.com (자리어때),https://myseatcheck.com/대전한화생명볼파크-먹거리-중앙-1층-공차/,2026-10-07,DETAIL_CHECKED,외부 표기 포함 내부 먹거리 분류. 표시 핀은 실제 매장 좌표 아님. 현재 영업·메뉴 미확인,[대전 한화생명 볼파크] 공차 / 중앙 100C구역 / 중앙 1층 / CAFE / 매장 상세 위치: https://myseatcheck.com/대전한화생명볼파크-먹거리-중앙-1층-공차/,공차 (중앙 100C구역),중앙 100C구역,https://myseatcheck.com/대전한화생명볼파크-먹거리-중앙-1층/,CAFE,store
SC_FOOD_DAEJEON_014,DAEJEON,대전 한화생명 볼파크,HANWHA,GS25,중앙 1층,1층,중앙,Y,UNOFFICIAL,COMMUNITY_SEATVIEW,myseatcheck.com (자리어때),https://myseatcheck.com/대전한화생명볼파크-먹거리-중앙-1층-gs25/,2026-10-07,DETAIL_CHECKED,외부 표기 포함 내부 먹거리 분류. 표시 핀은 실제 매장 좌표 아님. 현재 영업·메뉴 미확인,[대전 한화생명 볼파크] GS25 / 중앙 100B구역 / 중앙 1층 / CONVENIENCE / 매장 상세 위치: https://myseatcheck.com/대전한화생명볼파크-먹거리-중앙-1층-gs25/,GS25 (중앙 100B구역),중앙 100B구역,https://myseatcheck.com/대전한화생명볼파크-먹거리-중앙-1층/,CONVENIENCE,store
SC_FOOD_DAEJEON_015,DAEJEON,대전 한화생명 볼파크,HANWHA,반올림피자,중앙 1층,1층,중앙,Y,UNOFFICIAL,COMMUNITY_SEATVIEW,myseatcheck.com (자리어때),https://myseatcheck.com/대전한화생명볼파크-먹거리-중앙-1층-반올림피자/,2026-10-07,DETAIL_CHECKED,외부 표기 포함 내부 먹거리 분류. 표시 핀은 실제 매장 좌표 아님. 현재 영업·메뉴 미확인,[대전 한화생명 볼파크] 반올림피자 / 중앙 100B구역 / 중앙 1층 / FOOD / 매장 상세 위치: https://myseatcheck.com/대전한화생명볼파크-먹거리-중앙-1층-반올림피자/,반올림피자 (중앙 100B구역),중앙 100B구역,https://myseatcheck.com/대전한화생명볼파크-먹거리-중앙-1층/,FOOD,store
SC_FOOD_DAEJEON_016,DAEJEON,대전 한화생명 볼파크,HANWHA,완미족발,중앙 1층,1층,중앙,Y,UNOFFICIAL,COMMUNITY_SEATVIEW,myseatcheck.com (자리어때),https://myseatcheck.com/대전한화생명볼파크-먹거리-중앙-1층-완미족발/,2026-10-07,DETAIL_CHECKED,외부 표기 포함 내부 먹거리 분류. 표시 핀은 실제 매장 좌표 아님. 현재 영업·메뉴 미확인,[대전 한화생명 볼파크] 완미족발 / 중앙 100B구역 / 중앙 1층 / FOOD / 매장 상세 위치: https://myseatcheck.com/대전한화생명볼파크-먹거리-중앙-1층-완미족발/,완미족발 (중앙 100B구역),중앙 100B구역,https://myseatcheck.com/대전한화생명볼파크-먹거리-중앙-1층/,FOOD,store
SC_FOOD_DAEJEON_017,DAEJEON,대전 한화생명 볼파크,HANWHA,은구비 커피,중앙 1층,1층,중앙,Y,UNOFFICIAL,COMMUNITY_SEATVIEW,myseatcheck.com (자리어때),https://myseatcheck.com/대전한화생명볼파크-먹거리-중앙-1층-은구비커피/,2026-10-07,DETAIL_CHECKED,외부 표기 포함 내부 먹거리 분류. 표시 핀은 실제 매장 좌표 아님. 현재 영업·메뉴 미확인,[대전 한화생명 볼파크] 은구비 커피 / 중앙 100A구역 / 중앙 1층 / CAFE / 매장 상세 위치: https://myseatcheck.com/대전한화생명볼파크-먹거리-중앙-1층-은구비커피/,은구비 커피 (중앙 100A구역),중앙 100A구역,https://myseatcheck.com/대전한화생명볼파크-먹거리-중앙-1층/,CAFE,store
SC_FOOD_DAEJEON_018,DAEJEON,대전 한화생명 볼파크,HANWHA,이글스브루어리,중앙 1층,1층,중앙,Y,UNOFFICIAL,COMMUNITY_SEATVIEW,myseatcheck.com (자리어때),https://myseatcheck.com/대전한화생명볼파크-먹거리-중앙-1층-이글스브루어-2/,2026-10-07,DETAIL_CHECKED,외부 표기 포함 내부 먹거리 분류. 표시 핀은 실제 매장 좌표 아님. 현재 영업·메뉴 미확인,[대전 한화생명 볼파크] 이글스브루어리 / 중앙 100C구역 / 중앙 1층 / FOOD / 매장 상세 위치: https://myseatcheck.com/대전한화생명볼파크-먹거리-중앙-1층-이글스브루어-2/,이글스브루어리 (중앙 100C구역),중앙 100C구역,https://myseatcheck.com/대전한화생명볼파크-먹거리-중앙-1층/,FOOD,store
SC_FOOD_DAEJEON_019,DAEJEON,대전 한화생명 볼파크,HANWHA,이닝스,중앙 1층,1층,중앙,Y,UNOFFICIAL,COMMUNITY_SEATVIEW,myseatcheck.com (자리어때),https://myseatcheck.com/대전한화생명볼파크-먹거리-중앙-1층-이닝스/,2026-10-07,DETAIL_CHECKED,외부 표기 포함 내부 먹거리 분류. 표시 핀은 실제 매장 좌표 아님. 현재 영업·메뉴 미확인,[대전 한화생명 볼파크] 이닝스 / 중앙 100C구역 / 중앙 1층 / FOOD / 매장 상세 위치: https://myseatcheck.com/대전한화생명볼파크-먹거리-중앙-1층-이닝스/,이닝스 (중앙 100C구역),중앙 100C구역,https://myseatcheck.com/대전한화생명볼파크-먹거리-중앙-1층/,FOOD,store
SC_FOOD_DAEJEON_020,DAEJEON,대전 한화생명 볼파크,HANWHA,자담치킨,중앙 1층,1층,중앙,Y,UNOFFICIAL,COMMUNITY_SEATVIEW,myseatcheck.com (자리어때),https://myseatcheck.com/대전한화생명볼파크-먹거리-중앙-1층-2/,2026-10-07,DETAIL_CHECKED,외부 표기 포함 내부 먹거리 분류. 표시 핀은 실제 매장 좌표 아님. 현재 영업·메뉴 미확인,[대전 한화생명 볼파크] 자담치킨 / 중앙 100B구역 / 중앙 1층 / FOOD / 매장 상세 위치: https://myseatcheck.com/대전한화생명볼파크-먹거리-중앙-1층-2/,자담치킨 (중앙 100B구역),중앙 100B구역,https://myseatcheck.com/대전한화생명볼파크-먹거리-중앙-1층/,FOOD,store
SC_FOOD_DAEJEON_021,DAEJEON,대전 한화생명 볼파크,HANWHA,GS25,3루 1층,1층,3루,Y,UNOFFICIAL,COMMUNITY_SEATVIEW,myseatcheck.com (자리어때),https://myseatcheck.com/대전한화생명볼파크-먹거리-3루-1층-gs25/,2026-10-07,DETAIL_CHECKED,외부 표기 포함 내부 먹거리 분류. 표시 핀은 실제 매장 좌표 아님. 현재 영업·메뉴 미확인,[대전 한화생명 볼파크] GS25 / 3루 124구역 / 3루 1층 / CONVENIENCE / 매장 상세 위치: https://myseatcheck.com/대전한화생명볼파크-먹거리-3루-1층-gs25/,GS25 (3루 124구역),3루 124구역,https://myseatcheck.com/대전한화생명볼파크-먹거리-3루-1층/,CONVENIENCE,store
SC_FOOD_DAEJEON_022,DAEJEON,대전 한화생명 볼파크,HANWHA,구루닭,3루 1층,1층,3루,Y,UNOFFICIAL,COMMUNITY_SEATVIEW,myseatcheck.com (자리어때),https://myseatcheck.com/대전한화생명볼파크-먹거리-3루-1층-구르닭/,2026-10-07,DETAIL_CHECKED,외부 표기 포함 내부 먹거리 분류. 표시 핀은 실제 매장 좌표 아님. 현재 영업·메뉴 미확인,[대전 한화생명 볼파크] 구루닭 / 3루 116구역 / 3루 1층 / FOOD / 매장 상세 위치: https://myseatcheck.com/대전한화생명볼파크-먹거리-3루-1층-구르닭/,구루닭 (3루 116구역),3루 116구역,https://myseatcheck.com/대전한화생명볼파크-먹거리-3루-1층/,FOOD,store
SC_FOOD_DAEJEON_023,DAEJEON,대전 한화생명 볼파크,HANWHA,농심가락,3루 1층,1층,3루,Y,UNOFFICIAL,COMMUNITY_SEATVIEW,myseatcheck.com (자리어때),https://myseatcheck.com/대전한화생명볼파크-먹거리-3루-1층-농심가락/,2026-10-07,DETAIL_CHECKED,외부 표기 포함 내부 먹거리 분류. 표시 핀은 실제 매장 좌표 아님. 현재 영업·메뉴 미확인,[대전 한화생명 볼파크] 농심가락 / 3루 122구역 / 3루 1층 / FOOD / 매장 상세 위치: https://myseatcheck.com/대전한화생명볼파크-먹거리-3루-1층-농심가락/,농심가락 (3루 122구역),3루 122구역,https://myseatcheck.com/대전한화생명볼파크-먹거리-3루-1층/,FOOD,store
SC_FOOD_DAEJEON_024,DAEJEON,대전 한화생명 볼파크,HANWHA,마성떡볶이,3루 1층,1층,3루,Y,UNOFFICIAL,COMMUNITY_SEATVIEW,myseatcheck.com (자리어때),https://myseatcheck.com/대전한화생명볼파크-먹거리-3루-1층-마성떡볶이/,2026-10-07,DETAIL_CHECKED,외부 표기 포함 내부 먹거리 분류. 표시 핀은 실제 매장 좌표 아님. 현재 영업·메뉴 미확인,[대전 한화생명 볼파크] 마성떡볶이 / 1층 113구역 / 3루 1층 / FOOD / 매장 상세 위치: https://myseatcheck.com/대전한화생명볼파크-먹거리-3루-1층-마성떡볶이/,마성떡볶이 (1층 113구역),1층 113구역,https://myseatcheck.com/대전한화생명볼파크-먹거리-3루-1층/,FOOD,store
SC_FOOD_DAEJEON_025,DAEJEON,대전 한화생명 볼파크,HANWHA,브뤼셀프라이,3루 1층,1층,3루,Y,UNOFFICIAL,COMMUNITY_SEATVIEW,myseatcheck.com (자리어때),https://myseatcheck.com/대전한화생명볼파크-먹거리-3루-1층-브뤼셀프라이/,2026-10-07,DETAIL_CHECKED,외부 표기 포함 내부 먹거리 분류. 표시 핀은 실제 매장 좌표 아님. 현재 영업·메뉴 미확인,[대전 한화생명 볼파크] 브뤼셀프라이 / 3루 120구역 / 3루 1층 / FOOD / 매장 상세 위치: https://myseatcheck.com/대전한화생명볼파크-먹거리-3루-1층-브뤼셀프라이/,브뤼셀프라이 (3루 120구역),3루 120구역,https://myseatcheck.com/대전한화생명볼파크-먹거리-3루-1층/,FOOD,store
SC_FOOD_DAEJEON_026,DAEJEON,대전 한화생명 볼파크,HANWHA,요아정,3루 1층,1층,3루,Y,UNOFFICIAL,COMMUNITY_SEATVIEW,myseatcheck.com (자리어때),https://myseatcheck.com/대전한화생명볼파크-먹거리-3루-1층-요아정/,2026-10-07,DETAIL_CHECKED,외부 표기 포함 내부 먹거리 분류. 표시 핀은 실제 매장 좌표 아님. 현재 영업·메뉴 미확인,[대전 한화생명 볼파크] 요아정 / 3루 118구역 / 3루 1층 / CAFE / 매장 상세 위치: https://myseatcheck.com/대전한화생명볼파크-먹거리-3루-1층-요아정/,요아정 (3루 118구역),3루 118구역,https://myseatcheck.com/대전한화생명볼파크-먹거리-3루-1층/,CAFE,store
SC_FOOD_DAEJEON_027,DAEJEON,대전 한화생명 볼파크,HANWHA,자담치킨,3루 1층,1층,3루,Y,UNOFFICIAL,COMMUNITY_SEATVIEW,myseatcheck.com (자리어때),https://myseatcheck.com/대전한화생명볼파크-먹거리-3루-1층-자담치킨/,2026-10-07,DETAIL_CHECKED,외부 표기 포함 내부 먹거리 분류. 표시 핀은 실제 매장 좌표 아님. 현재 영업·메뉴 미확인,[대전 한화생명 볼파크] 자담치킨 / 1층 114구역 / 3루 1층 / FOOD / 매장 상세 위치: https://myseatcheck.com/대전한화생명볼파크-먹거리-3루-1층-자담치킨/,자담치킨 (1층 114구역),1층 114구역,https://myseatcheck.com/대전한화생명볼파크-먹거리-3루-1층/,FOOD,store
SC_FOOD_DAEJEON_028,DAEJEON,대전 한화생명 볼파크,HANWHA,BBQ치킨,2층 1루,2층,1루,Y,UNOFFICIAL,COMMUNITY_SEATVIEW,myseatcheck.com (자리어때),https://myseatcheck.com/대전한화생명볼파크-먹거리-2층-1루-bbq치킨/,2026-10-07,DETAIL_CHECKED,외부 표기 포함 내부 먹거리 분류. 표시 핀은 실제 매장 좌표 아님. 현재 영업·메뉴 미확인,[대전 한화생명 볼파크] BBQ치킨 / 2층 211구역 / 2층 1루 / FOOD / 매장 상세 위치: https://myseatcheck.com/대전한화생명볼파크-먹거리-2층-1루-bbq치킨/,BBQ치킨 (2층 211구역),2층 211구역,https://myseatcheck.com/대전한화생명볼파크-먹거리-2층-1루/,FOOD,store
SC_FOOD_DAEJEON_029,DAEJEON,대전 한화생명 볼파크,HANWHA,EST1985 이닝스,2층 1루,2층,1루,Y,UNOFFICIAL,COMMUNITY_SEATVIEW,myseatcheck.com (자리어때),https://myseatcheck.com/대전한화생명볼파크-먹거리-2층-1루-est1985-이닝스/,2026-10-07,DETAIL_CHECKED,외부 표기 포함 내부 먹거리 분류. 표시 핀은 실제 매장 좌표 아님. 현재 영업·메뉴 미확인,[대전 한화생명 볼파크] EST1985 이닝스 / 2층 201구역 / 2층 1루 / FOOD / 매장 상세 위치: https://myseatcheck.com/대전한화생명볼파크-먹거리-2층-1루-est1985-이닝스/,EST1985 이닝스 (2층 201구역),2층 201구역,https://myseatcheck.com/대전한화생명볼파크-먹거리-2층-1루/,FOOD,store
SC_FOOD_DAEJEON_030,DAEJEON,대전 한화생명 볼파크,HANWHA,EXPRESS,2층 1루,2층,1루,Y,UNOFFICIAL,COMMUNITY_SEATVIEW,myseatcheck.com (자리어때),https://myseatcheck.com/대전한화생명볼파크-먹거리-2층-1루-express/,2026-10-07,DETAIL_CHECKED,외부 표기 포함 내부 먹거리 분류. 표시 핀은 실제 매장 좌표 아님. 현재 영업·메뉴 미확인,[대전 한화생명 볼파크] EXPRESS / 1루 2층 201구역 / 2층 1루 / FOOD / 매장 상세 위치: https://myseatcheck.com/대전한화생명볼파크-먹거리-2층-1루-express/,EXPRESS (1루 2층 201구역),1루 2층 201구역,https://myseatcheck.com/대전한화생명볼파크-먹거리-2층-1루/,FOOD,store
SC_FOOD_DAEJEON_031,DAEJEON,대전 한화생명 볼파크,HANWHA,GS25,2층 1루,2층,1루,Y,UNOFFICIAL,COMMUNITY_SEATVIEW,myseatcheck.com (자리어때),https://myseatcheck.com/대전한화생명볼파크-먹거리-2층-1루-gs25/,2026-10-07,DETAIL_CHECKED,외부 표기 포함 내부 먹거리 분류. 표시 핀은 실제 매장 좌표 아님. 현재 영업·메뉴 미확인,[대전 한화생명 볼파크] GS25 / 1루 2층 205구역 / 2층 1루 / CONVENIENCE / 매장 상세 위치: https://myseatcheck.com/대전한화생명볼파크-먹거리-2층-1루-gs25/,GS25 (1루 2층 205구역),1루 2층 205구역,https://myseatcheck.com/대전한화생명볼파크-먹거리-2층-1루/,CONVENIENCE,store
SC_FOOD_DAEJEON_032,DAEJEON,대전 한화생명 볼파크,HANWHA,더본베이커리,2층 1루,2층,1루,Y,UNOFFICIAL,COMMUNITY_SEATVIEW,myseatcheck.com (자리어때),https://myseatcheck.com/대전한화생명볼파크-먹거리-2층-1루-더본베이커리/,2026-10-07,DETAIL_CHECKED,외부 표기 포함 내부 먹거리 분류. 표시 핀은 실제 매장 좌표 아님. 현재 영업·메뉴 미확인,[대전 한화생명 볼파크] 더본베이커리 / 1루 2층 203구역 / 2층 1루 / CAFE / 매장 상세 위치: https://myseatcheck.com/대전한화생명볼파크-먹거리-2층-1루-더본베이커리/,더본베이커리 (1루 2층 203구역),1루 2층 203구역,https://myseatcheck.com/대전한화생명볼파크-먹거리-2층-1루/,CAFE,store
SC_FOOD_DAEJEON_033,DAEJEON,대전 한화생명 볼파크,HANWHA,자담치킨,2층 1루,2층,1루,Y,UNOFFICIAL,COMMUNITY_SEATVIEW,myseatcheck.com (자리어때),https://myseatcheck.com/대전한화생명볼파크-먹거리-2층-1루-자담치킨/,2026-10-07,DETAIL_CHECKED,외부 표기 포함 내부 먹거리 분류. 표시 핀은 실제 매장 좌표 아님. 현재 영업·메뉴 미확인,[대전 한화생명 볼파크] 자담치킨 / 1루 2층 202구역 / 2층 1루 / FOOD / 매장 상세 위치: https://myseatcheck.com/대전한화생명볼파크-먹거리-2층-1루-자담치킨/,자담치킨 (1루 2층 202구역),1루 2층 202구역,https://myseatcheck.com/대전한화생명볼파크-먹거리-2층-1루/,FOOD,store
SC_FOOD_DAEJEON_034,DAEJEON,대전 한화생명 볼파크,HANWHA,고투웍,2층 3루 더본 테이스티,2층,3루,Y,UNOFFICIAL,COMMUNITY_SEATVIEW,myseatcheck.com (자리어때),https://myseatcheck.com/대전한화생명볼파크-먹거리-2층-3루-더본테이스티-5/,2026-10-07,DETAIL_CHECKED,외부 표기 포함 내부 먹거리 분류. 표시 핀은 실제 매장 좌표 아님. 현재 영업·메뉴 미확인,[대전 한화생명 볼파크] 고투웍 / 3루 2층 더본테이스티 / 2층 3루 더본 테이스티 / FOOD / 매장 상세 위치: https://myseatcheck.com/대전한화생명볼파크-먹거리-2층-3루-더본테이스티-5/,고투웍 (3루 2층 더본테이스티),3루 2층 더본테이스티,https://myseatcheck.com/대전한화생명볼파크-먹거리-2층-3루-더본테이스티/,FOOD,store
SC_FOOD_DAEJEON_035,DAEJEON,대전 한화생명 볼파크,HANWHA,백스비어,2층 3루 더본 테이스티,2층,3루,Y,UNOFFICIAL,COMMUNITY_SEATVIEW,myseatcheck.com (자리어때),https://myseatcheck.com/대전한화생명볼파크-먹거리-2층-3루-더본테이스티-3/,2026-10-07,DETAIL_CHECKED,외부 표기 포함 내부 먹거리 분류. 표시 핀은 실제 매장 좌표 아님. 현재 영업·메뉴 미확인,[대전 한화생명 볼파크] 백스비어 / 2층 3루 더본테이스티 / 2층 3루 더본 테이스티 / FOOD / 매장 상세 위치: https://myseatcheck.com/대전한화생명볼파크-먹거리-2층-3루-더본테이스티-3/,백스비어 (2층 3루 더본테이스티),2층 3루 더본테이스티,https://myseatcheck.com/대전한화생명볼파크-먹거리-2층-3루-더본테이스티/,FOOD,store
SC_FOOD_DAEJEON_036,DAEJEON,대전 한화생명 볼파크,HANWHA,빽보이,2층 3루 더본 테이스티,2층,3루,Y,UNOFFICIAL,COMMUNITY_SEATVIEW,myseatcheck.com (자리어때),https://myseatcheck.com/대전한화생명볼파크-먹거리-2층-3루-더본테이스티-6/,2026-10-07,DETAIL_CHECKED,외부 표기 포함 내부 먹거리 분류. 표시 핀은 실제 매장 좌표 아님. 현재 영업·메뉴 미확인,[대전 한화생명 볼파크] 빽보이 / 3루 2층 더본테이스티 / 2층 3루 더본 테이스티 / FOOD / 매장 상세 위치: https://myseatcheck.com/대전한화생명볼파크-먹거리-2층-3루-더본테이스티-6/,빽보이 (3루 2층 더본테이스티),3루 2층 더본테이스티,https://myseatcheck.com/대전한화생명볼파크-먹거리-2층-3루-더본테이스티/,FOOD,store
SC_FOOD_DAEJEON_037,DAEJEON,대전 한화생명 볼파크,HANWHA,새마을식당,2층 3루 더본 테이스티,2층,3루,Y,UNOFFICIAL,COMMUNITY_SEATVIEW,myseatcheck.com (자리어때),https://myseatcheck.com/대전한화생명볼파크-먹거리-2층-3루-더본테이스티-8/,2026-10-07,DETAIL_CHECKED,외부 표기 포함 내부 먹거리 분류. 표시 핀은 실제 매장 좌표 아님. 현재 영업·메뉴 미확인,[대전 한화생명 볼파크] 새마을식당 / 3루 2층 더본테이스티 / 2층 3루 더본 테이스티 / FOOD / 매장 상세 위치: https://myseatcheck.com/대전한화생명볼파크-먹거리-2층-3루-더본테이스티-8/,새마을식당 (3루 2층 더본테이스티),3루 2층 더본테이스티,https://myseatcheck.com/대전한화생명볼파크-먹거리-2층-3루-더본테이스티/,FOOD,store
SC_FOOD_DAEJEON_038,DAEJEON,대전 한화생명 볼파크,HANWHA,역전우동,2층 3루 더본 테이스티,2층,3루,Y,UNOFFICIAL,COMMUNITY_SEATVIEW,myseatcheck.com (자리어때),https://myseatcheck.com/대전한화생명볼파크-먹거리-2층-3루-더본테이스티-7/,2026-10-07,DETAIL_CHECKED,외부 표기 포함 내부 먹거리 분류. 표시 핀은 실제 매장 좌표 아님. 현재 영업·메뉴 미확인,[대전 한화생명 볼파크] 역전우동 / 3루 2층 더본테이스티 / 2층 3루 더본 테이스티 / FOOD / 매장 상세 위치: https://myseatcheck.com/대전한화생명볼파크-먹거리-2층-3루-더본테이스티-7/,역전우동 (3루 2층 더본테이스티),3루 2층 더본테이스티,https://myseatcheck.com/대전한화생명볼파크-먹거리-2층-3루-더본테이스티/,FOOD,store
SC_FOOD_DAEJEON_039,DAEJEON,대전 한화생명 볼파크,HANWHA,연돈볼카츠,2층 3루 더본 테이스티,2층,3루,Y,UNOFFICIAL,COMMUNITY_SEATVIEW,myseatcheck.com (자리어때),https://myseatcheck.com/대전한화생명볼파크-먹거리-2층-3루-더본테이스티-4/,2026-10-07,DETAIL_CHECKED,외부 표기 포함 내부 먹거리 분류. 표시 핀은 실제 매장 좌표 아님. 현재 영업·메뉴 미확인,[대전 한화생명 볼파크] 연돈볼카츠 / 2층 3루 더본테이스티 / 2층 3루 더본 테이스티 / FOOD / 매장 상세 위치: https://myseatcheck.com/대전한화생명볼파크-먹거리-2층-3루-더본테이스티-4/,연돈볼카츠 (2층 3루 더본테이스티),2층 3루 더본테이스티,https://myseatcheck.com/대전한화생명볼파크-먹거리-2층-3루-더본테이스티/,FOOD,store
SC_FOOD_DAEJEON_040,DAEJEON,대전 한화생명 볼파크,HANWHA,한신포차,2층 3루 더본 테이스티,2층,3루,Y,UNOFFICIAL,COMMUNITY_SEATVIEW,myseatcheck.com (자리어때),https://myseatcheck.com/대전한화생명볼파크-먹거리-2층-3루-더본테이스티-2/,2026-10-07,DETAIL_CHECKED,외부 표기 포함 내부 먹거리 분류. 표시 핀은 실제 매장 좌표 아님. 현재 영업·메뉴 미확인,[대전 한화생명 볼파크] 한신포차 / 3루 2층 더본테이스티 / 2층 3루 더본 테이스티 / FOOD / 매장 상세 위치: https://myseatcheck.com/대전한화생명볼파크-먹거리-2층-3루-더본테이스티-2/,한신포차 (3루 2층 더본테이스티),3루 2층 더본테이스티,https://myseatcheck.com/대전한화생명볼파크-먹거리-2층-3루-더본테이스티/,FOOD,store
SC_FOOD_DAEJEON_041,DAEJEON,대전 한화생명 볼파크,HANWHA,GS25,외부,1층,,N,UNOFFICIAL,COMMUNITY_SEATVIEW,myseatcheck.com (자리어때),https://myseatcheck.com/대전한화생명볼파크-먹거리-외부-gs25/,2026-10-07,DETAIL_CHECKED,외부 표기 포함 내부 먹거리 분류. 표시 핀은 실제 매장 좌표 아님. 현재 영업·메뉴 미확인,[대전 한화생명 볼파크] GS25 / 외부 1층 3루~외야 / 외부 / CONVENIENCE / 매장 상세 위치: https://myseatcheck.com/대전한화생명볼파크-먹거리-외부-gs25/,GS25 (외부 1층 3루~외야),외부 1층 3루~외야,https://myseatcheck.com/대전한화생명볼파크-먹거리-외부/,CONVENIENCE,store
SC_FOOD_DAEJEON_042,DAEJEON,대전 한화생명 볼파크,HANWHA,빽다방 빵연구소,외부,1층,,N,UNOFFICIAL,COMMUNITY_SEATVIEW,myseatcheck.com (자리어때),https://myseatcheck.com/대전한화생명볼파크-먹거리-외부-뺵다방-빵연구소/,2026-10-07,DETAIL_CHECKED,외부 표기 포함 내부 먹거리 분류. 표시 핀은 실제 매장 좌표 아님. 현재 영업·메뉴 미확인,[대전 한화생명 볼파크] 빽다방 빵연구소 / 외부 1층 / 외부 / CAFE / 매장 상세 위치: https://myseatcheck.com/대전한화생명볼파크-먹거리-외부-뺵다방-빵연구소/,빽다방 빵연구소 (외부 1층),외부 1층,https://myseatcheck.com/대전한화생명볼파크-먹거리-외부/,CAFE,store
SC_FOOD_DAEJEON_043,DAEJEON,대전 한화생명 볼파크,HANWHA,4층 스플래시존,420구역,,,Y,UNOFFICIAL,COMMUNITY_SEATVIEW,myseatcheck.com (자리어때),https://myseatcheck.com/대전한화생명볼파크-먹거리-4층-스플래시존/,2026-10-07,DETAIL_CHECKED,외부 표기 포함 내부 먹거리 분류. 표시 핀은 실제 매장 좌표 아님. 현재 영업·메뉴 미확인,[대전 한화생명 볼파크] 4층 스플래시존 / 420구역 / 420구역 / FOOD / 매장 상세 위치: https://myseatcheck.com/대전한화생명볼파크-먹거리-4층-스플래시존/,4층 스플래시존 (420구역),420구역,https://myseatcheck.com/대전한화생명볼파크-먹거리/,FOOD,area
SC_FOOD_GOCHEOK_001,GOCHEOK,고척스카이돔,KIWOOM,BHC치킨,1루 2층,2층,1루,Y,UNOFFICIAL,COMMUNITY_SEATVIEW,myseatcheck.com (자리어때),https://myseatcheck.com/고척스카이돔-먹거리-1루-2층-bhc치킨/,2026-10-07,DETAIL_CHECKED,외부 표기 포함 내부 먹거리 분류. 표시 핀은 실제 매장 좌표 아님. 현재 영업·메뉴 미확인,[고척스카이돔] BHC치킨 / 3번 통로 근처 / 1루 2층 / FOOD / 매장 상세 위치: https://myseatcheck.com/고척스카이돔-먹거리-1루-2층-bhc치킨/,BHC치킨 (3번 통로 근처),3번 통로 근처,https://myseatcheck.com/고척스카이돔-먹거리-1루-2층/,FOOD,store
SC_FOOD_GOCHEOK_002,GOCHEOK,고척스카이돔,KIWOOM,BK버거,1루 2층,2층,1루,Y,UNOFFICIAL,COMMUNITY_SEATVIEW,myseatcheck.com (자리어때),https://myseatcheck.com/고척스카이돔-먹거리-1루-2층-bk버거/,2026-10-07,DETAIL_CHECKED,외부 표기 포함 내부 먹거리 분류. 표시 핀은 실제 매장 좌표 아님. 현재 영업·메뉴 미확인,[고척스카이돔] BK버거 / 4번 통로 근처 / 1루 2층 / FOOD / 매장 상세 위치: https://myseatcheck.com/고척스카이돔-먹거리-1루-2층-bk버거/,BK버거 (4번 통로 근처),4번 통로 근처,https://myseatcheck.com/고척스카이돔-먹거리-1루-2층/,FOOD,store
SC_FOOD_GOCHEOK_003,GOCHEOK,고척스카이돔,KIWOOM,꼬치닭,1루 2층,2층,1루,Y,UNOFFICIAL,COMMUNITY_SEATVIEW,myseatcheck.com (자리어때),https://myseatcheck.com/고척스카이돔-먹거리-1루-2층-꼬치닭/,2026-10-07,DETAIL_CHECKED,외부 표기 포함 내부 먹거리 분류. 표시 핀은 실제 매장 좌표 아님. 현재 영업·메뉴 미확인,[고척스카이돔] 꼬치닭 / 5번 통로 근처 / 1루 2층 / FOOD / 매장 상세 위치: https://myseatcheck.com/고척스카이돔-먹거리-1루-2층-꼬치닭/,꼬치닭 (5번 통로 근처),5번 통로 근처,https://myseatcheck.com/고척스카이돔-먹거리-1루-2층/,FOOD,store
SC_FOOD_GOCHEOK_004,GOCHEOK,고척스카이돔,KIWOOM,"닭강정, 편의점",1루 2층,2층,1루,Y,UNOFFICIAL,COMMUNITY_SEATVIEW,myseatcheck.com (자리어때),https://myseatcheck.com/고척스카이돔-먹거리-1루-2층-편의점/,2026-10-07,DETAIL_CHECKED,외부 표기 포함 내부 먹거리 분류. 표시 핀은 실제 매장 좌표 아님. 현재 영업·메뉴 미확인,"[고척스카이돔] 닭강정, 편의점 / 2번 통로 근처 / 1루 2층 / FOOD / 매장 상세 위치: https://myseatcheck.com/고척스카이돔-먹거리-1루-2층-편의점/","닭강정, 편의점 (2번 통로 근처)",2번 통로 근처,https://myseatcheck.com/고척스카이돔-먹거리-1루-2층/,FOOD,store
SC_FOOD_GOCHEOK_005,GOCHEOK,고척스카이돔,KIWOOM,땅땅치킨,1루 2층,2층,1루,Y,UNOFFICIAL,COMMUNITY_SEATVIEW,myseatcheck.com (자리어때),https://myseatcheck.com/고척스카이돔-먹거리-1루-2층-땅땅치킨/,2026-10-07,DETAIL_CHECKED,외부 표기 포함 내부 먹거리 분류. 표시 핀은 실제 매장 좌표 아님. 현재 영업·메뉴 미확인,[고척스카이돔] 땅땅치킨 / 3번 통로 근처 / 1루 2층 / FOOD / 매장 상세 위치: https://myseatcheck.com/고척스카이돔-먹거리-1루-2층-땅땅치킨/,땅땅치킨 (3번 통로 근처),3번 통로 근처,https://myseatcheck.com/고척스카이돔-먹거리-1루-2층/,FOOD,store
SC_FOOD_GOCHEOK_006,GOCHEOK,고척스카이돔,KIWOOM,매머드커피,1루 2층,2층,1루,Y,UNOFFICIAL,COMMUNITY_SEATVIEW,myseatcheck.com (자리어때),https://myseatcheck.com/고척스카이돔-먹거리-1루-2층-매머드커피/,2026-10-07,DETAIL_CHECKED,외부 표기 포함 내부 먹거리 분류. 표시 핀은 실제 매장 좌표 아님. 현재 영업·메뉴 미확인,[고척스카이돔] 매머드커피 / 3번 통로 근처 / 1루 2층 / CAFE / 매장 상세 위치: https://myseatcheck.com/고척스카이돔-먹거리-1루-2층-매머드커피/,매머드커피 (3번 통로 근처),3번 통로 근처,https://myseatcheck.com/고척스카이돔-먹거리-1루-2층/,CAFE,store
SC_FOOD_GOCHEOK_007,GOCHEOK,고척스카이돔,KIWOOM,명랑핫도그,1루 2층,2층,1루,Y,UNOFFICIAL,COMMUNITY_SEATVIEW,myseatcheck.com (자리어때),https://myseatcheck.com/고척스카이돔-먹거리-1루-2층-명랑핫도그/,2026-10-07,DETAIL_CHECKED,외부 표기 포함 내부 먹거리 분류. 표시 핀은 실제 매장 좌표 아님. 현재 영업·메뉴 미확인,[고척스카이돔] 명랑핫도그 / 5번 통로 근처 / 1루 2층 / FOOD / 매장 상세 위치: https://myseatcheck.com/고척스카이돔-먹거리-1루-2층-명랑핫도그/,명랑핫도그 (5번 통로 근처),5번 통로 근처,https://myseatcheck.com/고척스카이돔-먹거리-1루-2층/,FOOD,store
SC_FOOD_GOCHEOK_008,GOCHEOK,고척스카이돔,KIWOOM,쉬림프쉐프,1루 2층,2층,1루,Y,UNOFFICIAL,COMMUNITY_SEATVIEW,myseatcheck.com (자리어때),https://myseatcheck.com/고척스카이돔-먹거리-1루-2층-쉬림프쉐프/,2026-10-07,DETAIL_CHECKED,외부 표기 포함 내부 먹거리 분류. 표시 핀은 실제 매장 좌표 아님. 현재 영업·메뉴 미확인,[고척스카이돔] 쉬림프쉐프 / 3번 통로 근처 / 1루 2층 / FOOD / 매장 상세 위치: https://myseatcheck.com/고척스카이돔-먹거리-1루-2층-쉬림프쉐프/,쉬림프쉐프 (3번 통로 근처),3번 통로 근처,https://myseatcheck.com/고척스카이돔-먹거리-1루-2층/,FOOD,store
SC_FOOD_GOCHEOK_009,GOCHEOK,고척스카이돔,KIWOOM,올떡볶이,1루 2층,2층,1루,Y,UNOFFICIAL,COMMUNITY_SEATVIEW,myseatcheck.com (자리어때),https://myseatcheck.com/고척스카이돔-먹거리-1루-2층-올떡볶이/,2026-10-07,DETAIL_CHECKED,외부 표기 포함 내부 먹거리 분류. 표시 핀은 실제 매장 좌표 아님. 현재 영업·메뉴 미확인,[고척스카이돔] 올떡볶이 / 4번 통로 근처 / 1루 2층 / FOOD / 매장 상세 위치: https://myseatcheck.com/고척스카이돔-먹거리-1루-2층-올떡볶이/,올떡볶이 (4번 통로 근처),4번 통로 근처,https://myseatcheck.com/고척스카이돔-먹거리-1루-2층/,FOOD,store
SC_FOOD_GOCHEOK_010,GOCHEOK,고척스카이돔,KIWOOM,편밀밀,1루 2층,2층,1루,Y,UNOFFICIAL,COMMUNITY_SEATVIEW,myseatcheck.com (자리어때),https://myseatcheck.com/고척스카이돔-먹거리-1루-2층-편밀밀/,2026-10-07,DETAIL_CHECKED,외부 표기 포함 내부 먹거리 분류. 표시 핀은 실제 매장 좌표 아님. 현재 영업·메뉴 미확인,[고척스카이돔] 편밀밀 / 4번 통로 근처 / 1루 2층 / FOOD / 매장 상세 위치: https://myseatcheck.com/고척스카이돔-먹거리-1루-2층-편밀밀/,편밀밀 (4번 통로 근처),4번 통로 근처,https://myseatcheck.com/고척스카이돔-먹거리-1루-2층/,FOOD,store
SC_FOOD_GOCHEOK_011,GOCHEOK,고척스카이돔,KIWOOM,피자,1루 2층,2층,1루,Y,UNOFFICIAL,COMMUNITY_SEATVIEW,myseatcheck.com (자리어때),https://myseatcheck.com/고척스카이돔-먹거리-1루-2층-피자/,2026-10-07,DETAIL_CHECKED,외부 표기 포함 내부 먹거리 분류. 표시 핀은 실제 매장 좌표 아님. 현재 영업·메뉴 미확인,[고척스카이돔] 피자 / 2번 통로 근처 / 1루 2층 / FOOD / 매장 상세 위치: https://myseatcheck.com/고척스카이돔-먹거리-1루-2층-피자/,피자 (2번 통로 근처),2번 통로 근처,https://myseatcheck.com/고척스카이돔-먹거리-1루-2층/,FOOD,store
SC_FOOD_GOCHEOK_012,GOCHEOK,고척스카이돔,KIWOOM,"닭강정, 편의점",3루 2층,2층,3루,Y,UNOFFICIAL,COMMUNITY_SEATVIEW,myseatcheck.com (자리어때),https://myseatcheck.com/고척스카이돔-먹거리-3루-2층-편의점/,2026-10-07,DETAIL_CHECKED,외부 표기 포함 내부 먹거리 분류. 표시 핀은 실제 매장 좌표 아님. 현재 영업·메뉴 미확인,"[고척스카이돔] 닭강정, 편의점 / 11번 통로 근처 / 3루 2층 / FOOD / 매장 상세 위치: https://myseatcheck.com/고척스카이돔-먹거리-3루-2층-편의점/","닭강정, 편의점 (11번 통로 근처)",11번 통로 근처,https://myseatcheck.com/고척스카이돔-먹거리-3루-2층/,FOOD,store
SC_FOOD_GOCHEOK_013,GOCHEOK,고척스카이돔,KIWOOM,땅땅치킨,3루 2층,2층,3루,Y,UNOFFICIAL,COMMUNITY_SEATVIEW,myseatcheck.com (자리어때),https://myseatcheck.com/고척스카이돔-먹거리-3루-2층-땅땅치킨/,2026-10-07,DETAIL_CHECKED,외부 표기 포함 내부 먹거리 분류. 표시 핀은 실제 매장 좌표 아님. 현재 영업·메뉴 미확인,[고척스카이돔] 땅땅치킨 / 10번 통로 근처 / 3루 2층 / FOOD / 매장 상세 위치: https://myseatcheck.com/고척스카이돔-먹거리-3루-2층-땅땅치킨/,땅땅치킨 (10번 통로 근처),10번 통로 근처,https://myseatcheck.com/고척스카이돔-먹거리-3루-2층/,FOOD,store
SC_FOOD_GOCHEOK_014,GOCHEOK,고척스카이돔,KIWOOM,마왕족발,3루 2층,2층,3루,Y,UNOFFICIAL,COMMUNITY_SEATVIEW,myseatcheck.com (자리어때),https://myseatcheck.com/고척스카이돔-먹거리-3루-2층-마왕족발/,2026-10-07,DETAIL_CHECKED,외부 표기 포함 내부 먹거리 분류. 표시 핀은 실제 매장 좌표 아님. 현재 영업·메뉴 미확인,[고척스카이돔] 마왕족발 / 9번 통로 근처 / 3루 2층 / FOOD / 매장 상세 위치: https://myseatcheck.com/고척스카이돔-먹거리-3루-2층-마왕족발/,마왕족발 (9번 통로 근처),9번 통로 근처,https://myseatcheck.com/고척스카이돔-먹거리-3루-2층/,FOOD,store
SC_FOOD_GOCHEOK_015,GOCHEOK,고척스카이돔,KIWOOM,매머드커피,3루 2층,2층,3루,Y,UNOFFICIAL,COMMUNITY_SEATVIEW,myseatcheck.com (자리어때),https://myseatcheck.com/고척스카이돔-먹거리-3루-2층-매머드커피/,2026-10-07,DETAIL_CHECKED,외부 표기 포함 내부 먹거리 분류. 표시 핀은 실제 매장 좌표 아님. 현재 영업·메뉴 미확인,[고척스카이돔] 매머드커피 / 10번 통로 근처 / 3루 2층 / CAFE / 매장 상세 위치: https://myseatcheck.com/고척스카이돔-먹거리-3루-2층-매머드커피/,매머드커피 (10번 통로 근처),10번 통로 근처,https://myseatcheck.com/고척스카이돔-먹거리-3루-2층/,CAFE,store
SC_FOOD_GOCHEOK_016,GOCHEOK,고척스카이돔,KIWOOM,스테프핫도그,3루 2층,2층,3루,Y,UNOFFICIAL,COMMUNITY_SEATVIEW,myseatcheck.com (자리어때),https://myseatcheck.com/고척스카이돔-먹거리-3루-2층-스테프핫도그/,2026-10-07,DETAIL_CHECKED,외부 표기 포함 내부 먹거리 분류. 표시 핀은 실제 매장 좌표 아님. 현재 영업·메뉴 미확인,[고척스카이돔] 스테프핫도그 / 11번 통로 근처 / 3루 2층 / FOOD / 매장 상세 위치: https://myseatcheck.com/고척스카이돔-먹거리-3루-2층-스테프핫도그/,스테프핫도그 (11번 통로 근처),11번 통로 근처,https://myseatcheck.com/고척스카이돔-먹거리-3루-2층/,FOOD,store
SC_FOOD_GOCHEOK_017,GOCHEOK,고척스카이돔,KIWOOM,스트릿츄러스,3루 2층,2층,3루,Y,UNOFFICIAL,COMMUNITY_SEATVIEW,myseatcheck.com (자리어때),https://myseatcheck.com/고척스카이돔-먹거리-3루-2층-스트릿츄러스/,2026-10-07,DETAIL_CHECKED,외부 표기 포함 내부 먹거리 분류. 표시 핀은 실제 매장 좌표 아님. 현재 영업·메뉴 미확인,[고척스카이돔] 스트릿츄러스 / 8번 통로 근처 / 3루 2층 / CAFE / 매장 상세 위치: https://myseatcheck.com/고척스카이돔-먹거리-3루-2층-스트릿츄러스/,스트릿츄러스 (8번 통로 근처),8번 통로 근처,https://myseatcheck.com/고척스카이돔-먹거리-3루-2층/,CAFE,store
SC_FOOD_GOCHEOK_018,GOCHEOK,고척스카이돔,KIWOOM,올떡볶이,3루 2층,2층,3루,Y,UNOFFICIAL,COMMUNITY_SEATVIEW,myseatcheck.com (자리어때),https://myseatcheck.com/고척스카이돔-먹거리-3루-2층-올떡볶이/,2026-10-07,DETAIL_CHECKED,외부 표기 포함 내부 먹거리 분류. 표시 핀은 실제 매장 좌표 아님. 현재 영업·메뉴 미확인,[고척스카이돔] 올떡볶이 / 9번 통로 근처 / 3루 2층 / FOOD / 매장 상세 위치: https://myseatcheck.com/고척스카이돔-먹거리-3루-2층-올떡볶이/,올떡볶이 (9번 통로 근처),9번 통로 근처,https://myseatcheck.com/고척스카이돔-먹거리-3루-2층/,FOOD,store
SC_FOOD_GOCHEOK_019,GOCHEOK,고척스카이돔,KIWOOM,자담치킨,3루 2층,2층,3루,Y,UNOFFICIAL,COMMUNITY_SEATVIEW,myseatcheck.com (자리어때),https://myseatcheck.com/고척스카이돔-먹거리-3루-2층-자담치킨/,2026-10-07,DETAIL_CHECKED,외부 표기 포함 내부 먹거리 분류. 표시 핀은 실제 매장 좌표 아님. 현재 영업·메뉴 미확인,[고척스카이돔] 자담치킨 / 10번 통로 근처 / 3루 2층 / FOOD / 매장 상세 위치: https://myseatcheck.com/고척스카이돔-먹거리-3루-2층-자담치킨/,자담치킨 (10번 통로 근처),10번 통로 근처,https://myseatcheck.com/고척스카이돔-먹거리-3루-2층/,FOOD,store
SC_FOOD_GOCHEOK_020,GOCHEOK,고척스카이돔,KIWOOM,초장집,3루 2층,2층,3루,Y,UNOFFICIAL,COMMUNITY_SEATVIEW,myseatcheck.com (자리어때),https://myseatcheck.com/고척스카이돔-먹거리-3루-2층-초장집/,2026-10-07,DETAIL_CHECKED,외부 표기 포함 내부 먹거리 분류. 표시 핀은 실제 매장 좌표 아님. 현재 영업·메뉴 미확인,[고척스카이돔] 초장집 / 10번 통로 근처 / 3루 2층 / FOOD / 매장 상세 위치: https://myseatcheck.com/고척스카이돔-먹거리-3루-2층-초장집/,초장집 (10번 통로 근처),10번 통로 근처,https://myseatcheck.com/고척스카이돔-먹거리-3루-2층/,FOOD,store
SC_FOOD_GOCHEOK_021,GOCHEOK,고척스카이돔,KIWOOM,"BBQ, 명랑핫도그",외야 3~4층,4층,외야,Y,UNOFFICIAL,COMMUNITY_SEATVIEW,myseatcheck.com (자리어때),https://myseatcheck.com/고척스카이돔-먹거리-외야-3층-bbq-명랑핫도그/,2026-10-07,DETAIL_CHECKED,외부 표기 포함 내부 먹거리 분류. 표시 핀은 실제 매장 좌표 아님. 현재 영업·메뉴 미확인,"[고척스카이돔] BBQ, 명랑핫도그 / 4번 통로 근처 / 외야 3~4층 / FOOD / 매장 상세 위치: https://myseatcheck.com/고척스카이돔-먹거리-외야-3층-bbq-명랑핫도그/","BBQ, 명랑핫도그 (4번 통로 근처)",4번 통로 근처,https://myseatcheck.com/고척스카이돔-먹거리-외야-3층/,FOOD,store
SC_FOOD_GOCHEOK_022,GOCHEOK,고척스카이돔,KIWOOM,BHC,외야 3~4층,4층,외야,Y,UNOFFICIAL,COMMUNITY_SEATVIEW,myseatcheck.com (자리어때),https://myseatcheck.com/고척스카이돔-먹거리-외야-3층-bhc/,2026-10-07,DETAIL_CHECKED,외부 표기 포함 내부 먹거리 분류. 표시 핀은 실제 매장 좌표 아님. 현재 영업·메뉴 미확인,[고척스카이돔] BHC / 4번 통로 근처 / 외야 3~4층 / FOOD / 매장 상세 위치: https://myseatcheck.com/고척스카이돔-먹거리-외야-3층-bhc/,BHC (4번 통로 근처),4번 통로 근처,https://myseatcheck.com/고척스카이돔-먹거리-외야-3층/,FOOD,store
SC_FOOD_GOCHEOK_023,GOCHEOK,고척스카이돔,KIWOOM,땅땅치킨,외야 3~4층,4층,외야,Y,UNOFFICIAL,COMMUNITY_SEATVIEW,myseatcheck.com (자리어때),https://myseatcheck.com/고척스카이돔-먹거리-외야-3층-땅땅치킨/,2026-10-07,DETAIL_CHECKED,외부 표기 포함 내부 먹거리 분류. 표시 핀은 실제 매장 좌표 아님. 현재 영업·메뉴 미확인,[고척스카이돔] 땅땅치킨 / 2번 통로 근처 / 외야 3~4층 / FOOD / 매장 상세 위치: https://myseatcheck.com/고척스카이돔-먹거리-외야-3층-땅땅치킨/,땅땅치킨 (2번 통로 근처),2번 통로 근처,https://myseatcheck.com/고척스카이돔-먹거리-외야-3층/,FOOD,store
SC_FOOD_GOCHEOK_024,GOCHEOK,고척스카이돔,KIWOOM,매머드커피,외야 3~4층,4층,외야,Y,UNOFFICIAL,COMMUNITY_SEATVIEW,myseatcheck.com (자리어때),https://myseatcheck.com/고척스카이돔-먹거리-외야-3층-매머드커피/,2026-10-07,DETAIL_CHECKED,외부 표기 포함 내부 먹거리 분류. 표시 핀은 실제 매장 좌표 아님. 현재 영업·메뉴 미확인,[고척스카이돔] 매머드커피 / 2번 통로 근처 / 외야 3~4층 / CAFE / 매장 상세 위치: https://myseatcheck.com/고척스카이돔-먹거리-외야-3층-매머드커피/,매머드커피 (2번 통로 근처),2번 통로 근처,https://myseatcheck.com/고척스카이돔-먹거리-외야-3층/,CAFE,store
SC_FOOD_GOCHEOK_025,GOCHEOK,고척스카이돔,KIWOOM,브뤼셀프라이,외야 3~4층,4층,외야,Y,UNOFFICIAL,COMMUNITY_SEATVIEW,myseatcheck.com (자리어때),https://myseatcheck.com/고척스카이돔-먹거리-외야-3층-브뤼셀프라이/,2026-10-07,DETAIL_CHECKED,외부 표기 포함 내부 먹거리 분류. 표시 핀은 실제 매장 좌표 아님. 현재 영업·메뉴 미확인,[고척스카이돔] 브뤼셀프라이 / 1번 통로 근처 / 외야 3~4층 / FOOD / 매장 상세 위치: https://myseatcheck.com/고척스카이돔-먹거리-외야-3층-브뤼셀프라이/,브뤼셀프라이 (1번 통로 근처),1번 통로 근처,https://myseatcheck.com/고척스카이돔-먹거리-외야-3층/,FOOD,store
SC_FOOD_GOCHEOK_026,GOCHEOK,고척스카이돔,KIWOOM,스트릿츄러스,외야 3~4층,4층,외야,Y,UNOFFICIAL,COMMUNITY_SEATVIEW,myseatcheck.com (자리어때),https://myseatcheck.com/고척스카이돔-먹거리-외야-3층-스트릿츄러스/,2026-10-07,DETAIL_CHECKED,외부 표기 포함 내부 먹거리 분류. 표시 핀은 실제 매장 좌표 아님. 현재 영업·메뉴 미확인,[고척스카이돔] 스트릿츄러스 / 4번 통로 근처 / 외야 3~4층 / CAFE / 매장 상세 위치: https://myseatcheck.com/고척스카이돔-먹거리-외야-3층-스트릿츄러스/,스트릿츄러스 (4번 통로 근처),4번 통로 근처,https://myseatcheck.com/고척스카이돔-먹거리-외야-3층/,CAFE,store
SC_FOOD_GOCHEOK_027,GOCHEOK,고척스카이돔,KIWOOM,올떡볶이,외야 3~4층,4층,외야,Y,UNOFFICIAL,COMMUNITY_SEATVIEW,myseatcheck.com (자리어때),https://myseatcheck.com/고척스카이돔-먹거리-외야-3층-올떡볶이/,2026-10-07,DETAIL_CHECKED,외부 표기 포함 내부 먹거리 분류. 표시 핀은 실제 매장 좌표 아님. 현재 영업·메뉴 미확인,[고척스카이돔] 올떡볶이 / 2번 통로 근처 / 외야 3~4층 / FOOD / 매장 상세 위치: https://myseatcheck.com/고척스카이돔-먹거리-외야-3층-올떡볶이/,올떡볶이 (2번 통로 근처),2번 통로 근처,https://myseatcheck.com/고척스카이돔-먹거리-외야-3층/,FOOD,store
SC_FOOD_GOCHEOK_028,GOCHEOK,고척스카이돔,KIWOOM,펠리돔,외야 3~4층,4층,외야,Y,UNOFFICIAL,COMMUNITY_SEATVIEW,myseatcheck.com (자리어때),https://myseatcheck.com/고척스카이돔-먹거리-외야-3층-펠리돔/,2026-10-07,DETAIL_CHECKED,외부 표기 포함 내부 먹거리 분류. 표시 핀은 실제 매장 좌표 아님. 현재 영업·메뉴 미확인,[고척스카이돔] 펠리돔 / 3번 통로 근처 / 외야 3~4층 / FOOD / 매장 상세 위치: https://myseatcheck.com/고척스카이돔-먹거리-외야-3층-펠리돔/,펠리돔 (3번 통로 근처),3번 통로 근처,https://myseatcheck.com/고척스카이돔-먹거리-외야-3층/,FOOD,store
SC_FOOD_GOCHEOK_029,GOCHEOK,고척스카이돔,KIWOOM,편의점,외야 3~4층,4층,외야,Y,UNOFFICIAL,COMMUNITY_SEATVIEW,myseatcheck.com (자리어때),https://myseatcheck.com/고척스카이돔-먹거리-외야-3층-편의점/,2026-10-07,DETAIL_CHECKED,외부 표기 포함 내부 먹거리 분류. 표시 핀은 실제 매장 좌표 아님. 현재 영업·메뉴 미확인,[고척스카이돔] 편의점 / 4번 통로 근처 / 외야 3~4층 / CONVENIENCE / 매장 상세 위치: https://myseatcheck.com/고척스카이돔-먹거리-외야-3층-편의점/,편의점 (4번 통로 근처),4번 통로 근처,https://myseatcheck.com/고척스카이돔-먹거리-외야-3층/,CONVENIENCE,store
SC_FOOD_GOCHEOK_030,GOCHEOK,고척스카이돔,KIWOOM,편의점,외야 3~4층,4층,외야,Y,UNOFFICIAL,COMMUNITY_SEATVIEW,myseatcheck.com (자리어때),https://myseatcheck.com/고척스카이돔-먹거리-외야-3층-편의점2/,2026-10-07,DETAIL_CHECKED,외부 표기 포함 내부 먹거리 분류. 표시 핀은 실제 매장 좌표 아님. 현재 영업·메뉴 미확인,[고척스카이돔] 편의점 / 1번 통로 근처 / 외야 3~4층 / CONVENIENCE / 매장 상세 위치: https://myseatcheck.com/고척스카이돔-먹거리-외야-3층-편의점2/,편의점 (1번 통로 근처),1번 통로 근처,https://myseatcheck.com/고척스카이돔-먹거리-외야-3층/,CONVENIENCE,store
SC_FOOD_GOCHEOK_031,GOCHEOK,고척스카이돔,KIWOOM,"피자, 핫도그",외야 3~4층,4층,외야,Y,UNOFFICIAL,COMMUNITY_SEATVIEW,myseatcheck.com (자리어때),https://myseatcheck.com/고척스카이돔-먹거리-외야-3층-피자-핫도그/,2026-10-07,DETAIL_CHECKED,외부 표기 포함 내부 먹거리 분류. 표시 핀은 실제 매장 좌표 아님. 현재 영업·메뉴 미확인,"[고척스카이돔] 피자, 핫도그 / 1번 통로 근처 / 외야 3~4층 / FOOD / 매장 상세 위치: https://myseatcheck.com/고척스카이돔-먹거리-외야-3층-피자-핫도그/","피자, 핫도그 (1번 통로 근처)",1번 통로 근처,https://myseatcheck.com/고척스카이돔-먹거리-외야-3층/,FOOD,store
SC_FOOD_GOCHEOK_032,GOCHEOK,고척스카이돔,KIWOOM,멕시카나치킨,외야 3~4층,4층,외야,Y,UNOFFICIAL,COMMUNITY_SEATVIEW,myseatcheck.com (자리어때),https://myseatcheck.com/고척스카이돔-먹거리-외야-4층-멕시카나치킨/,2026-10-07,DETAIL_CHECKED,외부 표기 포함 내부 먹거리 분류. 표시 핀은 실제 매장 좌표 아님. 현재 영업·메뉴 미확인,[고척스카이돔] 멕시카나치킨 / 4층 25번 통로 근처 / 외야 3~4층 / FOOD / 매장 상세 위치: https://myseatcheck.com/고척스카이돔-먹거리-외야-4층-멕시카나치킨/,멕시카나치킨 (4층 25번 통로 근처),4층 25번 통로 근처,https://myseatcheck.com/고척스카이돔-먹거리-외야-3층/,FOOD,store
SC_FOOD_GOCHEOK_033,GOCHEOK,고척스카이돔,KIWOOM,쉬림프 셰프,외야 3~4층,4층,외야,Y,UNOFFICIAL,COMMUNITY_SEATVIEW,myseatcheck.com (자리어때),https://myseatcheck.com/고척스카이돔-먹거리-외야-4층-쉬림프-셰프/,2026-10-07,DETAIL_CHECKED,외부 표기 포함 내부 먹거리 분류. 표시 핀은 실제 매장 좌표 아님. 현재 영업·메뉴 미확인,[고척스카이돔] 쉬림프 셰프 / 4층 21번 통로 근처 / 외야 3~4층 / FOOD / 매장 상세 위치: https://myseatcheck.com/고척스카이돔-먹거리-외야-4층-쉬림프-셰프/,쉬림프 셰프 (4층 21번 통로 근처),4층 21번 통로 근처,https://myseatcheck.com/고척스카이돔-먹거리-외야-3층/,FOOD,store
SC_FOOD_GOCHEOK_034,GOCHEOK,고척스카이돔,KIWOOM,자담치킨,외야 3~4층,4층,외야,Y,UNOFFICIAL,COMMUNITY_SEATVIEW,myseatcheck.com (자리어때),https://myseatcheck.com/고척스카이돔-먹거리-외야-4층-자담치킨/,2026-10-07,DETAIL_CHECKED,외부 표기 포함 내부 먹거리 분류. 표시 핀은 실제 매장 좌표 아님. 현재 영업·메뉴 미확인,[고척스카이돔] 자담치킨 / 4층 25번 통로 근처 / 외야 3~4층 / FOOD / 매장 상세 위치: https://myseatcheck.com/고척스카이돔-먹거리-외야-4층-자담치킨/,자담치킨 (4층 25번 통로 근처),4층 25번 통로 근처,https://myseatcheck.com/고척스카이돔-먹거리-외야-3층/,FOOD,store
SC_FOOD_GOCHEOK_035,GOCHEOK,고척스카이돔,KIWOOM,BBQ,내야 4층,4층,,Y,UNOFFICIAL,COMMUNITY_SEATVIEW,myseatcheck.com (자리어때),https://myseatcheck.com/고척스카이돔-먹거리-내야-4층-bbq/,2026-10-07,DETAIL_CHECKED,외부 표기 포함 내부 먹거리 분류. 표시 핀은 실제 매장 좌표 아님. 현재 영업·메뉴 미확인,[고척스카이돔] BBQ / 26번 통로 근처 / 내야 4층 / FOOD / 매장 상세 위치: https://myseatcheck.com/고척스카이돔-먹거리-내야-4층-bbq/,BBQ (26번 통로 근처),26번 통로 근처,https://myseatcheck.com/고척스카이돔-먹거리-내야-4층/,FOOD,store
SC_FOOD_GOCHEOK_036,GOCHEOK,고척스카이돔,KIWOOM,BK버거,내야 4층,4층,,Y,UNOFFICIAL,COMMUNITY_SEATVIEW,myseatcheck.com (자리어때),https://myseatcheck.com/고척스카이돔-먹거리-내야-4층-bk버거/,2026-10-07,DETAIL_CHECKED,외부 표기 포함 내부 먹거리 분류. 표시 핀은 실제 매장 좌표 아님. 현재 영업·메뉴 미확인,[고척스카이돔] BK버거 / 25번 통로 근처 / 내야 4층 / FOOD / 매장 상세 위치: https://myseatcheck.com/고척스카이돔-먹거리-내야-4층-bk버거/,BK버거 (25번 통로 근처),25번 통로 근처,https://myseatcheck.com/고척스카이돔-먹거리-내야-4층/,FOOD,store
SC_FOOD_GOCHEOK_037,GOCHEOK,고척스카이돔,KIWOOM,"떡볶이, 편의점",내야 4층,4층,,Y,UNOFFICIAL,COMMUNITY_SEATVIEW,myseatcheck.com (자리어때),https://myseatcheck.com/고척스카이돔-먹거리-내야-4층-떡볶이-편의점/,2026-10-07,DETAIL_CHECKED,외부 표기 포함 내부 먹거리 분류. 표시 핀은 실제 매장 좌표 아님. 현재 영업·메뉴 미확인,"[고척스카이돔] 떡볶이, 편의점 / 24번 통로 근처 / 내야 4층 / FOOD / 매장 상세 위치: https://myseatcheck.com/고척스카이돔-먹거리-내야-4층-떡볶이-편의점/","떡볶이, 편의점 (24번 통로 근처)",24번 통로 근처,https://myseatcheck.com/고척스카이돔-먹거리-내야-4층/,FOOD,store
SC_FOOD_GOCHEOK_038,GOCHEOK,고척스카이돔,KIWOOM,브뤼셀프라이,내야 4층,4층,,Y,UNOFFICIAL,COMMUNITY_SEATVIEW,myseatcheck.com (자리어때),https://myseatcheck.com/고척스카이돔-먹거리-내야-4층-bbq-브뤼셀프라이/,2026-10-07,DETAIL_CHECKED,외부 표기 포함 내부 먹거리 분류. 표시 핀은 실제 매장 좌표 아님. 현재 영업·메뉴 미확인,[고척스카이돔] 브뤼셀프라이 / 26번 통로 근처 / 내야 4층 / FOOD / 매장 상세 위치: https://myseatcheck.com/고척스카이돔-먹거리-내야-4층-bbq-브뤼셀프라이/,브뤼셀프라이 (26번 통로 근처),26번 통로 근처,https://myseatcheck.com/고척스카이돔-먹거리-내야-4층/,FOOD,store
SC_FOOD_GOCHEOK_039,GOCHEOK,고척스카이돔,KIWOOM,"우이락, 편의점",내야 4층,4층,,Y,UNOFFICIAL,COMMUNITY_SEATVIEW,myseatcheck.com (자리어때),https://myseatcheck.com/고척스카이돔-먹거리-내야-4층-우이락-편의점/,2026-10-07,DETAIL_CHECKED,외부 표기 포함 내부 먹거리 분류. 표시 핀은 실제 매장 좌표 아님. 현재 영업·메뉴 미확인,"[고척스카이돔] 우이락, 편의점 / 29번 통로 근처 / 내야 4층 / FOOD / 매장 상세 위치: https://myseatcheck.com/고척스카이돔-먹거리-내야-4층-우이락-편의점/","우이락, 편의점 (29번 통로 근처)",29번 통로 근처,https://myseatcheck.com/고척스카이돔-먹거리-내야-4층/,FOOD,store
SC_FOOD_GOCHEOK_040,GOCHEOK,고척스카이돔,KIWOOM,자담치킨,내야 4층,4층,,Y,UNOFFICIAL,COMMUNITY_SEATVIEW,myseatcheck.com (자리어때),https://myseatcheck.com/고척스카이돔-먹거리-내야-4층-자담치킨/,2026-10-07,DETAIL_CHECKED,외부 표기 포함 내부 먹거리 분류. 표시 핀은 실제 매장 좌표 아님. 현재 영업·메뉴 미확인,[고척스카이돔] 자담치킨 / 28번 통로 근처 / 내야 4층 / FOOD / 매장 상세 위치: https://myseatcheck.com/고척스카이돔-먹거리-내야-4층-자담치킨/,자담치킨 (28번 통로 근처),28번 통로 근처,https://myseatcheck.com/고척스카이돔-먹거리-내야-4층/,FOOD,store
SC_FOOD_GOCHEOK_041,GOCHEOK,고척스카이돔,KIWOOM,카츄마마,내야 4층,4층,,Y,UNOFFICIAL,COMMUNITY_SEATVIEW,myseatcheck.com (자리어때),https://myseatcheck.com/고척스카이돔-먹거리-내야-4층-카츄마마/,2026-10-07,DETAIL_CHECKED,외부 표기 포함 내부 먹거리 분류. 표시 핀은 실제 매장 좌표 아님. 현재 영업·메뉴 미확인,[고척스카이돔] 카츄마마 / 28번 통로 근처 / 내야 4층 / FOOD / 매장 상세 위치: https://myseatcheck.com/고척스카이돔-먹거리-내야-4층-카츄마마/,카츄마마 (28번 통로 근처),28번 통로 근처,https://myseatcheck.com/고척스카이돔-먹거리-내야-4층/,FOOD,store
SC_FOOD_GOCHEOK_042,GOCHEOK,고척스카이돔,KIWOOM,탐앤탐스,내야 4층,4층,,Y,UNOFFICIAL,COMMUNITY_SEATVIEW,myseatcheck.com (자리어때),https://myseatcheck.com/고척스카이돔-먹거리-내야-4층-탐앤탐스/,2026-10-07,DETAIL_CHECKED,외부 표기 포함 내부 먹거리 분류. 표시 핀은 실제 매장 좌표 아님. 현재 영업·메뉴 미확인,[고척스카이돔] 탐앤탐스 / 24번 통로 근처 / 내야 4층 / CAFE / 매장 상세 위치: https://myseatcheck.com/고척스카이돔-먹거리-내야-4층-탐앤탐스/,탐앤탐스 (24번 통로 근처),24번 통로 근처,https://myseatcheck.com/고척스카이돔-먹거리-내야-4층/,CAFE,store
SC_FOOD_GWANGJU_001,GWANGJU,광주 KIA 챔피언스필드,KIA,BHC치킨,1루 3층,3층,1루,Y,UNOFFICIAL,COMMUNITY_SEATVIEW,myseatcheck.com (자리어때),https://myseatcheck.com/광주-챔피언스필드-먹거리-1루-3층-bhc치킨/,2026-10-07,DETAIL_CHECKED,외부 표기 포함 내부 먹거리 분류. 표시 핀은 실제 매장 좌표 아님. 현재 영업·메뉴 미확인,[광주 KIA 챔피언스필드] BHC치킨 / 104블럭 / 1루 3층 / FOOD / 매장 상세 위치: https://myseatcheck.com/광주-챔피언스필드-먹거리-1루-3층-bhc치킨/,BHC치킨 (104블럭),104블럭,https://myseatcheck.com/광주-챔피언스필드-먹거리-1루-3층/,FOOD,store
SC_FOOD_GWANGJU_002,GWANGJU,광주 KIA 챔피언스필드,KIA,CU 편의점,1루 3층,3층,1루,Y,UNOFFICIAL,COMMUNITY_SEATVIEW,myseatcheck.com (자리어때),https://myseatcheck.com/광주-챔피언스필드-먹거리-1루-3층-cu-편의점/,2026-10-07,DETAIL_CHECKED,외부 표기 포함 내부 먹거리 분류. 표시 핀은 실제 매장 좌표 아님. 현재 영업·메뉴 미확인,[광주 KIA 챔피언스필드] CU 편의점 / 109블럭 / 1루 3층 / CONVENIENCE / 매장 상세 위치: https://myseatcheck.com/광주-챔피언스필드-먹거리-1루-3층-cu-편의점/,CU 편의점 (109블럭),109블럭,https://myseatcheck.com/광주-챔피언스필드-먹거리-1루-3층/,CONVENIENCE,store
SC_FOOD_GWANGJU_003,GWANGJU,광주 KIA 챔피언스필드,KIA,STATION,1루 3층,3층,1루,Y,UNOFFICIAL,COMMUNITY_SEATVIEW,myseatcheck.com (자리어때),https://myseatcheck.com/광주-챔피언스필드-먹거리-1루-3층-station/,2026-10-07,DETAIL_CHECKED,외부 표기 포함 내부 먹거리 분류. 표시 핀은 실제 매장 좌표 아님. 현재 영업·메뉴 미확인,[광주 KIA 챔피언스필드] STATION / 106블럭 / 1루 3층 / FOOD / 매장 상세 위치: https://myseatcheck.com/광주-챔피언스필드-먹거리-1루-3층-station/,STATION (106블럭),106블럭,https://myseatcheck.com/광주-챔피언스필드-먹거리-1루-3층/,FOOD,store
SC_FOOD_GWANGJU_004,GWANGJU,광주 KIA 챔피언스필드,KIA,타코잇,1루 3층,3층,1루,Y,UNOFFICIAL,COMMUNITY_SEATVIEW,myseatcheck.com (자리어때),https://myseatcheck.com/광주-챔피언스필드-먹거리-1루-3층-타코잇/,2026-10-07,DETAIL_CHECKED,외부 표기 포함 내부 먹거리 분류. 표시 핀은 실제 매장 좌표 아님. 현재 영업·메뉴 미확인,[광주 KIA 챔피언스필드] 타코잇 / 108블럭 / 1루 3층 / FOOD / 매장 상세 위치: https://myseatcheck.com/광주-챔피언스필드-먹거리-1루-3층-타코잇/,타코잇 (108블럭),108블럭,https://myseatcheck.com/광주-챔피언스필드-먹거리-1루-3층/,FOOD,store
SC_FOOD_GWANGJU_005,GWANGJU,광주 KIA 챔피언스필드,KIA,감탄떡볶이,1루 3층,3층,1루,Y,UNOFFICIAL,COMMUNITY_SEATVIEW,myseatcheck.com (자리어때),https://myseatcheck.com/광주-챔피언스필드-먹거리-1루-3층-감탄떡볶이/,2026-10-07,DETAIL_CHECKED,외부 표기 포함 내부 먹거리 분류. 표시 핀은 실제 매장 좌표 아님. 현재 영업·메뉴 미확인,[광주 KIA 챔피언스필드] 감탄떡볶이 / 110블럭 / 1루 3층 / FOOD / 매장 상세 위치: https://myseatcheck.com/광주-챔피언스필드-먹거리-1루-3층-감탄떡볶이/,감탄떡볶이 (110블럭),110블럭,https://myseatcheck.com/광주-챔피언스필드-먹거리-1루-3층/,FOOD,store
SC_FOOD_GWANGJU_006,GWANGJU,광주 KIA 챔피언스필드,KIA,스트릿츄러스,1루 3층,3층,1루,Y,UNOFFICIAL,COMMUNITY_SEATVIEW,myseatcheck.com (자리어때),https://myseatcheck.com/광주-챔피언스필드-먹거리-1루-3층-스트릿츄러스/,2026-10-07,DETAIL_CHECKED,외부 표기 포함 내부 먹거리 분류. 표시 핀은 실제 매장 좌표 아님. 현재 영업·메뉴 미확인,[광주 KIA 챔피언스필드] 스트릿츄러스 / 103블럭 / 1루 3층 / CAFE / 매장 상세 위치: https://myseatcheck.com/광주-챔피언스필드-먹거리-1루-3층-스트릿츄러스/,스트릿츄러스(103블럭),103블럭,https://myseatcheck.com/광주-챔피언스필드-먹거리-1루-3층/,CAFE,store
SC_FOOD_GWANGJU_007,GWANGJU,광주 KIA 챔피언스필드,KIA,프랭크버거,1루 3층,3층,1루,Y,UNOFFICIAL,COMMUNITY_SEATVIEW,myseatcheck.com (자리어때),https://myseatcheck.com/광주-챔피언스필드-먹거리-1루-3층-프랭크버거/,2026-10-07,DETAIL_CHECKED,외부 표기 포함 내부 먹거리 분류. 표시 핀은 실제 매장 좌표 아님. 현재 영업·메뉴 미확인,[광주 KIA 챔피언스필드] 프랭크버거 / 111블럭 / 1루 3층 / FOOD / 매장 상세 위치: https://myseatcheck.com/광주-챔피언스필드-먹거리-1루-3층-프랭크버거/,프랭크버거 (111블럭),111블럭,https://myseatcheck.com/광주-챔피언스필드-먹거리-1루-3층/,FOOD,store
SC_FOOD_GWANGJU_008,GWANGJU,광주 KIA 챔피언스필드,KIA,파파존스,1루 3층,3층,1루,Y,UNOFFICIAL,COMMUNITY_SEATVIEW,myseatcheck.com (자리어때),https://myseatcheck.com/광주-챔피언스필드-먹거리-1루-3층-파파존스/,2026-10-07,DETAIL_CHECKED,외부 표기 포함 내부 먹거리 분류. 표시 핀은 실제 매장 좌표 아님. 현재 영업·메뉴 미확인,[광주 KIA 챔피언스필드] 파파존스 / 112블럭 / 1루 3층 / FOOD / 매장 상세 위치: https://myseatcheck.com/광주-챔피언스필드-먹거리-1루-3층-파파존스/,파파존스 (112블럭),112블럭,https://myseatcheck.com/광주-챔피언스필드-먹거리-1루-3층/,FOOD,store
SC_FOOD_GWANGJU_009,GWANGJU,광주 KIA 챔피언스필드,KIA,"XOXO 핫도그, 타코잇",1루 4층,4층,1루,Y,UNOFFICIAL,COMMUNITY_SEATVIEW,myseatcheck.com (자리어때),https://myseatcheck.com/광주-챔피언스필드-먹거리-1루-4층-xoxo핫도그/,2026-10-07,DETAIL_CHECKED,외부 표기 포함 내부 먹거리 분류. 표시 핀은 실제 매장 좌표 아님. 현재 영업·메뉴 미확인,"[광주 KIA 챔피언스필드] XOXO 핫도그, 타코잇 / 1루 4층 / 1루 4층 / FOOD / 매장 상세 위치: https://myseatcheck.com/광주-챔피언스필드-먹거리-1루-4층-xoxo핫도그/","XOXO 핫도그, 타코잇",1루 4층,https://myseatcheck.com/광주-챔피언스필드-먹거리-1루-4층/,FOOD,store
SC_FOOD_GWANGJU_010,GWANGJU,광주 KIA 챔피언스필드,KIA,"광주원샷, 자문밖, XOXO핫도그",1루 4층,4층,1루,Y,UNOFFICIAL,COMMUNITY_SEATVIEW,myseatcheck.com (자리어때),https://myseatcheck.com/광주-챔피언스필드-먹거리-1루-4층-광주원샷-자문밖/,2026-10-07,DETAIL_CHECKED,외부 표기 포함 내부 먹거리 분류. 표시 핀은 실제 매장 좌표 아님. 현재 영업·메뉴 미확인,"[광주 KIA 챔피언스필드] 광주원샷, 자문밖, XOXO핫도그 / 1루 4층 / 1루 4층 / FOOD / 매장 상세 위치: https://myseatcheck.com/광주-챔피언스필드-먹거리-1루-4층-광주원샷-자문밖/","광주원샷, 자문밖, XOXO핫도그",1루 4층,https://myseatcheck.com/광주-챔피언스필드-먹거리-1루-4층/,FOOD,store
SC_FOOD_GWANGJU_011,GWANGJU,광주 KIA 챔피언스필드,KIA,BHC치킨,1루 5층,5층,1루,Y,UNOFFICIAL,COMMUNITY_SEATVIEW,myseatcheck.com (자리어때),https://myseatcheck.com/광주-챔피언스필드-먹거리-1루-5층-bhc치킨/,2026-10-07,DETAIL_CHECKED,외부 표기 포함 내부 먹거리 분류. 표시 핀은 실제 매장 좌표 아님. 현재 영업·메뉴 미확인,[광주 KIA 챔피언스필드] BHC치킨 / 1루 / 1루 5층 / FOOD / 매장 상세 위치: https://myseatcheck.com/광주-챔피언스필드-먹거리-1루-5층-bhc치킨/,BHC치킨 (1루),1루,https://myseatcheck.com/광주-챔피언스필드-먹거리-1루-5층/,FOOD,store
SC_FOOD_GWANGJU_012,GWANGJU,광주 KIA 챔피언스필드,KIA,파파존스,1루 5층,5층,1루,Y,UNOFFICIAL,COMMUNITY_SEATVIEW,myseatcheck.com (자리어때),https://myseatcheck.com/광주-챔피언스필드-먹거리-1루-5층-파파존스/,2026-10-07,DETAIL_CHECKED,외부 표기 포함 내부 먹거리 분류. 표시 핀은 실제 매장 좌표 아님. 현재 영업·메뉴 미확인,[광주 KIA 챔피언스필드] 파파존스 / 1루 / 1루 5층 / FOOD / 매장 상세 위치: https://myseatcheck.com/광주-챔피언스필드-먹거리-1루-5층-파파존스/,파파존스 (1루),1루,https://myseatcheck.com/광주-챔피언스필드-먹거리-1루-5층/,FOOD,store
SC_FOOD_GWANGJU_013,GWANGJU,광주 KIA 챔피언스필드,KIA,BHC치킨,3루 3층,3층,3루,Y,UNOFFICIAL,COMMUNITY_SEATVIEW,myseatcheck.com (자리어때),https://myseatcheck.com/광주-챔피언스필드-먹거리-3루-3층-bhc치킨/,2026-10-07,DETAIL_CHECKED,외부 표기 포함 내부 먹거리 분류. 표시 핀은 실제 매장 좌표 아님. 현재 영업·메뉴 미확인,[광주 KIA 챔피언스필드] BHC치킨 / 116블럭 / 3루 3층 / FOOD / 매장 상세 위치: https://myseatcheck.com/광주-챔피언스필드-먹거리-3루-3층-bhc치킨/,BHC치킨 (116블럭),116블럭,https://myseatcheck.com/광주-챔피언스필드-먹거리-3루-3층/,FOOD,store
SC_FOOD_GWANGJU_014,GWANGJU,광주 KIA 챔피언스필드,KIA,요아정,3루 3층,3층,3루,Y,UNOFFICIAL,COMMUNITY_SEATVIEW,myseatcheck.com (자리어때),https://myseatcheck.com/광주-챔피언스필드-먹거리-3루-3층-요아정/,2026-10-07,DETAIL_CHECKED,외부 표기 포함 내부 먹거리 분류. 표시 핀은 실제 매장 좌표 아님. 현재 영업·메뉴 미확인,[광주 KIA 챔피언스필드] 요아정 / 123블럭 / 3루 3층 / CAFE / 매장 상세 위치: https://myseatcheck.com/광주-챔피언스필드-먹거리-3루-3층-요아정/,요아정 (123블럭),123블럭,https://myseatcheck.com/광주-챔피언스필드-먹거리-3루-3층/,CAFE,store
SC_FOOD_GWANGJU_015,GWANGJU,광주 KIA 챔피언스필드,KIA,CU편의점,3루 3층,3층,3루,Y,UNOFFICIAL,COMMUNITY_SEATVIEW,myseatcheck.com (자리어때),https://myseatcheck.com/광주-챔피언스필드-먹거리-3루-3층-cu편의점/,2026-10-07,DETAIL_CHECKED,외부 표기 포함 내부 먹거리 분류. 표시 핀은 실제 매장 좌표 아님. 현재 영업·메뉴 미확인,[광주 KIA 챔피언스필드] CU편의점 / 121블럭 / 3루 3층 / CONVENIENCE / 매장 상세 위치: https://myseatcheck.com/광주-챔피언스필드-먹거리-3루-3층-cu편의점/,CU편의점 (121블럭),121블럭,https://myseatcheck.com/광주-챔피언스필드-먹거리-3루-3층/,CONVENIENCE,store
SC_FOOD_GWANGJU_016,GWANGJU,광주 KIA 챔피언스필드,KIA,BHC치킨 PUB,3루 3층,3층,3루,Y,UNOFFICIAL,COMMUNITY_SEATVIEW,myseatcheck.com (자리어때),https://myseatcheck.com/광주-챔피언스필드-먹거리-3루-3층-bhc치킨-pub/,2026-10-07,DETAIL_CHECKED,외부 표기 포함 내부 먹거리 분류. 표시 핀은 실제 매장 좌표 아님. 현재 영업·메뉴 미확인,[광주 KIA 챔피언스필드] BHC치킨 PUB / 122블럭 / 3루 3층 / FOOD / 매장 상세 위치: https://myseatcheck.com/광주-챔피언스필드-먹거리-3루-3층-bhc치킨-pub/,BHC치킨 PUB (122블럭),122블럭,https://myseatcheck.com/광주-챔피언스필드-먹거리-3루-3층/,FOOD,store
SC_FOOD_GWANGJU_017,GWANGJU,광주 KIA 챔피언스필드,KIA,광주원샷,3루 3층,3층,3루,Y,UNOFFICIAL,COMMUNITY_SEATVIEW,myseatcheck.com (자리어때),https://myseatcheck.com/광주-챔피언스필드-먹거리-3루-3층-광주원샷/,2026-10-07,DETAIL_CHECKED,외부 표기 포함 내부 먹거리 분류. 표시 핀은 실제 매장 좌표 아님. 현재 영업·메뉴 미확인,[광주 KIA 챔피언스필드] 광주원샷 / 117블럭 / 3루 3층 / FOOD / 매장 상세 위치: https://myseatcheck.com/광주-챔피언스필드-먹거리-3루-3층-광주원샷/,광주원샷 (117블럭),117블럭,https://myseatcheck.com/광주-챔피언스필드-먹거리-3루-3층/,FOOD,store
SC_FOOD_GWANGJU_018,GWANGJU,광주 KIA 챔피언스필드,KIA,감탄떡볶이,3루 3층,3층,3루,Y,UNOFFICIAL,COMMUNITY_SEATVIEW,myseatcheck.com (자리어때),https://myseatcheck.com/광주-챔피언스필드-먹거리-3루-3층-감탄떡볶이/,2026-10-07,DETAIL_CHECKED,외부 표기 포함 내부 먹거리 분류. 표시 핀은 실제 매장 좌표 아님. 현재 영업·메뉴 미확인,[광주 KIA 챔피언스필드] 감탄떡볶이 / 118블럭 / 3루 3층 / FOOD / 매장 상세 위치: https://myseatcheck.com/광주-챔피언스필드-먹거리-3루-3층-감탄떡볶이/,감탄떡볶이 (118블럭),118블럭,https://myseatcheck.com/광주-챔피언스필드-먹거리-3루-3층/,FOOD,store
SC_FOOD_GWANGJU_019,GWANGJU,광주 KIA 챔피언스필드,KIA,스트릿츄러스,3루 3층,3층,3루,Y,UNOFFICIAL,COMMUNITY_SEATVIEW,myseatcheck.com (자리어때),https://myseatcheck.com/광주-챔피언스필드-먹거리-3루-3층-스트릿츄러스/,2026-10-07,DETAIL_CHECKED,외부 표기 포함 내부 먹거리 분류. 표시 핀은 실제 매장 좌표 아님. 현재 영업·메뉴 미확인,[광주 KIA 챔피언스필드] 스트릿츄러스 / 119블럭 / 3루 3층 / CAFE / 매장 상세 위치: https://myseatcheck.com/광주-챔피언스필드-먹거리-3루-3층-스트릿츄러스/,스트릿츄러스 (119블럭),119블럭,https://myseatcheck.com/광주-챔피언스필드-먹거리-3루-3층/,CAFE,store
SC_FOOD_GWANGJU_020,GWANGJU,광주 KIA 챔피언스필드,KIA,보영만두,3루 3층,3층,3루,Y,UNOFFICIAL,COMMUNITY_SEATVIEW,myseatcheck.com (자리어때),https://myseatcheck.com/광주-챔피언스필드-먹거리-3루-3층-보영만두/,2026-10-07,DETAIL_CHECKED,외부 표기 포함 내부 먹거리 분류. 표시 핀은 실제 매장 좌표 아님. 현재 영업·메뉴 미확인,[광주 KIA 챔피언스필드] 보영만두 / 123블럭 / 3루 3층 / FOOD / 매장 상세 위치: https://myseatcheck.com/광주-챔피언스필드-먹거리-3루-3층-보영만두/,보영만두 (123블럭),123블럭,https://myseatcheck.com/광주-챔피언스필드-먹거리-3루-3층/,FOOD,store
SC_FOOD_GWANGJU_021,GWANGJU,광주 KIA 챔피언스필드,KIA,대신땅콩빵,3루 3층,3층,3루,Y,UNOFFICIAL,COMMUNITY_SEATVIEW,myseatcheck.com (자리어때),https://myseatcheck.com/광주-챔피언스필드-먹거리-3루-3층-대신땅콩빵/,2026-10-07,DETAIL_CHECKED,외부 표기 포함 내부 먹거리 분류. 표시 핀은 실제 매장 좌표 아님. 현재 영업·메뉴 미확인,[광주 KIA 챔피언스필드] 대신땅콩빵 / 126블럭 / 3루 3층 / CAFE / 매장 상세 위치: https://myseatcheck.com/광주-챔피언스필드-먹거리-3루-3층-대신땅콩빵/,대신땅콩빵 (126블럭),126블럭,https://myseatcheck.com/광주-챔피언스필드-먹거리-3루-3층/,CAFE,store
SC_FOOD_GWANGJU_022,GWANGJU,광주 KIA 챔피언스필드,KIA,카페아모제,3루 3층,3층,3루,Y,UNOFFICIAL,COMMUNITY_SEATVIEW,myseatcheck.com (자리어때),https://myseatcheck.com/광주-챔피언스필드-먹거리-3루-3층-카페아모제/,2026-10-07,DETAIL_CHECKED,외부 표기 포함 내부 먹거리 분류. 표시 핀은 실제 매장 좌표 아님. 현재 영업·메뉴 미확인,[광주 KIA 챔피언스필드] 카페아모제 / 126블럭 / 3루 3층 / CAFE / 매장 상세 위치: https://myseatcheck.com/광주-챔피언스필드-먹거리-3루-3층-카페아모제/,카페아모제 (126블럭),126블럭,https://myseatcheck.com/광주-챔피언스필드-먹거리-3루-3층/,CAFE,store
SC_FOOD_GWANGJU_025,GWANGJU,광주 KIA 챔피언스필드,KIA,"프랭크버거, 보영만두",3루 4층,4층,3루,Y,UNOFFICIAL,COMMUNITY_SEATVIEW,myseatcheck.com (자리어때),https://myseatcheck.com/광주-챔피언스필드-먹거리-3루-4층-프랭크버거/,2026-10-07,DETAIL_CHECKED,외부 표기 포함 내부 먹거리 분류. 표시 핀은 실제 매장 좌표 아님. 현재 영업·메뉴 미확인,"[광주 KIA 챔피언스필드] 프랭크버거, 보영만두 / 3루 4층 / 3루 4층 / FOOD / 매장 상세 위치: https://myseatcheck.com/광주-챔피언스필드-먹거리-3루-4층-프랭크버거/","프랭크버거, 보영만두",3루 4층,https://myseatcheck.com/광주-챔피언스필드-먹거리-3루-4층/,FOOD,store
SC_FOOD_GWANGJU_026,GWANGJU,광주 KIA 챔피언스필드,KIA,CU 편의점,3루 5층,5층,3루,Y,UNOFFICIAL,COMMUNITY_SEATVIEW,myseatcheck.com (자리어때),https://myseatcheck.com/광주-챔피언스필드-먹거리-3루-5층-cu-편의점/,2026-10-07,DETAIL_CHECKED,외부 표기 포함 내부 먹거리 분류. 표시 핀은 실제 매장 좌표 아님. 현재 영업·메뉴 미확인,[광주 KIA 챔피언스필드] CU 편의점 / 3루 / 3루 5층 / CONVENIENCE / 매장 상세 위치: https://myseatcheck.com/광주-챔피언스필드-먹거리-3루-5층-cu-편의점/,CU 편의점 (3루),3루,https://myseatcheck.com/광주-챔피언스필드-먹거리-3루-5층/,CONVENIENCE,store
SC_FOOD_GWANGJU_027,GWANGJU,광주 KIA 챔피언스필드,KIA,감탄떡볶이,3루 5층,5층,3루,Y,UNOFFICIAL,COMMUNITY_SEATVIEW,myseatcheck.com (자리어때),https://myseatcheck.com/광주-챔피언스필드-먹거리-3루-5층-감탄떡볶이/,2026-10-07,DETAIL_CHECKED,외부 표기 포함 내부 먹거리 분류. 표시 핀은 실제 매장 좌표 아님. 현재 영업·메뉴 미확인,[광주 KIA 챔피언스필드] 감탄떡볶이 / 3루 / 3루 5층 / FOOD / 매장 상세 위치: https://myseatcheck.com/광주-챔피언스필드-먹거리-3루-5층-감탄떡볶이/,감탄떡볶이 (3루),3루,https://myseatcheck.com/광주-챔피언스필드-먹거리-3루-5층/,FOOD,store
SC_FOOD_GWANGJU_028,GWANGJU,광주 KIA 챔피언스필드,KIA,INC COFFEE,외부,외부,,N,UNOFFICIAL,COMMUNITY_SEATVIEW,myseatcheck.com (자리어때),https://myseatcheck.com/광주-챔피언스필드-먹거리-외부-inc-coffee/,2026-10-07,DETAIL_CHECKED,외부 표기 포함 내부 먹거리 분류. 표시 핀은 실제 매장 좌표 아님. 현재 영업·메뉴 미확인,[광주 KIA 챔피언스필드] INC COFFEE / 외부 / 외부 / CAFE / 매장 상세 위치: https://myseatcheck.com/광주-챔피언스필드-먹거리-외부-inc-coffee/,INC COFFEE(외부),외부,https://myseatcheck.com/광주-챔피언스필드-먹거리/,CAFE,store
SC_FOOD_GWANGJU_029,GWANGJU,광주 KIA 챔피언스필드,KIA,INC COFFEE TO GO,외부,외부,,N,UNOFFICIAL,COMMUNITY_SEATVIEW,myseatcheck.com (자리어때),https://myseatcheck.com/광주-챔피언스필드-먹거리-외부-inc-coffee-to-go/,2026-10-07,DETAIL_CHECKED,외부 표기 포함 내부 먹거리 분류. 표시 핀은 실제 매장 좌표 아님. 현재 영업·메뉴 미확인,[광주 KIA 챔피언스필드] INC COFFEE TO GO / 외부 / 외부 / CAFE / 매장 상세 위치: https://myseatcheck.com/광주-챔피언스필드-먹거리-외부-inc-coffee-to-go/,INC COFFEE TO GO(외부),외부,https://myseatcheck.com/광주-챔피언스필드-먹거리/,CAFE,store
SC_FOOD_GWANGJU_030,GWANGJU,광주 KIA 챔피언스필드,KIA,"광주원샷, 자문밖",3루 4층,4층,,Y,UNOFFICIAL,COMMUNITY_SEATVIEW,myseatcheck.com (자리어때),https://myseatcheck.com/광주-챔피언스필드-먹거리-3루-4층-광주원샷-자문밖/,2026-10-07,DETAIL_CHECKED,외부 표기 포함 내부 먹거리 분류. 표시 핀은 실제 매장 좌표 아님. 현재 영업·메뉴 미확인,"[광주 KIA 챔피언스필드] 광주원샷, 자문밖 / 3루 4층 / 3루 4층 / FOOD / 매장 상세 위치: https://myseatcheck.com/광주-챔피언스필드-먹거리-3루-4층-광주원샷-자문밖/","광주원샷, 자문밖",3루 4층,https://myseatcheck.com/광주-챔피언스필드-먹거리-3루-4층/,FOOD,store
SC_FOOD_JAMSIL_001,JAMSIL,잠실야구장,"LG,DOOSAN",BBQ치킨,외부 (외야 ~ 3루),외부,외야~3루,N,UNOFFICIAL,COMMUNITY_SEATVIEW,myseatcheck.com (자리어때),https://myseatcheck.com/서울-잠실야구장-먹거리-외부-외야3루-bbq치킨/,2026-10-07,DETAIL_CHECKED,외부 표기 포함 내부 먹거리 분류. 표시 핀은 실제 매장 좌표 아님. 현재 영업·메뉴 미확인,[잠실야구장] BBQ치킨 / 외야~3루 / 외부 (외야 ~ 3루) / FOOD / 매장 상세 위치: https://myseatcheck.com/서울-잠실야구장-먹거리-외부-외야3루-bbq치킨/,BBQ치킨 (외야~3루),외야~3루,https://myseatcheck.com/서울-잠실야구장-먹거리-외부-외야3루/,FOOD,store
SC_FOOD_JAMSIL_002,JAMSIL,잠실야구장,"LG,DOOSAN",BHC치킨,외부 (외야 ~ 3루),외부,외야~3루,N,UNOFFICIAL,COMMUNITY_SEATVIEW,myseatcheck.com (자리어때),https://myseatcheck.com/서울-잠실야구장-먹거리-외부-bhc치킨/,2026-10-07,DETAIL_CHECKED,외부 표기 포함 내부 먹거리 분류. 표시 핀은 실제 매장 좌표 아님. 현재 영업·메뉴 미확인,[잠실야구장] BHC치킨 / 외야~3루 / 외부 (외야 ~ 3루) / FOOD / 매장 상세 위치: https://myseatcheck.com/서울-잠실야구장-먹거리-외부-bhc치킨/,BHC치킨 (외야~3루),외야~3루,https://myseatcheck.com/서울-잠실야구장-먹거리-외부-외야3루/,FOOD,store
SC_FOOD_JAMSIL_003,JAMSIL,잠실야구장,"LG,DOOSAN",GS25,외부 (외야 ~ 3루),외부,외야~3루,N,UNOFFICIAL,COMMUNITY_SEATVIEW,myseatcheck.com (자리어때),https://myseatcheck.com/서울-잠실야구장-먹거리-외부-gs25/,2026-10-07,DETAIL_CHECKED,외부 표기 포함 내부 먹거리 분류. 표시 핀은 실제 매장 좌표 아님. 현재 영업·메뉴 미확인,[잠실야구장] GS25 / 외야~3루 / 외부 (외야 ~ 3루) / CONVENIENCE / 매장 상세 위치: https://myseatcheck.com/서울-잠실야구장-먹거리-외부-gs25/,GS25 (외야~3루),외야~3루,https://myseatcheck.com/서울-잠실야구장-먹거리-외부-외야3루/,CONVENIENCE,store
SC_FOOD_JAMSIL_004,JAMSIL,잠실야구장,"LG,DOOSAN","잠실원샷, 미스터피자",외부 (외야 ~ 3루),외부,외야~3루,N,UNOFFICIAL,COMMUNITY_SEATVIEW,myseatcheck.com (자리어때),https://myseatcheck.com/서울-잠실야구장-먹거리-외부-잠실원샷-미스터피자/,2026-10-07,DETAIL_CHECKED,외부 표기 포함 내부 먹거리 분류. 표시 핀은 실제 매장 좌표 아님. 현재 영업·메뉴 미확인,"[잠실야구장] 잠실원샷, 미스터피자 / 외야~3루 / 외부 (외야 ~ 3루) / FOOD / 매장 상세 위치: https://myseatcheck.com/서울-잠실야구장-먹거리-외부-잠실원샷-미스터피자/","잠실원샷, 미스터피자 (외야~3루)",외야~3루,https://myseatcheck.com/서울-잠실야구장-먹거리-외부-외야3루/,FOOD,store
SC_FOOD_JAMSIL_005,JAMSIL,잠실야구장,"LG,DOOSAN",카페바른생활,외부 (외야 ~ 3루),외부,외야~3루,N,UNOFFICIAL,COMMUNITY_SEATVIEW,myseatcheck.com (자리어때),https://myseatcheck.com/서울-잠실야구장-먹거리-외부-외야3루-카페바른생/,2026-10-07,DETAIL_CHECKED,외부 표기 포함 내부 먹거리 분류. 표시 핀은 실제 매장 좌표 아님. 현재 영업·메뉴 미확인,[잠실야구장] 카페바른생활 / 외부 3루 방면 / 외부 (외야 ~ 3루) / CAFE / 매장 상세 위치: https://myseatcheck.com/서울-잠실야구장-먹거리-외부-외야3루-카페바른생/,카페바른생활 (외부 3루 방면),외부 3루 방면,https://myseatcheck.com/서울-잠실야구장-먹거리-외부-외야3루/,CAFE,store
SC_FOOD_JAMSIL_006,JAMSIL,잠실야구장,"LG,DOOSAN",자문밖,외부 (외야 ~ 3루),외부,외야~3루,N,UNOFFICIAL,COMMUNITY_SEATVIEW,myseatcheck.com (자리어때),https://myseatcheck.com/서울-잠실야구장-먹거리-외부-외야3루-자문밖/,2026-10-07,DETAIL_CHECKED,외부 표기 포함 내부 먹거리 분류. 표시 핀은 실제 매장 좌표 아님. 현재 영업·메뉴 미확인,[잠실야구장] 자문밖 / 외야~3루 / 외부 (외야 ~ 3루) / FOOD / 매장 상세 위치: https://myseatcheck.com/서울-잠실야구장-먹거리-외부-외야3루-자문밖/,자문밖 (외야~3루),외야~3루,https://myseatcheck.com/서울-잠실야구장-먹거리-외부-외야3루/,FOOD,store
SC_FOOD_JAMSIL_007,JAMSIL,잠실야구장,"LG,DOOSAN",명인만두,외부 (외야 ~ 3루),외부,외야~3루,N,UNOFFICIAL,COMMUNITY_SEATVIEW,myseatcheck.com (자리어때),https://myseatcheck.com/서울-잠실야구장-먹거리-외부-외야3루-명인만두/,2026-10-07,DETAIL_CHECKED,외부 표기 포함 내부 먹거리 분류. 표시 핀은 실제 매장 좌표 아님. 현재 영업·메뉴 미확인,[잠실야구장] 명인만두 / 외야~3루 / 외부 (외야 ~ 3루) / FOOD / 매장 상세 위치: https://myseatcheck.com/서울-잠실야구장-먹거리-외부-외야3루-명인만두/,명인만두 (외야~3루),외야~3루,https://myseatcheck.com/서울-잠실야구장-먹거리-외부-외야3루/,FOOD,store
SC_FOOD_JAMSIL_008,JAMSIL,잠실야구장,"LG,DOOSAN",버거리,외부 (외야 ~ 3루),외부,외야~3루,N,UNOFFICIAL,COMMUNITY_SEATVIEW,myseatcheck.com (자리어때),https://myseatcheck.com/서울-잠실야구장-먹거리-외부-외야3루-버거리/,2026-10-07,DETAIL_CHECKED,외부 표기 포함 내부 먹거리 분류. 표시 핀은 실제 매장 좌표 아님. 현재 영업·메뉴 미확인,[잠실야구장] 버거리 / 외부 3루 방면 / 외부 (외야 ~ 3루) / FOOD / 매장 상세 위치: https://myseatcheck.com/서울-잠실야구장-먹거리-외부-외야3루-버거리/,버거리 (외부 3루 방면),외부 3루 방면,https://myseatcheck.com/서울-잠실야구장-먹거리-외부-외야3루/,FOOD,store
SC_FOOD_JAMSIL_009,JAMSIL,잠실야구장,"LG,DOOSAN",초장집,외부 (외야 ~ 3루),외부,외야~3루,N,UNOFFICIAL,COMMUNITY_SEATVIEW,myseatcheck.com (자리어때),https://myseatcheck.com/서울-잠실야구장-먹거리-외부-외야3루-초장집/,2026-10-07,DETAIL_CHECKED,외부 표기 포함 내부 먹거리 분류. 표시 핀은 실제 매장 좌표 아님. 현재 영업·메뉴 미확인,[잠실야구장] 초장집 / 외부 3루 방면 / 외부 (외야 ~ 3루) / FOOD / 매장 상세 위치: https://myseatcheck.com/서울-잠실야구장-먹거리-외부-외야3루-초장집/,초장집 (외부 3루 방면),외부 3루 방면,https://myseatcheck.com/서울-잠실야구장-먹거리-외부-외야3루/,FOOD,store
SC_FOOD_JAMSIL_010,JAMSIL,잠실야구장,"LG,DOOSAN","BBQ치킨, 닭꼬치",외부 (외야 ~ 1루),외부,외야~1루,N,UNOFFICIAL,COMMUNITY_SEATVIEW,myseatcheck.com (자리어때),https://myseatcheck.com/서울-잠실야구장-먹거리-외부-외야1루-bbq치킨/,2026-10-07,DETAIL_CHECKED,외부 표기 포함 내부 먹거리 분류. 표시 핀은 실제 매장 좌표 아님. 현재 영업·메뉴 미확인,"[잠실야구장] BBQ치킨, 닭꼬치 / 외야~1루 / 외부 (외야 ~ 1루) / FOOD / 매장 상세 위치: https://myseatcheck.com/서울-잠실야구장-먹거리-외부-외야1루-bbq치킨/","BBQ치킨, 닭꼬치 (외야~1루)",외야~1루,https://myseatcheck.com/서울-잠실야구장-먹거리-외부-외야1루/,FOOD,store
SC_FOOD_JAMSIL_011,JAMSIL,잠실야구장,"LG,DOOSAN",이쁜여우핫도그,외부 (외야 ~ 1루),외부,외야~1루,N,UNOFFICIAL,COMMUNITY_SEATVIEW,myseatcheck.com (자리어때),https://myseatcheck.com/서울-잠실야구장-먹거리-외부-외야1루-이쁜여우핫/,2026-10-07,DETAIL_CHECKED,외부 표기 포함 내부 먹거리 분류. 표시 핀은 실제 매장 좌표 아님. 현재 영업·메뉴 미확인,[잠실야구장] 이쁜여우핫도그 / 외야~1루 / 외부 (외야 ~ 1루) / FOOD / 매장 상세 위치: https://myseatcheck.com/서울-잠실야구장-먹거리-외부-외야1루-이쁜여우핫/,이쁜여우핫도그 (외야~1루),외야~1루,https://myseatcheck.com/서울-잠실야구장-먹거리-외부-외야1루/,FOOD,store
SC_FOOD_JAMSIL_012,JAMSIL,잠실야구장,"LG,DOOSAN",버거리,외부 (외야 ~ 1루),외부,외야~1루,N,UNOFFICIAL,COMMUNITY_SEATVIEW,myseatcheck.com (자리어때),https://myseatcheck.com/서울-잠실야구장-먹거리-외부-외야1루-버거리/,2026-10-07,DETAIL_CHECKED,외부 표기 포함 내부 먹거리 분류. 표시 핀은 실제 매장 좌표 아님. 현재 영업·메뉴 미확인,[잠실야구장] 버거리 / 외야~1루 / 외부 (외야 ~ 1루) / FOOD / 매장 상세 위치: https://myseatcheck.com/서울-잠실야구장-먹거리-외부-외야1루-버거리/,버거리 (외야~1루),외야~1루,https://myseatcheck.com/서울-잠실야구장-먹거리-외부-외야1루/,FOOD,store
SC_FOOD_JAMSIL_013,JAMSIL,잠실야구장,"LG,DOOSAN",스테이션,외부 (외야 ~ 1루),외부,외야~1루,N,UNOFFICIAL,COMMUNITY_SEATVIEW,myseatcheck.com (자리어때),https://myseatcheck.com/서울-잠실야구장-먹거리-외부-외야1루-스테이션/,2026-10-07,DETAIL_CHECKED,외부 표기 포함 내부 먹거리 분류. 표시 핀은 실제 매장 좌표 아님. 현재 영업·메뉴 미확인,[잠실야구장] 스테이션 / 외야~1루 / 외부 (외야 ~ 1루) / FOOD / 매장 상세 위치: https://myseatcheck.com/서울-잠실야구장-먹거리-외부-외야1루-스테이션/,스테이션 (외야~1루),외야~1루,https://myseatcheck.com/서울-잠실야구장-먹거리-외부-외야1루/,FOOD,store
SC_FOOD_JAMSIL_014,JAMSIL,잠실야구장,"LG,DOOSAN",빙동댕,외부 (외야 ~ 1루),외부,외야~1루,N,UNOFFICIAL,COMMUNITY_SEATVIEW,myseatcheck.com (자리어때),https://myseatcheck.com/서울-잠실야구장-먹거리-외부-외야1루-빙동댕/,2026-10-07,DETAIL_CHECKED,외부 표기 포함 내부 먹거리 분류. 표시 핀은 실제 매장 좌표 아님. 현재 영업·메뉴 미확인,[잠실야구장] 빙동댕 / 외야~1루 / 외부 (외야 ~ 1루) / CAFE / 매장 상세 위치: https://myseatcheck.com/서울-잠실야구장-먹거리-외부-외야1루-빙동댕/,빙동댕 (외야~1루),외야~1루,https://myseatcheck.com/서울-잠실야구장-먹거리-외부-외야1루/,CAFE,store
SC_FOOD_JAMSIL_015,JAMSIL,잠실야구장,"LG,DOOSAN",GS25,외부 (외야 ~ 1루),외부,외야~1루,N,UNOFFICIAL,COMMUNITY_SEATVIEW,myseatcheck.com (자리어때),https://myseatcheck.com/서울-잠실야구장-먹거리-외부-외야1루-gs25/,2026-10-07,DETAIL_CHECKED,외부 표기 포함 내부 먹거리 분류. 표시 핀은 실제 매장 좌표 아님. 현재 영업·메뉴 미확인,[잠실야구장] GS25 / 외야~1루 / 외부 (외야 ~ 1루) / CONVENIENCE / 매장 상세 위치: https://myseatcheck.com/서울-잠실야구장-먹거리-외부-외야1루-gs25/,GS25 (외야~1루),외야~1루,https://myseatcheck.com/서울-잠실야구장-먹거리-외부-외야1루/,CONVENIENCE,store
SC_FOOD_JAMSIL_016,JAMSIL,잠실야구장,"LG,DOOSAN",GS25 분식,외부 (외야 ~ 1루),외부,외야~1루,N,UNOFFICIAL,COMMUNITY_SEATVIEW,myseatcheck.com (자리어때),https://myseatcheck.com/서울-잠실야구장-먹거리-외부-외야1루-gs25-분식/,2026-10-07,DETAIL_CHECKED,외부 표기 포함 내부 먹거리 분류. 표시 핀은 실제 매장 좌표 아님. 현재 영업·메뉴 미확인,[잠실야구장] GS25 분식 / 외야~1루 / 외부 (외야 ~ 1루) / FOOD / 매장 상세 위치: https://myseatcheck.com/서울-잠실야구장-먹거리-외부-외야1루-gs25-분식/,GS25 분식 (외야~1루),외야~1루,https://myseatcheck.com/서울-잠실야구장-먹거리-외부-외야1루/,FOOD,store
SC_FOOD_JAMSIL_017,JAMSIL,잠실야구장,"LG,DOOSAN",KFC치킨,외부 (1루),외부,1루,N,UNOFFICIAL,COMMUNITY_SEATVIEW,myseatcheck.com (자리어때),https://myseatcheck.com/서울-잠실야구장-먹거리-외부-1루-kfc/,2026-10-07,DETAIL_CHECKED,외부 표기 포함 내부 먹거리 분류. 표시 핀은 실제 매장 좌표 아님. 현재 영업·메뉴 미확인,[잠실야구장] KFC치킨 / 외부 1루 방면 / 외부 (1루) / FOOD / 매장 상세 위치: https://myseatcheck.com/서울-잠실야구장-먹거리-외부-1루-kfc/,KFC치킨 (외부 1루 방면),외부 1루 방면,https://myseatcheck.com/서울-잠실야구장-먹거리-외부-1루/,FOOD,store
SC_FOOD_JAMSIL_018,JAMSIL,잠실야구장,"LG,DOOSAN",광장식당,외부 (1루),외부,1루,N,UNOFFICIAL,COMMUNITY_SEATVIEW,myseatcheck.com (자리어때),https://myseatcheck.com/서울-잠실야구장-먹거리-외부-1루-광장식당/,2026-10-07,DETAIL_CHECKED,외부 표기 포함 내부 먹거리 분류. 표시 핀은 실제 매장 좌표 아님. 현재 영업·메뉴 미확인,[잠실야구장] 광장식당 / 1루 / 외부 (1루) / FOOD / 매장 상세 위치: https://myseatcheck.com/서울-잠실야구장-먹거리-외부-1루-광장식당/,광장식당 (1루),1루,https://myseatcheck.com/서울-잠실야구장-먹거리-외부-1루/,FOOD,store
SC_FOOD_JAMSIL_019,JAMSIL,잠실야구장,"LG,DOOSAN",꼬꼬닭,외부 (1루),외부,1루,N,UNOFFICIAL,COMMUNITY_SEATVIEW,myseatcheck.com (자리어때),https://myseatcheck.com/서울-잠실야구장-먹거리-외부-1루-꼬꼬닭-강정/,2026-10-07,DETAIL_CHECKED,외부 표기 포함 내부 먹거리 분류. 표시 핀은 실제 매장 좌표 아님. 현재 영업·메뉴 미확인,[잠실야구장] 꼬꼬닭 / 외부 1루 방면 / 외부 (1루) / FOOD / 매장 상세 위치: https://myseatcheck.com/서울-잠실야구장-먹거리-외부-1루-꼬꼬닭-강정/,꼬꼬닭 (외부 1루 방면),외부 1루 방면,https://myseatcheck.com/서울-잠실야구장-먹거리-외부-1루/,FOOD,store
SC_FOOD_JAMSIL_020,JAMSIL,잠실야구장,"LG,DOOSAN",도미노피자,외부 (1루),외부,1루,N,UNOFFICIAL,COMMUNITY_SEATVIEW,myseatcheck.com (자리어때),https://myseatcheck.com/서울-잠실야구장-먹거리-외부-1루-도미노피자/,2026-10-07,DETAIL_CHECKED,외부 표기 포함 내부 먹거리 분류. 표시 핀은 실제 매장 좌표 아님. 현재 영업·메뉴 미확인,[잠실야구장] 도미노피자 / 외부 1루 방면 / 외부 (1루) / FOOD / 매장 상세 위치: https://myseatcheck.com/서울-잠실야구장-먹거리-외부-1루-도미노피자/,도미노피자 (외부 1루 방면),외부 1루 방면,https://myseatcheck.com/서울-잠실야구장-먹거리-외부-1루/,FOOD,store
SC_FOOD_JAMSIL_021,JAMSIL,잠실야구장,"LG,DOOSAN",홈런마트,외부 (1루),외부,1루,N,UNOFFICIAL,COMMUNITY_SEATVIEW,myseatcheck.com (자리어때),https://myseatcheck.com/서울-잠실야구장-먹거리-외부-1루-홈런마트/,2026-10-07,DETAIL_CHECKED,외부 표기 포함 내부 먹거리 분류. 표시 핀은 실제 매장 좌표 아님. 현재 영업·메뉴 미확인,[잠실야구장] 홈런마트 / 외부 1루 방면 / 외부 (1루) / CONVENIENCE / 매장 상세 위치: https://myseatcheck.com/서울-잠실야구장-먹거리-외부-1루-홈런마트/,홈런마트 (외부 1루 방면),외부 1루 방면,https://myseatcheck.com/서울-잠실야구장-먹거리-외부-1루/,CONVENIENCE,store
SC_FOOD_JAMSIL_022,JAMSIL,잠실야구장,"LG,DOOSAN",미스터피자,3루 (2층),2층,3루,Y,UNOFFICIAL,COMMUNITY_SEATVIEW,myseatcheck.com (자리어때),https://myseatcheck.com/서울-잠실야구장-먹거리-3루-2층-미스터피자/,2026-10-07,DETAIL_CHECKED,외부 표기 포함 내부 먹거리 분류. 표시 핀은 실제 매장 좌표 아님. 현재 영업·메뉴 미확인,[잠실야구장] 미스터피자 / 3루 2층 / 3루 (2층) / FOOD / 매장 상세 위치: https://myseatcheck.com/서울-잠실야구장-먹거리-3루-2층-미스터피자/,미스터피자 (3루 2층),3루 2층,https://myseatcheck.com/서울-잠실야구장-먹거리-3루-2층/,FOOD,store
SC_FOOD_JAMSIL_023,JAMSIL,잠실야구장,"LG,DOOSAN",GS25,3루 (2층),2층,3루,Y,UNOFFICIAL,COMMUNITY_SEATVIEW,myseatcheck.com (자리어때),https://myseatcheck.com/서울-잠실야구장-먹거리-3루-2층-gs25/,2026-10-07,DETAIL_CHECKED,외부 표기 포함 내부 먹거리 분류. 표시 핀은 실제 매장 좌표 아님. 현재 영업·메뉴 미확인,[잠실야구장] GS25 / 3루 2층 / 3루 (2층) / CONVENIENCE / 매장 상세 위치: https://myseatcheck.com/서울-잠실야구장-먹거리-3루-2층-gs25/,GS25 (3루 2층),3루 2층,https://myseatcheck.com/서울-잠실야구장-먹거리-3루-2층/,CONVENIENCE,store
SC_FOOD_JAMSIL_024,JAMSIL,잠실야구장,"LG,DOOSAN",타코잇,3루 (2층),2층,3루,Y,UNOFFICIAL,COMMUNITY_SEATVIEW,myseatcheck.com (자리어때),https://myseatcheck.com/서울-잠실야구장-먹거리-3루-2층-타코잇/,2026-10-07,DETAIL_CHECKED,외부 표기 포함 내부 먹거리 분류. 표시 핀은 실제 매장 좌표 아님. 현재 영업·메뉴 미확인,[잠실야구장] 타코잇 / 3루 2층 / 3루 (2층) / FOOD / 매장 상세 위치: https://myseatcheck.com/서울-잠실야구장-먹거리-3루-2층-타코잇/,타코잇 (3루 2층),3루 2층,https://myseatcheck.com/서울-잠실야구장-먹거리-3루-2층/,FOOD,store
SC_FOOD_JAMSIL_025,JAMSIL,잠실야구장,"LG,DOOSAN",XOXO핫도그,3루 (2층),2층,3루,Y,UNOFFICIAL,COMMUNITY_SEATVIEW,myseatcheck.com (자리어때),https://myseatcheck.com/서울-잠실야구장-먹거리-3루-2층-xoxo핫도그/,2026-10-07,DETAIL_CHECKED,외부 표기 포함 내부 먹거리 분류. 표시 핀은 실제 매장 좌표 아님. 현재 영업·메뉴 미확인,[잠실야구장] XOXO핫도그 / 3루 2층 / 3루 (2층) / FOOD / 매장 상세 위치: https://myseatcheck.com/서울-잠실야구장-먹거리-3루-2층-xoxo핫도그/,XOXO핫도그 (3루 2층),3루 2층,https://myseatcheck.com/서울-잠실야구장-먹거리-3루-2층/,FOOD,store
SC_FOOD_JAMSIL_026,JAMSIL,잠실야구장,"LG,DOOSAN",보영만두,3루 (2층),2층,3루,Y,UNOFFICIAL,COMMUNITY_SEATVIEW,myseatcheck.com (자리어때),https://myseatcheck.com/서울-잠실야구장-먹거리-3루-2층-보영만두/,2026-10-07,DETAIL_CHECKED,외부 표기 포함 내부 먹거리 분류. 표시 핀은 실제 매장 좌표 아님. 현재 영업·메뉴 미확인,[잠실야구장] 보영만두 / 3루 2층 / 3루 (2층) / FOOD / 매장 상세 위치: https://myseatcheck.com/서울-잠실야구장-먹거리-3루-2층-보영만두/,보영만두 (3루 2층),3루 2층,https://myseatcheck.com/서울-잠실야구장-먹거리-3루-2층/,FOOD,store
SC_FOOD_JAMSIL_027,JAMSIL,잠실야구장,"LG,DOOSAN",달콤커피,3루 (2층),2층,3루,Y,UNOFFICIAL,COMMUNITY_SEATVIEW,myseatcheck.com (자리어때),https://myseatcheck.com/서울-잠실야구장-먹거리-3루-2층-달콤커피/,2026-10-07,DETAIL_CHECKED,외부 표기 포함 내부 먹거리 분류. 표시 핀은 실제 매장 좌표 아님. 현재 영업·메뉴 미확인,[잠실야구장] 달콤커피 / 3루 2층 / 3루 (2층) / CAFE / 매장 상세 위치: https://myseatcheck.com/서울-잠실야구장-먹거리-3루-2층-달콤커피/,달콤커피 (3루 2층),3루 2층,https://myseatcheck.com/서울-잠실야구장-먹거리-3루-2층/,CAFE,store
SC_FOOD_JAMSIL_028,JAMSIL,잠실야구장,"LG,DOOSAN",BBQ치킨,3루 (2층),2층,3루,Y,UNOFFICIAL,COMMUNITY_SEATVIEW,myseatcheck.com (자리어때),https://myseatcheck.com/서울-잠실야구장-먹거리-3루-2층-bbq치킨/,2026-10-07,DETAIL_CHECKED,외부 표기 포함 내부 먹거리 분류. 표시 핀은 실제 매장 좌표 아님. 현재 영업·메뉴 미확인,[잠실야구장] BBQ치킨 / 3루 2층 / 3루 (2층) / FOOD / 매장 상세 위치: https://myseatcheck.com/서울-잠실야구장-먹거리-3루-2층-bbq치킨/,BBQ치킨 (3루 2층),3루 2층,https://myseatcheck.com/서울-잠실야구장-먹거리-3루-2층/,FOOD,store
SC_FOOD_JAMSIL_029,JAMSIL,잠실야구장,"LG,DOOSAN",요아정,3루 (2층),2층,3루,Y,UNOFFICIAL,COMMUNITY_SEATVIEW,myseatcheck.com (자리어때),https://myseatcheck.com/서울-잠실야구장-먹거리-3루-2층-요아정/,2026-10-07,DETAIL_CHECKED,외부 표기 포함 내부 먹거리 분류. 표시 핀은 실제 매장 좌표 아님. 현재 영업·메뉴 미확인,[잠실야구장] 요아정 / 3루 2층 / 3루 (2층) / CAFE / 매장 상세 위치: https://myseatcheck.com/서울-잠실야구장-먹거리-3루-2층-요아정/,요아정 (3루 2층),3루 2층,https://myseatcheck.com/서울-잠실야구장-먹거리-3루-2층/,CAFE,store
SC_FOOD_JAMSIL_030,JAMSIL,잠실야구장,"LG,DOOSAN",수내닭꼬치,3루 (2층),2층,3루,Y,UNOFFICIAL,COMMUNITY_SEATVIEW,myseatcheck.com (자리어때),https://myseatcheck.com/서울-잠실야구장-먹거리-3루-2층-수내닭꼬치/,2026-10-07,DETAIL_CHECKED,외부 표기 포함 내부 먹거리 분류. 표시 핀은 실제 매장 좌표 아님. 현재 영업·메뉴 미확인,[잠실야구장] 수내닭꼬치 / 3루 2층 / 3루 (2층) / FOOD / 매장 상세 위치: https://myseatcheck.com/서울-잠실야구장-먹거리-3루-2층-수내닭꼬치/,수내닭꼬치 (3루 2층),3루 2층,https://myseatcheck.com/서울-잠실야구장-먹거리-3루-2층/,FOOD,store
SC_FOOD_JAMSIL_031,JAMSIL,잠실야구장,"LG,DOOSAN",BBQ치킨,3루 (2층),2층,3루,Y,UNOFFICIAL,COMMUNITY_SEATVIEW,myseatcheck.com (자리어때),https://myseatcheck.com/서울-잠실야구장-먹거리-3루-2층-팝콘/,2026-10-07,DETAIL_CHECKED,외부 표기 포함 내부 먹거리 분류. 표시 핀은 실제 매장 좌표 아님. 현재 영업·메뉴 미확인,[잠실야구장] BBQ치킨 / 3루 2층 / 3루 (2층) / FOOD / 매장 상세 위치: https://myseatcheck.com/서울-잠실야구장-먹거리-3루-2층-팝콘/,BBQ치킨 (3루 2층),3루 2층,https://myseatcheck.com/서울-잠실야구장-먹거리-3루-2층/,FOOD,store
SC_FOOD_JAMSIL_032,JAMSIL,잠실야구장,"LG,DOOSAN",이가네떡볶이,3루 (2층),2층,3루,Y,UNOFFICIAL,COMMUNITY_SEATVIEW,myseatcheck.com (자리어때),https://myseatcheck.com/서울-잠실야구장-먹거리-3루-2층-이가네떡볶이/,2026-10-07,DETAIL_CHECKED,외부 표기 포함 내부 먹거리 분류. 표시 핀은 실제 매장 좌표 아님. 현재 영업·메뉴 미확인,[잠실야구장] 이가네떡볶이 / 3루 2층 / 3루 (2층) / FOOD / 매장 상세 위치: https://myseatcheck.com/서울-잠실야구장-먹거리-3루-2층-이가네떡볶이/,이가네떡볶이 (3루 2층),3루 2층,https://myseatcheck.com/서울-잠실야구장-먹거리-3루-2층/,FOOD,store
SC_FOOD_JAMSIL_033,JAMSIL,잠실야구장,"LG,DOOSAN",잠실원샷,3루 (2층),2층,3루,Y,UNOFFICIAL,COMMUNITY_SEATVIEW,myseatcheck.com (자리어때),https://myseatcheck.com/서울-잠실야구장-먹거리-3루-2층-잠실원샷/,2026-10-07,DETAIL_CHECKED,외부 표기 포함 내부 먹거리 분류. 표시 핀은 실제 매장 좌표 아님. 현재 영업·메뉴 미확인,[잠실야구장] 잠실원샷 / 3루 2층 / 3루 (2층) / FOOD / 매장 상세 위치: https://myseatcheck.com/서울-잠실야구장-먹거리-3루-2층-잠실원샷/,잠실원샷 (3루 2층),3루 2층,https://myseatcheck.com/서울-잠실야구장-먹거리-3루-2층/,FOOD,store
SC_FOOD_JAMSIL_034,JAMSIL,잠실야구장,"LG,DOOSAN",죠스떡볶이,3루 (2층),2층,3루,Y,UNOFFICIAL,COMMUNITY_SEATVIEW,myseatcheck.com (자리어때),https://myseatcheck.com/서울-잠실야구장-먹거리-3루-2층-죠스떡볶이/,2026-10-07,DETAIL_CHECKED,외부 표기 포함 내부 먹거리 분류. 표시 핀은 실제 매장 좌표 아님. 현재 영업·메뉴 미확인,[잠실야구장] 죠스떡볶이 / 3루 2층 / 3루 (2층) / FOOD / 매장 상세 위치: https://myseatcheck.com/서울-잠실야구장-먹거리-3루-2층-죠스떡볶이/,죠스떡볶이 (3루 2층),3루 2층,https://myseatcheck.com/서울-잠실야구장-먹거리-3루-2층/,FOOD,store
SC_FOOD_JAMSIL_035,JAMSIL,잠실야구장,"LG,DOOSAN",카페그라운드,3루 (2층),2층,3루,Y,UNOFFICIAL,COMMUNITY_SEATVIEW,myseatcheck.com (자리어때),https://myseatcheck.com/서울-잠실야구장-먹거리-3루-2층-카페그라운드/,2026-10-07,DETAIL_CHECKED,외부 표기 포함 내부 먹거리 분류. 표시 핀은 실제 매장 좌표 아님. 현재 영업·메뉴 미확인,[잠실야구장] 카페그라운드 / 3루 2층 / 3루 (2층) / CAFE / 매장 상세 위치: https://myseatcheck.com/서울-잠실야구장-먹거리-3루-2층-카페그라운드/,카페그라운드 (3루 2층),3루 2층,https://myseatcheck.com/서울-잠실야구장-먹거리-3루-2층/,CAFE,store
SC_FOOD_JAMSIL_036,JAMSIL,잠실야구장,"LG,DOOSAN",통밥,3루 (2층),2층,3루,Y,UNOFFICIAL,COMMUNITY_SEATVIEW,myseatcheck.com (자리어때),https://myseatcheck.com/서울-잠실야구장-먹거리-3루-2층-통밥/,2026-10-07,DETAIL_CHECKED,외부 표기 포함 내부 먹거리 분류. 표시 핀은 실제 매장 좌표 아님. 현재 영업·메뉴 미확인,[잠실야구장] 통밥 / 3루 2층 / 3루 (2층) / FOOD / 매장 상세 위치: https://myseatcheck.com/서울-잠실야구장-먹거리-3루-2층-통밥/,통밥 (3루 2층),3루 2층,https://myseatcheck.com/서울-잠실야구장-먹거리-3루-2층/,FOOD,store
SC_FOOD_JAMSIL_037,JAMSIL,잠실야구장,"LG,DOOSAN",피자헛,3루 (2층),2층,3루,Y,UNOFFICIAL,COMMUNITY_SEATVIEW,myseatcheck.com (자리어때),https://myseatcheck.com/서울-잠실야구장-먹거리-3루-2층-피자헛/,2026-10-07,DETAIL_CHECKED,외부 표기 포함 내부 먹거리 분류. 표시 핀은 실제 매장 좌표 아님. 현재 영업·메뉴 미확인,[잠실야구장] 피자헛 / 3루 2층 / 3루 (2층) / FOOD / 매장 상세 위치: https://myseatcheck.com/서울-잠실야구장-먹거리-3루-2층-피자헛/,피자헛 (3루 2층),3루 2층,https://myseatcheck.com/서울-잠실야구장-먹거리-3루-2층/,FOOD,store
SC_FOOD_JAMSIL_038,JAMSIL,잠실야구장,"LG,DOOSAN",BHC치킨,3루 (2층),2층,3루,Y,UNOFFICIAL,COMMUNITY_SEATVIEW,myseatcheck.com (자리어때),https://myseatcheck.com/서울-잠실야구장-먹거리-3루-2층-bhc치킨/,2026-10-07,DETAIL_CHECKED,외부 표기 포함 내부 먹거리 분류. 표시 핀은 실제 매장 좌표 아님. 현재 영업·메뉴 미확인,[잠실야구장] BHC치킨 / 3루 122블럭 근처 / 3루 (2층) / FOOD / 매장 상세 위치: https://myseatcheck.com/서울-잠실야구장-먹거리-3루-2층-bhc치킨/,BHC치킨 (3루 122블럭 근처),3루 122블럭 근처,https://myseatcheck.com/서울-잠실야구장-먹거리-3루-2층/,FOOD,store
SC_FOOD_JAMSIL_039,JAMSIL,잠실야구장,"LG,DOOSAN",우이락,3루 (3층),3층,3루,Y,UNOFFICIAL,COMMUNITY_SEATVIEW,myseatcheck.com (자리어때),https://myseatcheck.com/서울-잠실야구장-먹거리-3루-3층-우이락/,2026-10-07,DETAIL_CHECKED,외부 표기 포함 내부 먹거리 분류. 표시 핀은 실제 매장 좌표 아님. 현재 영업·메뉴 미확인,[잠실야구장] 우이락 / 3루 3층 / 3루 (3층) / FOOD / 매장 상세 위치: https://myseatcheck.com/서울-잠실야구장-먹거리-3루-3층-우이락/,우이락 (3루 3층),3루 3층,https://myseatcheck.com/서울-잠실야구장-먹거리-3루-3층/,FOOD,store
SC_FOOD_JAMSIL_040,JAMSIL,잠실야구장,"LG,DOOSAN",픽베이크,3루 (3층),3층,3루,Y,UNOFFICIAL,COMMUNITY_SEATVIEW,myseatcheck.com (자리어때),https://myseatcheck.com/서울-잠실야구장-먹거리-3루-3층-픽베이크/,2026-10-07,DETAIL_CHECKED,외부 표기 포함 내부 먹거리 분류. 표시 핀은 실제 매장 좌표 아님. 현재 영업·메뉴 미확인,[잠실야구장] 픽베이크 / 3루 3층 / 3루 (3층) / CAFE / 매장 상세 위치: https://myseatcheck.com/서울-잠실야구장-먹거리-3루-3층-픽베이크/,픽베이크 (3루 3층),3루 3층,https://myseatcheck.com/서울-잠실야구장-먹거리-3루-3층/,CAFE,store
SC_FOOD_JAMSIL_041,JAMSIL,잠실야구장,"LG,DOOSAN",스테프핫도그,3루 (3층),3층,3루,Y,UNOFFICIAL,COMMUNITY_SEATVIEW,myseatcheck.com (자리어때),https://myseatcheck.com/서울-잠실야구장-먹거리-3루-3층-스테프핫도그/,2026-10-07,DETAIL_CHECKED,외부 표기 포함 내부 먹거리 분류. 표시 핀은 실제 매장 좌표 아님. 현재 영업·메뉴 미확인,[잠실야구장] 스테프핫도그 / 3루 3층 / 3루 (3층) / FOOD / 매장 상세 위치: https://myseatcheck.com/서울-잠실야구장-먹거리-3루-3층-스테프핫도그/,스테프핫도그 (3루 3층),3루 3층,https://myseatcheck.com/서울-잠실야구장-먹거리-3루-3층/,FOOD,store
SC_FOOD_JAMSIL_042,JAMSIL,잠실야구장,"LG,DOOSAN",GS25,3루 (3층),3층,3루,Y,UNOFFICIAL,COMMUNITY_SEATVIEW,myseatcheck.com (자리어때),https://myseatcheck.com/서울-잠실야구장-먹거리-3루-3층-gs251/,2026-10-07,DETAIL_CHECKED,외부 표기 포함 내부 먹거리 분류. 표시 핀은 실제 매장 좌표 아님. 현재 영업·메뉴 미확인,[잠실야구장] GS25 / 3루 3층 / 3루 (3층) / CONVENIENCE / 매장 상세 위치: https://myseatcheck.com/서울-잠실야구장-먹거리-3루-3층-gs251/,GS25 (3루 3층),3루 3층,https://myseatcheck.com/서울-잠실야구장-먹거리-3루-3층/,CONVENIENCE,store
SC_FOOD_JAMSIL_043,JAMSIL,잠실야구장,"LG,DOOSAN",야구에꼬치다,(4층 네이비석 상단),4층,,Y,UNOFFICIAL,COMMUNITY_SEATVIEW,myseatcheck.com (자리어때),https://myseatcheck.com/서울-잠실야구장-먹거리-4층-네이비석-318-야구에꼬치다/,2026-10-07,DETAIL_CHECKED,외부 표기 포함 내부 먹거리 분류. 표시 핀은 실제 매장 좌표 아님. 현재 영업·메뉴 미확인,[잠실야구장] 야구에꼬치다 / 316블럭 상단 / (4층 네이비석 상단) / FOOD / 매장 상세 위치: https://myseatcheck.com/서울-잠실야구장-먹거리-4층-네이비석-318-야구에꼬치다/,야구에꼬치다 (316블럭 상단),316블럭 상단,https://myseatcheck.com/서울-잠실야구장-먹거리-4층네이비석-상단/,FOOD,store
SC_FOOD_JAMSIL_044,JAMSIL,잠실야구장,"LG,DOOSAN",잠실원샷,(4층 네이비석 상단),4층,,Y,UNOFFICIAL,COMMUNITY_SEATVIEW,myseatcheck.com (자리어때),https://myseatcheck.com/서울-잠실야구장-먹거리-4층-네이비석-331-잠실원샷/,2026-10-07,DETAIL_CHECKED,외부 표기 포함 내부 먹거리 분류. 표시 핀은 실제 매장 좌표 아님. 현재 영업·메뉴 미확인,[잠실야구장] 잠실원샷 / 331블럭 상단 / (4층 네이비석 상단) / FOOD / 매장 상세 위치: https://myseatcheck.com/서울-잠실야구장-먹거리-4층-네이비석-331-잠실원샷/,잠실원샷 (331블럭 상단),331블럭 상단,https://myseatcheck.com/서울-잠실야구장-먹거리-4층네이비석-상단/,FOOD,store
SC_FOOD_JAMSIL_045,JAMSIL,잠실야구장,"LG,DOOSAN",올떡,(4층 네이비석 상단),4층,,Y,UNOFFICIAL,COMMUNITY_SEATVIEW,myseatcheck.com (자리어때),https://myseatcheck.com/서울-잠실야구장-먹거리-4층-네이비석-138-올떡2/,2026-10-07,DETAIL_CHECKED,외부 표기 포함 내부 먹거리 분류. 표시 핀은 실제 매장 좌표 아님. 현재 영업·메뉴 미확인,[잠실야구장] 올떡 / 318블럭 상단 / (4층 네이비석 상단) / FOOD / 매장 상세 위치: https://myseatcheck.com/서울-잠실야구장-먹거리-4층-네이비석-138-올떡2/,올떡 (318블럭 상단),318블럭 상단,https://myseatcheck.com/서울-잠실야구장-먹거리-4층네이비석-상단/,FOOD,store
SC_FOOD_JAMSIL_046,JAMSIL,잠실야구장,"LG,DOOSAN",샤오마라,(4층 네이비석 상단),4층,,Y,UNOFFICIAL,COMMUNITY_SEATVIEW,myseatcheck.com (자리어때),https://myseatcheck.com/서울-잠실야구장-먹거리-4층-네이비석-304-샤오마라/,2026-10-07,DETAIL_CHECKED,외부 표기 포함 내부 먹거리 분류. 표시 핀은 실제 매장 좌표 아님. 현재 영업·메뉴 미확인,[잠실야구장] 샤오마라 / 304블럭 상단 / (4층 네이비석 상단) / FOOD / 매장 상세 위치: https://myseatcheck.com/서울-잠실야구장-먹거리-4층-네이비석-304-샤오마라/,샤오마라 (304블럭 상단),304블럭 상단,https://myseatcheck.com/서울-잠실야구장-먹거리-4층네이비석-상단/,FOOD,store
SC_FOOD_JAMSIL_047,JAMSIL,잠실야구장,"LG,DOOSAN",BP PLUS,1루 (2층),2층,1루,Y,UNOFFICIAL,COMMUNITY_SEATVIEW,myseatcheck.com (자리어때),https://myseatcheck.com/서울-잠실야구장-먹거리-1루-2층-bp-plus/,2026-10-07,DETAIL_CHECKED,외부 표기 포함 내부 먹거리 분류. 표시 핀은 실제 매장 좌표 아님. 현재 영업·메뉴 미확인,[잠실야구장] BP PLUS / 1루 2층 / 1루 (2층) / FOOD / 매장 상세 위치: https://myseatcheck.com/서울-잠실야구장-먹거리-1루-2층-bp-plus/,BP PLUS (1루 2층),1루 2층,https://myseatcheck.com/서울-잠실야구장-먹거리-1루-2층/,FOOD,store
SC_FOOD_JAMSIL_048,JAMSIL,잠실야구장,"LG,DOOSAN",버거리,1루 (2층),2층,1루,Y,UNOFFICIAL,COMMUNITY_SEATVIEW,myseatcheck.com (자리어때),https://myseatcheck.com/서울-잠실야구장-먹거리-1루-2층-버거리/,2026-10-07,DETAIL_CHECKED,외부 표기 포함 내부 먹거리 분류. 표시 핀은 실제 매장 좌표 아님. 현재 영업·메뉴 미확인,[잠실야구장] 버거리 / 1루 2층 / 1루 (2층) / FOOD / 매장 상세 위치: https://myseatcheck.com/서울-잠실야구장-먹거리-1루-2층-버거리/,버거리 (1루 2층),1루 2층,https://myseatcheck.com/서울-잠실야구장-먹거리-1루-2층/,FOOD,store
SC_FOOD_JAMSIL_049,JAMSIL,잠실야구장,"LG,DOOSAN",GS25,1루 (2층),2층,1루,Y,UNOFFICIAL,COMMUNITY_SEATVIEW,myseatcheck.com (자리어때),https://myseatcheck.com/서울-잠실야구장-먹거리-1루-2층-gs25/,2026-10-07,DETAIL_CHECKED,외부 표기 포함 내부 먹거리 분류. 표시 핀은 실제 매장 좌표 아님. 현재 영업·메뉴 미확인,[잠실야구장] GS25 / 1루 2층 / 1루 (2층) / CONVENIENCE / 매장 상세 위치: https://myseatcheck.com/서울-잠실야구장-먹거리-1루-2층-gs25/,GS25 (1루 2층),1루 2층,https://myseatcheck.com/서울-잠실야구장-먹거리-1루-2층/,CONVENIENCE,store
SC_FOOD_JAMSIL_050,JAMSIL,잠실야구장,"LG,DOOSAN",OBC 수제맥주,1루 (2층),2층,1루,Y,UNOFFICIAL,COMMUNITY_SEATVIEW,myseatcheck.com (자리어때),https://myseatcheck.com/서울-잠실야구장-먹거리-1루-2층-obc-수제맥주/,2026-10-07,DETAIL_CHECKED,외부 표기 포함 내부 먹거리 분류. 표시 핀은 실제 매장 좌표 아님. 현재 영업·메뉴 미확인,[잠실야구장] OBC 수제맥주 / 1루 2층 / 1루 (2층) / FOOD / 매장 상세 위치: https://myseatcheck.com/서울-잠실야구장-먹거리-1루-2층-obc-수제맥주/,OBC 수제맥주 (1루 2층),1루 2층,https://myseatcheck.com/서울-잠실야구장-먹거리-1루-2층/,FOOD,store
SC_FOOD_JAMSIL_051,JAMSIL,잠실야구장,"LG,DOOSAN",꼬꼬닭 CAFE,1루 (2층),2층,1루,Y,UNOFFICIAL,COMMUNITY_SEATVIEW,myseatcheck.com (자리어때),https://myseatcheck.com/서울-잠실야구장-먹거리-1루-2층-꼬꼬닭-cafe/,2026-10-07,DETAIL_CHECKED,외부 표기 포함 내부 먹거리 분류. 표시 핀은 실제 매장 좌표 아님. 현재 영업·메뉴 미확인,[잠실야구장] 꼬꼬닭 CAFE / 1루 2층 / 1루 (2층) / CAFE / 매장 상세 위치: https://myseatcheck.com/서울-잠실야구장-먹거리-1루-2층-꼬꼬닭-cafe/,꼬꼬닭 CAFE (1루 2층),1루 2층,https://myseatcheck.com/서울-잠실야구장-먹거리-1루-2층/,CAFE,store
SC_FOOD_JAMSIL_052,JAMSIL,잠실야구장,"LG,DOOSAN",명인만두,1루 (2층),2층,1루,Y,UNOFFICIAL,COMMUNITY_SEATVIEW,myseatcheck.com (자리어때),https://myseatcheck.com/서울-잠실야구장-먹거리-1루-2층-명인만두/,2026-10-07,DETAIL_CHECKED,외부 표기 포함 내부 먹거리 분류. 표시 핀은 실제 매장 좌표 아님. 현재 영업·메뉴 미확인,[잠실야구장] 명인만두 / 1루 2층 / 1루 (2층) / FOOD / 매장 상세 위치: https://myseatcheck.com/서울-잠실야구장-먹거리-1루-2층-명인만두/,명인만두 (1루 2층),1루 2층,https://myseatcheck.com/서울-잠실야구장-먹거리-1루-2층/,FOOD,store
SC_FOOD_JAMSIL_053,JAMSIL,잠실야구장,"LG,DOOSAN",辛철판,1루 (2층),2층,1루,Y,UNOFFICIAL,COMMUNITY_SEATVIEW,myseatcheck.com (자리어때),https://myseatcheck.com/서울-잠실야구장-먹거리-1루-2층-辛철판/,2026-10-07,DETAIL_CHECKED,외부 표기 포함 내부 먹거리 분류. 표시 핀은 실제 매장 좌표 아님. 현재 영업·메뉴 미확인,[잠실야구장] 辛철판 / 1루 2층 / 1루 (2층) / FOOD / 매장 상세 위치: https://myseatcheck.com/서울-잠실야구장-먹거리-1루-2층-辛철판/,辛철판 (1루 2층),1루 2층,https://myseatcheck.com/서울-잠실야구장-먹거리-1루-2층/,FOOD,store
SC_FOOD_JAMSIL_054,JAMSIL,잠실야구장,"LG,DOOSAN",앤티앤스프레즐,1루 (2층),2층,1루,Y,UNOFFICIAL,COMMUNITY_SEATVIEW,myseatcheck.com (자리어때),https://myseatcheck.com/서울-잠실야구장-먹거리-1루-2층-앤티앤스프레즐/,2026-10-07,DETAIL_CHECKED,외부 표기 포함 내부 먹거리 분류. 표시 핀은 실제 매장 좌표 아님. 현재 영업·메뉴 미확인,[잠실야구장] 앤티앤스프레즐 / 1루 2층 / 1루 (2층) / CAFE / 매장 상세 위치: https://myseatcheck.com/서울-잠실야구장-먹거리-1루-2층-앤티앤스프레즐/,앤티앤스프레즐 (1루 2층),1루 2층,https://myseatcheck.com/서울-잠실야구장-먹거리-1루-2층/,CAFE,store
SC_FOOD_JAMSIL_055,JAMSIL,잠실야구장,"LG,DOOSAN",이가네떡볶이,1루 (2층),2층,1루,Y,UNOFFICIAL,COMMUNITY_SEATVIEW,myseatcheck.com (자리어때),https://myseatcheck.com/서울-잠실야구장-먹거리-1루-2층-이가네떡볶이/,2026-10-07,DETAIL_CHECKED,외부 표기 포함 내부 먹거리 분류. 표시 핀은 실제 매장 좌표 아님. 현재 영업·메뉴 미확인,[잠실야구장] 이가네떡볶이 / 1루 2층 / 1루 (2층) / FOOD / 매장 상세 위치: https://myseatcheck.com/서울-잠실야구장-먹거리-1루-2층-이가네떡볶이/,이가네떡볶이 (1루 2층),1루 2층,https://myseatcheck.com/서울-잠실야구장-먹거리-1루-2층/,FOOD,store
SC_FOOD_JAMSIL_056,JAMSIL,잠실야구장,"LG,DOOSAN",통밥,1루 (2층),2층,1루,Y,UNOFFICIAL,COMMUNITY_SEATVIEW,myseatcheck.com (자리어때),https://myseatcheck.com/서울-잠실야구장-먹거리-1루-2층-통밥/,2026-10-07,DETAIL_CHECKED,외부 표기 포함 내부 먹거리 분류. 표시 핀은 실제 매장 좌표 아님. 현재 영업·메뉴 미확인,[잠실야구장] 통밥 / 1루 2층 / 1루 (2층) / FOOD / 매장 상세 위치: https://myseatcheck.com/서울-잠실야구장-먹거리-1루-2층-통밥/,통밥 (1루 2층),1루 2층,https://myseatcheck.com/서울-잠실야구장-먹거리-1루-2층/,FOOD,store
SC_FOOD_JAMSIL_057,JAMSIL,잠실야구장,"LG,DOOSAN",BHC치킨,1루 (2층),2층,1루,Y,UNOFFICIAL,COMMUNITY_SEATVIEW,myseatcheck.com (자리어때),https://myseatcheck.com/서울-잠실야구장-먹거리-1루-2층-bhc치킨/,2026-10-07,DETAIL_CHECKED,외부 표기 포함 내부 먹거리 분류. 표시 핀은 실제 매장 좌표 아님. 현재 영업·메뉴 미확인,[잠실야구장] BHC치킨 / 1루 101블럭 근처 / 1루 (2층) / FOOD / 매장 상세 위치: https://myseatcheck.com/서울-잠실야구장-먹거리-1루-2층-bhc치킨/,BHC치킨 (1루 101블럭 근처),1루 101블럭 근처,https://myseatcheck.com/서울-잠실야구장-먹거리-1루-2층/,FOOD,store
SC_FOOD_JAMSIL_058,JAMSIL,잠실야구장,"LG,DOOSAN","프라이돈, 갑또리닭강정",1루 (2층),2층,1루,Y,UNOFFICIAL,COMMUNITY_SEATVIEW,myseatcheck.com (자리어때),https://myseatcheck.com/서울-잠실야구장-먹거리-1루-2층-프라이돈-갑또리닭/,2026-10-07,DETAIL_CHECKED,외부 표기 포함 내부 먹거리 분류. 표시 핀은 실제 매장 좌표 아님. 현재 영업·메뉴 미확인,"[잠실야구장] 프라이돈, 갑또리닭강정 / 1루 2층 / 1루 (2층) / FOOD / 매장 상세 위치: https://myseatcheck.com/서울-잠실야구장-먹거리-1루-2층-프라이돈-갑또리닭/","프라이돈, 갑또리닭강정 (1루 2층)",1루 2층,https://myseatcheck.com/서울-잠실야구장-먹거리-1루-2층/,FOOD,store
SC_FOOD_JAMSIL_059,JAMSIL,잠실야구장,"LG,DOOSAN",타코잇,1루 (2층),2층,1루,Y,UNOFFICIAL,COMMUNITY_SEATVIEW,myseatcheck.com (자리어때),https://myseatcheck.com/서울-잠실야구장-먹거리-1루-2층-타코잇/,2026-10-07,DETAIL_CHECKED,외부 표기 포함 내부 먹거리 분류. 표시 핀은 실제 매장 좌표 아님. 현재 영업·메뉴 미확인,[잠실야구장] 타코잇 / 1루 2층 / 1루 (2층) / FOOD / 매장 상세 위치: https://myseatcheck.com/서울-잠실야구장-먹거리-1루-2층-타코잇/,타코잇 (1루 2층),1루 2층,https://myseatcheck.com/서울-잠실야구장-먹거리-1루-2층/,FOOD,store
SC_FOOD_JAMSIL_060,JAMSIL,잠실야구장,"LG,DOOSAN",초장집,1루 (2층),2층,1루,Y,UNOFFICIAL,COMMUNITY_SEATVIEW,myseatcheck.com (자리어때),https://myseatcheck.com/서울-잠실야구장-먹거리-1루-2층-초장집/,2026-10-07,DETAIL_CHECKED,외부 표기 포함 내부 먹거리 분류. 표시 핀은 실제 매장 좌표 아님. 현재 영업·메뉴 미확인,[잠실야구장] 초장집 / 1루 2층 / 1루 (2층) / FOOD / 매장 상세 위치: https://myseatcheck.com/서울-잠실야구장-먹거리-1루-2층-초장집/,초장집 (1루 2층),1루 2층,https://myseatcheck.com/서울-잠실야구장-먹거리-1루-2층/,FOOD,store
SC_FOOD_JAMSIL_061,JAMSIL,잠실야구장,"LG,DOOSAN",달콤커피,1루 (2층),2층,1루,Y,UNOFFICIAL,COMMUNITY_SEATVIEW,myseatcheck.com (자리어때),https://myseatcheck.com/서울-잠실야구장-먹거리-1루-2층-달콤커피/,2026-10-07,DETAIL_CHECKED,외부 표기 포함 내부 먹거리 분류. 표시 핀은 실제 매장 좌표 아님. 현재 영업·메뉴 미확인,[잠실야구장] 달콤커피 / 1루 2층 / 1루 (2층) / CAFE / 매장 상세 위치: https://myseatcheck.com/서울-잠실야구장-먹거리-1루-2층-달콤커피/,달콤커피 (1루 2층),1루 2층,https://myseatcheck.com/서울-잠실야구장-먹거리-1루-2층/,CAFE,store
SC_FOOD_JAMSIL_062,JAMSIL,잠실야구장,"LG,DOOSAN",BBQ치킨,1루 (3층),3층,1루,Y,UNOFFICIAL,COMMUNITY_SEATVIEW,myseatcheck.com (자리어때),https://myseatcheck.com/서울-잠실야구장-먹거리-1루-3층-bbq치킨/,2026-10-07,DETAIL_CHECKED,외부 표기 포함 내부 먹거리 분류. 표시 핀은 실제 매장 좌표 아님. 현재 영업·메뉴 미확인,[잠실야구장] BBQ치킨 / 1루 3층 / 1루 (3층) / FOOD / 매장 상세 위치: https://myseatcheck.com/서울-잠실야구장-먹거리-1루-3층-bbq치킨/,BBQ치킨 (1루 3층),1루 3층,https://myseatcheck.com/서울-잠실야구장-먹거리-1루-3층/,FOOD,store
SC_FOOD_JAMSIL_063,JAMSIL,잠실야구장,"LG,DOOSAN",GS25,1루 (3층),3층,1루,Y,UNOFFICIAL,COMMUNITY_SEATVIEW,myseatcheck.com (자리어때),https://myseatcheck.com/서울-잠실야구장-먹거리-1루-3층-gs251/,2026-10-07,DETAIL_CHECKED,외부 표기 포함 내부 먹거리 분류. 표시 핀은 실제 매장 좌표 아님. 현재 영업·메뉴 미확인,[잠실야구장] GS25 / 1루 3층 / 1루 (3층) / CONVENIENCE / 매장 상세 위치: https://myseatcheck.com/서울-잠실야구장-먹거리-1루-3층-gs251/,GS25 (1루 3층),1루 3층,https://myseatcheck.com/서울-잠실야구장-먹거리-1루-3층/,CONVENIENCE,store
SC_FOOD_JAMSIL_064,JAMSIL,잠실야구장,"LG,DOOSAN",스테프핫도그,1루 (3층),3층,1루,Y,UNOFFICIAL,COMMUNITY_SEATVIEW,myseatcheck.com (자리어때),https://myseatcheck.com/서울-잠실야구장-먹거리-1루-3층-스테프핫도그/,2026-10-07,DETAIL_CHECKED,외부 표기 포함 내부 먹거리 분류. 표시 핀은 실제 매장 좌표 아님. 현재 영업·메뉴 미확인,[잠실야구장] 스테프핫도그 / 1루 3층 / 1루 (3층) / FOOD / 매장 상세 위치: https://myseatcheck.com/서울-잠실야구장-먹거리-1루-3층-스테프핫도그/,스테프핫도그 (1루 3층),1루 3층,https://myseatcheck.com/서울-잠실야구장-먹거리-1루-3층/,FOOD,store
SC_FOOD_JAMSIL_065,JAMSIL,잠실야구장,"LG,DOOSAN",샤오마라,1루 (3층),3층,1루,Y,UNOFFICIAL,COMMUNITY_SEATVIEW,myseatcheck.com (자리어때),https://myseatcheck.com/서울-잠실야구장-먹거리-1루-3층-샤오마라/,2026-10-07,DETAIL_CHECKED,외부 표기 포함 내부 먹거리 분류. 표시 핀은 실제 매장 좌표 아님. 현재 영업·메뉴 미확인,[잠실야구장] 샤오마라 / 1루 3층 / 1루 (3층) / FOOD / 매장 상세 위치: https://myseatcheck.com/서울-잠실야구장-먹거리-1루-3층-샤오마라/,샤오마라 (1루 3층),1루 3층,https://myseatcheck.com/서울-잠실야구장-먹거리-1루-3층/,FOOD,store
SC_FOOD_JAMSIL_066,JAMSIL,잠실야구장,"LG,DOOSAN",브뤼셀프라이,(2.5층),2.5층,,Y,UNOFFICIAL,COMMUNITY_SEATVIEW,myseatcheck.com (자리어때),https://myseatcheck.com/서울-잠실야구장-먹거리-2-5층-브뤼셀프라이/,2026-10-07,DETAIL_CHECKED,외부 표기 포함 내부 먹거리 분류. 표시 핀은 실제 매장 좌표 아님. 현재 영업·메뉴 미확인,[잠실야구장] 브뤼셀프라이 / 1루 2.5층 / (2.5층) / FOOD / 매장 상세 위치: https://myseatcheck.com/서울-잠실야구장-먹거리-2-5층-브뤼셀프라이/,브뤼셀프라이 (1루 2.5층),1루 2.5층,https://myseatcheck.com/서울-잠실야구장-먹거리-2-5층/,FOOD,store
SC_FOOD_JAMSIL_067,JAMSIL,잠실야구장,"LG,DOOSAN","짝태패밀리, 토시래",(2.5층),2.5층,,Y,UNOFFICIAL,COMMUNITY_SEATVIEW,myseatcheck.com (자리어때),https://myseatcheck.com/서울-잠실야구장-먹거리-2-5층-짝태패밀리/,2026-10-07,DETAIL_CHECKED,외부 표기 포함 내부 먹거리 분류. 표시 핀은 실제 매장 좌표 아님. 현재 영업·메뉴 미확인,"[잠실야구장] 짝태패밀리, 토시래 / 3루 2.5층 / (2.5층) / FOOD / 매장 상세 위치: https://myseatcheck.com/서울-잠실야구장-먹거리-2-5층-짝태패밀리/","짝태패밀리, 토시래 (3루 2.5층)",3루 2.5층,https://myseatcheck.com/서울-잠실야구장-먹거리-2-5층/,FOOD,store
SC_FOOD_MUNHAK_001,MUNHAK,인천 SSG 랜더스필드,SSG,BHC치킨,1루 2층,2층,1루,Y,UNOFFICIAL,COMMUNITY_SEATVIEW,myseatcheck.com (자리어때),https://myseatcheck.com/인천-랜더스필드-먹거리-1루-2층-bhc-치킨/,2026-10-07,DETAIL_CHECKED,외부 표기 포함 내부 먹거리 분류. 표시 핀은 실제 매장 좌표 아님. 현재 영업·메뉴 미확인,[인천 SSG 랜더스필드] BHC치킨 / 203 통로 근처 / 1루 2층 / FOOD / 매장 상세 위치: https://myseatcheck.com/인천-랜더스필드-먹거리-1루-2층-bhc-치킨/,BHC치킨 (203 통로 근처),203 통로 근처,https://myseatcheck.com/랜더스필드필드-먹거리-1루-2층/,FOOD,store
SC_FOOD_MUNHAK_002,MUNHAK,인천 SSG 랜더스필드,SSG,패밀리푸드존,1루 2층,2층,1루,Y,UNOFFICIAL,COMMUNITY_SEATVIEW,myseatcheck.com (자리어때),https://myseatcheck.com/인천-랜더스필드-먹거리-1루-2층-family-food-zone/,2026-10-07,DETAIL_CHECKED,외부 표기 포함 내부 먹거리 분류. 표시 핀은 실제 매장 좌표 아님. 현재 영업·메뉴 미확인,[인천 SSG 랜더스필드] 패밀리푸드존 / 203 통로 근처 / 1루 2층 / FOOD / 매장 상세 위치: https://myseatcheck.com/인천-랜더스필드-먹거리-1루-2층-family-food-zone/,패밀리푸드존 (203 통로 근처),203 통로 근처,https://myseatcheck.com/랜더스필드필드-먹거리-1루-2층/,FOOD,store
SC_FOOD_MUNHAK_003,MUNHAK,인천 SSG 랜더스필드,SSG,STATION,1루 2층,2층,1루,Y,UNOFFICIAL,COMMUNITY_SEATVIEW,myseatcheck.com (자리어때),https://myseatcheck.com/인천-랜더스필드-먹거리-1루-2층-station/,2026-10-07,DETAIL_CHECKED,외부 표기 포함 내부 먹거리 분류. 표시 핀은 실제 매장 좌표 아님. 현재 영업·메뉴 미확인,[인천 SSG 랜더스필드] STATION / 202 통로 근처 / 1루 2층 / FOOD / 매장 상세 위치: https://myseatcheck.com/인천-랜더스필드-먹거리-1루-2층-station/,STATION (202 통로 근처),202 통로 근처,https://myseatcheck.com/랜더스필드필드-먹거리-1루-2층/,FOOD,store
SC_FOOD_MUNHAK_004,MUNHAK,인천 SSG 랜더스필드,SSG,노랑통닭,1루 2층,2층,1루,Y,UNOFFICIAL,COMMUNITY_SEATVIEW,myseatcheck.com (자리어때),https://myseatcheck.com/인천-랜더스필드-먹거리-1루-2층-노랑통닭/,2026-10-07,DETAIL_CHECKED,외부 표기 포함 내부 먹거리 분류. 표시 핀은 실제 매장 좌표 아님. 현재 영업·메뉴 미확인,[인천 SSG 랜더스필드] 노랑통닭 / 201 통로 근처 / 1루 2층 / FOOD / 매장 상세 위치: https://myseatcheck.com/인천-랜더스필드-먹거리-1루-2층-노랑통닭/,노랑통닭 (201 통로 근처),201 통로 근처,https://myseatcheck.com/랜더스필드필드-먹거리-1루-2층/,FOOD,store
SC_FOOD_MUNHAK_005,MUNHAK,인천 SSG 랜더스필드,SSG,노브랜드버거,1루 2층,2층,1루,Y,UNOFFICIAL,COMMUNITY_SEATVIEW,myseatcheck.com (자리어때),https://myseatcheck.com/인천-랜더스필드-먹거리-1루-2층-노브랜드버거-2/,2026-10-07,DETAIL_CHECKED,외부 표기 포함 내부 먹거리 분류. 표시 핀은 실제 매장 좌표 아님. 현재 영업·메뉴 미확인,[인천 SSG 랜더스필드] 노브랜드버거 / 201블럭 근처 / 1루 2층 / FOOD / 매장 상세 위치: https://myseatcheck.com/인천-랜더스필드-먹거리-1루-2층-노브랜드버거-2/,노브랜드버거 (201블럭 근처),201블럭 근처,https://myseatcheck.com/랜더스필드필드-먹거리-1루-2층/,FOOD,store
SC_FOOD_MUNHAK_006,MUNHAK,인천 SSG 랜더스필드,SSG,몬칩 팩토리,1루 2층,2층,1루,Y,UNOFFICIAL,COMMUNITY_SEATVIEW,myseatcheck.com (자리어때),https://myseatcheck.com/인천-랜더스필드-먹거리-1루-2층-몬칩-팩토리/,2026-10-07,DETAIL_CHECKED,외부 표기 포함 내부 먹거리 분류. 표시 핀은 실제 매장 좌표 아님. 현재 영업·메뉴 미확인,[인천 SSG 랜더스필드] 몬칩 팩토리 / 202 통로 근처 / 1루 2층 / FOOD / 매장 상세 위치: https://myseatcheck.com/인천-랜더스필드-먹거리-1루-2층-몬칩-팩토리/,몬칩 팩토리 (202 통로 근처),202 통로 근처,https://myseatcheck.com/랜더스필드필드-먹거리-1루-2층/,FOOD,store
SC_FOOD_MUNHAK_007,MUNHAK,인천 SSG 랜더스필드,SSG,문학 철판 삼겹,1루 2층,2층,1루,Y,UNOFFICIAL,COMMUNITY_SEATVIEW,myseatcheck.com (자리어때),https://myseatcheck.com/인천-랜더스필드-먹거리-1루-2층-문학-철판-삼겹/,2026-10-07,DETAIL_CHECKED,외부 표기 포함 내부 먹거리 분류. 표시 핀은 실제 매장 좌표 아님. 현재 영업·메뉴 미확인,[인천 SSG 랜더스필드] 문학 철판 삼겹 / 202 통로 근처 / 1루 2층 / FOOD / 매장 상세 위치: https://myseatcheck.com/인천-랜더스필드-먹거리-1루-2층-문학-철판-삼겹/,문학 철판 삼겹 (202 통로 근처),202 통로 근처,https://myseatcheck.com/랜더스필드필드-먹거리-1루-2층/,FOOD,store
SC_FOOD_MUNHAK_008,MUNHAK,인천 SSG 랜더스필드,SSG,스타벅스,1루 2층,2층,1루,Y,UNOFFICIAL,COMMUNITY_SEATVIEW,myseatcheck.com (자리어때),https://myseatcheck.com/인천-랜더스필드-먹거리-1루-2층-스타벅스/,2026-10-07,DETAIL_CHECKED,외부 표기 포함 내부 먹거리 분류. 표시 핀은 실제 매장 좌표 아님. 현재 영업·메뉴 미확인,[인천 SSG 랜더스필드] 스타벅스 / 201 통로 근처 / 1루 2층 / CAFE / 매장 상세 위치: https://myseatcheck.com/인천-랜더스필드-먹거리-1루-2층-스타벅스/,스타벅스 (201 통로 근처),201 통로 근처,https://myseatcheck.com/랜더스필드필드-먹거리-1루-2층/,CAFE,store
SC_FOOD_MUNHAK_009,MUNHAK,인천 SSG 랜더스필드,SSG,"스테이크, 마라새우",1루 2층,2층,1루,Y,UNOFFICIAL,COMMUNITY_SEATVIEW,myseatcheck.com (자리어때),https://myseatcheck.com/인천-랜더스필드-먹거리-1루-2층-스테이크-마라새우/,2026-10-07,DETAIL_CHECKED,외부 표기 포함 내부 먹거리 분류. 표시 핀은 실제 매장 좌표 아님. 현재 영업·메뉴 미확인,"[인천 SSG 랜더스필드] 스테이크, 마라새우 / 202 통로 근처 / 1루 2층 / FOOD / 매장 상세 위치: https://myseatcheck.com/인천-랜더스필드-먹거리-1루-2층-스테이크-마라새우/","스테이크, 마라새우 (202 통로 근처)",202 통로 근처,https://myseatcheck.com/랜더스필드필드-먹거리-1루-2층/,FOOD,store
SC_FOOD_MUNHAK_010,MUNHAK,인천 SSG 랜더스필드,SSG,커빙,1루 2층,2층,1루,Y,UNOFFICIAL,COMMUNITY_SEATVIEW,myseatcheck.com (자리어때),https://myseatcheck.com/인천-랜더스필드-먹거리-1루-2층-커빙/,2026-10-07,DETAIL_CHECKED,외부 표기 포함 내부 먹거리 분류. 표시 핀은 실제 매장 좌표 아님. 현재 영업·메뉴 미확인,[인천 SSG 랜더스필드] 커빙 / 202 통로 근처 / 1루 2층 / CAFE / 매장 상세 위치: https://myseatcheck.com/인천-랜더스필드-먹거리-1루-2층-커빙/,커빙 (202 통로 근처),202 통로 근처,https://myseatcheck.com/랜더스필드필드-먹거리-1루-2층/,CAFE,store
SC_FOOD_MUNHAK_011,MUNHAK,인천 SSG 랜더스필드,SSG,크리스피도넛,1루 2층,2층,1루,Y,UNOFFICIAL,COMMUNITY_SEATVIEW,myseatcheck.com (자리어때),https://myseatcheck.com/인천-랜더스필드-먹거리-1루-2층-크리스피도넛/,2026-10-07,DETAIL_CHECKED,외부 표기 포함 내부 먹거리 분류. 표시 핀은 실제 매장 좌표 아님. 현재 영업·메뉴 미확인,[인천 SSG 랜더스필드] 크리스피도넛 / 203 통로 근처 / 1루 2층 / CAFE / 매장 상세 위치: https://myseatcheck.com/인천-랜더스필드-먹거리-1루-2층-크리스피도넛/,크리스피도넛 (203 통로 근처),203 통로 근처,https://myseatcheck.com/랜더스필드필드-먹거리-1루-2층/,CAFE,store
SC_FOOD_MUNHAK_012,MUNHAK,인천 SSG 랜더스필드,SSG,허갈 닭강정,1루 2층,2층,1루,Y,UNOFFICIAL,COMMUNITY_SEATVIEW,myseatcheck.com (자리어때),https://myseatcheck.com/인천-랜더스필드-먹거리-1루-2층-허갈-닭강정/,2026-10-07,DETAIL_CHECKED,외부 표기 포함 내부 먹거리 분류. 표시 핀은 실제 매장 좌표 아님. 현재 영업·메뉴 미확인,[인천 SSG 랜더스필드] 허갈 닭강정 / 202 통로 근처 / 1루 2층 / FOOD / 매장 상세 위치: https://myseatcheck.com/인천-랜더스필드-먹거리-1루-2층-허갈-닭강정/,허갈 닭강정 (202 통로 근처),202 통로 근처,https://myseatcheck.com/랜더스필드필드-먹거리-1루-2층/,FOOD,store
SC_FOOD_MUNHAK_013,MUNHAK,인천 SSG 랜더스필드,SSG,우리동네 미미네,1루 4층,4층,1루,Y,UNOFFICIAL,COMMUNITY_SEATVIEW,myseatcheck.com (자리어때),https://myseatcheck.com/인천-랜더스필드-먹거리-1루-4층-우리동네-미미네/,2026-10-07,DETAIL_CHECKED,외부 표기 포함 내부 먹거리 분류. 표시 핀은 실제 매장 좌표 아님. 현재 영업·메뉴 미확인,[인천 SSG 랜더스필드] 우리동네 미미네 / 316 통로 근처 / 1루 4층 / FOOD / 매장 상세 위치: https://myseatcheck.com/인천-랜더스필드-먹거리-1루-4층-우리동네-미미네/,우리동네 미미네 (316 통로 근처),316 통로 근처,https://myseatcheck.com/인천-랜더스필드-먹거리-1루-4층/,FOOD,store
SC_FOOD_MUNHAK_014,MUNHAK,인천 SSG 랜더스필드,SSG,파파존스,1루 4층,4층,1루,Y,UNOFFICIAL,COMMUNITY_SEATVIEW,myseatcheck.com (자리어때),https://myseatcheck.com/인천-랜더스필드-먹거리-1루-4층-파파존스/,2026-10-07,DETAIL_CHECKED,외부 표기 포함 내부 먹거리 분류. 표시 핀은 실제 매장 좌표 아님. 현재 영업·메뉴 미확인,[인천 SSG 랜더스필드] 파파존스 / 315 통로 근처 / 1루 4층 / FOOD / 매장 상세 위치: https://myseatcheck.com/인천-랜더스필드-먹거리-1루-4층-파파존스/,파파존스 (315 통로 근처),315 통로 근처,https://myseatcheck.com/인천-랜더스필드-먹거리-1루-4층/,FOOD,store
SC_FOOD_MUNHAK_015,MUNHAK,인천 SSG 랜더스필드,SSG,먹거리 분식,3루 2층,2층,3루,Y,UNOFFICIAL,COMMUNITY_SEATVIEW,myseatcheck.com (자리어때),https://myseatcheck.com/인천-랜더스필드-먹거리-3루-2층-먹거리-분식/,2026-10-07,DETAIL_CHECKED,외부 표기 포함 내부 먹거리 분류. 표시 핀은 실제 매장 좌표 아님. 현재 영업·메뉴 미확인,[인천 SSG 랜더스필드] 먹거리 분식 / 204 통로 근처 / 3루 2층 / FOOD / 매장 상세 위치: https://myseatcheck.com/인천-랜더스필드-먹거리-3루-2층-먹거리-분식/,먹거리 분식 (204 통로 근처),204 통로 근처,https://myseatcheck.com/인천-랜더스필드필드-먹거리-3루-2층/,FOOD,store
SC_FOOD_MUNHAK_016,MUNHAK,인천 SSG 랜더스필드,SSG,쌈빠치킨 떡볶이,3루 2층,2층,3루,Y,UNOFFICIAL,COMMUNITY_SEATVIEW,myseatcheck.com (자리어때),https://myseatcheck.com/인천-랜더스필드-먹거리-3루-2층-쌈바치킨/,2026-10-07,DETAIL_CHECKED,외부 표기 포함 내부 먹거리 분류. 표시 핀은 실제 매장 좌표 아님. 현재 영업·메뉴 미확인,[인천 SSG 랜더스필드] 쌈빠치킨 떡볶이 / 206 통로 근처 / 3루 2층 / FOOD / 매장 상세 위치: https://myseatcheck.com/인천-랜더스필드-먹거리-3루-2층-쌈바치킨/,쌈빠치킨 떡볶이 (206 통로 근처),206 통로 근처,https://myseatcheck.com/인천-랜더스필드필드-먹거리-3루-2층/,FOOD,store
SC_FOOD_MUNHAK_017,MUNHAK,인천 SSG 랜더스필드,SSG,이마트24,3루 2층,2층,3루,Y,UNOFFICIAL,COMMUNITY_SEATVIEW,myseatcheck.com (자리어때),https://myseatcheck.com/인천-랜더스필드-먹거리-3루-2층-이마트24/,2026-10-07,DETAIL_CHECKED,외부 표기 포함 내부 먹거리 분류. 표시 핀은 실제 매장 좌표 아님. 현재 영업·메뉴 미확인,[인천 SSG 랜더스필드] 이마트24 / 206 통로 근처 / 3루 2층 / CONVENIENCE / 매장 상세 위치: https://myseatcheck.com/인천-랜더스필드-먹거리-3루-2층-이마트24/,이마트24 (206 통로 근처),206 통로 근처,https://myseatcheck.com/인천-랜더스필드필드-먹거리-3루-2층/,CONVENIENCE,store
SC_FOOD_MUNHAK_018,MUNHAK,인천 SSG 랜더스필드,SSG,킹콩떡볶이,3루 2층,2층,3루,Y,UNOFFICIAL,COMMUNITY_SEATVIEW,myseatcheck.com (자리어때),https://myseatcheck.com/인천-랜더스필드-먹거리-3루-2층-킹콩떡볶이/,2026-10-07,DETAIL_CHECKED,외부 표기 포함 내부 먹거리 분류. 표시 핀은 실제 매장 좌표 아님. 현재 영업·메뉴 미확인,[인천 SSG 랜더스필드] 킹콩떡볶이 / 205 통로 근처 / 3루 2층 / FOOD / 매장 상세 위치: https://myseatcheck.com/인천-랜더스필드-먹거리-3루-2층-킹콩떡볶이/,킹콩떡볶이 (205 통로 근처),205 통로 근처,https://myseatcheck.com/인천-랜더스필드필드-먹거리-3루-2층/,FOOD,store
SC_FOOD_MUNHAK_019,MUNHAK,인천 SSG 랜더스필드,SSG,KOPI BALI,3루 2층,2층,3루,Y,UNOFFICIAL,COMMUNITY_SEATVIEW,myseatcheck.com (자리어때),https://myseatcheck.com/인천-랜더스필드-먹거리-3루-2층-kopi-baly/,2026-10-07,DETAIL_CHECKED,외부 표기 포함 내부 먹거리 분류. 표시 핀은 실제 매장 좌표 아님. 현재 영업·메뉴 미확인,[인천 SSG 랜더스필드] KOPI BALI / 205 통로 근처 / 3루 2층 / CAFE / 매장 상세 위치: https://myseatcheck.com/인천-랜더스필드-먹거리-3루-2층-kopi-baly/,KOPI BALI (205 통로 근처),205 통로 근처,https://myseatcheck.com/인천-랜더스필드필드-먹거리-3루-2층/,CAFE,store
SC_FOOD_MUNHAK_020,MUNHAK,인천 SSG 랜더스필드,SSG,자담치킨,3루 2층,2층,3루,Y,UNOFFICIAL,COMMUNITY_SEATVIEW,myseatcheck.com (자리어때),https://myseatcheck.com/인천-랜더스필드-먹거리-3루-2층-자담치킨/,2026-10-07,DETAIL_CHECKED,외부 표기 포함 내부 먹거리 분류. 표시 핀은 실제 매장 좌표 아님. 현재 영업·메뉴 미확인,[인천 SSG 랜더스필드] 자담치킨 / 205 통로 근처 / 3루 2층 / FOOD / 매장 상세 위치: https://myseatcheck.com/인천-랜더스필드-먹거리-3루-2층-자담치킨/,자담치킨 (205 통로 근처),205 통로 근처,https://myseatcheck.com/인천-랜더스필드필드-먹거리-3루-2층/,FOOD,store
SC_FOOD_MUNHAK_021,MUNHAK,인천 SSG 랜더스필드,SSG,우리동네 미미네,3루 4층,4층,3루,Y,UNOFFICIAL,COMMUNITY_SEATVIEW,myseatcheck.com (자리어때),https://myseatcheck.com/인천-랜더스필드-먹거리-3루-4층-우리동네-미미네/,2026-10-07,DETAIL_CHECKED,외부 표기 포함 내부 먹거리 분류. 표시 핀은 실제 매장 좌표 아님. 현재 영업·메뉴 미확인,[인천 SSG 랜더스필드] 우리동네 미미네 / 316 통로 근처 / 3루 4층 / FOOD / 매장 상세 위치: https://myseatcheck.com/인천-랜더스필드-먹거리-3루-4층-우리동네-미미네/,우리동네 미미네 (316 통로 근처),316 통로 근처,https://myseatcheck.com/인천-랜더스필드-먹거리-3루-4층/,FOOD,store
SC_FOOD_MUNHAK_022,MUNHAK,인천 SSG 랜더스필드,SSG,반올림피자,3루 4층,4층,3루,Y,UNOFFICIAL,COMMUNITY_SEATVIEW,myseatcheck.com (자리어때),https://myseatcheck.com/인천-랜더스필드-먹거리-3루-4층-반올림피자/,2026-10-07,DETAIL_CHECKED,외부 표기 포함 내부 먹거리 분류. 표시 핀은 실제 매장 좌표 아님. 현재 영업·메뉴 미확인,[인천 SSG 랜더스필드] 반올림피자 / 313 통로 근처 / 3루 4층 / FOOD / 매장 상세 위치: https://myseatcheck.com/인천-랜더스필드-먹거리-3루-4층-반올림피자/,반올림피자 (313 통로 근처),313 통로 근처,https://myseatcheck.com/인천-랜더스필드-먹거리-3루-4층/,FOOD,store
SC_FOOD_MUNHAK_023,MUNHAK,인천 SSG 랜더스필드,SSG,BHC/드림마켓,중앙~1루 1층,1층,중앙~1루,Y,UNOFFICIAL,COMMUNITY_SEATVIEW,myseatcheck.com (자리어때),https://myseatcheck.com/인천-랜더스필드-먹거리-중앙1루-1층-bhc-드림마켓/,2026-10-07,DETAIL_CHECKED,외부 표기 포함 내부 먹거리 분류. 표시 핀은 실제 매장 좌표 아님. 현재 영업·메뉴 미확인,[인천 SSG 랜더스필드] BHC/드림마켓 / 103 통로 근처 / 중앙~1루 1층 / FOOD / 매장 상세 위치: https://myseatcheck.com/인천-랜더스필드-먹거리-중앙1루-1층-bhc-드림마켓/,BHC/드림마켓 (103 통로 근처),103 통로 근처,https://myseatcheck.com/인천-랜더스필드-먹거리-1루-3층/,FOOD,store
SC_FOOD_MUNHAK_024,MUNHAK,인천 SSG 랜더스필드,SSG,스타벅스,중앙~1루 1층,1층,중앙~1루,Y,UNOFFICIAL,COMMUNITY_SEATVIEW,myseatcheck.com (자리어때),https://myseatcheck.com/인천-랜더스필드-먹거리-중앙1루-1층-스타벅스/,2026-10-07,DETAIL_CHECKED,외부 표기 포함 내부 먹거리 분류. 표시 핀은 실제 매장 좌표 아님. 현재 영업·메뉴 미확인,[인천 SSG 랜더스필드] 스타벅스 / 104 통로 근처 / 중앙~1루 1층 / CAFE / 매장 상세 위치: https://myseatcheck.com/인천-랜더스필드-먹거리-중앙1루-1층-스타벅스/,스타벅스 (104 통로 근처),104 통로 근처,https://myseatcheck.com/인천-랜더스필드-먹거리-1루-3층/,CAFE,store
SC_FOOD_MUNHAK_025,MUNHAK,인천 SSG 랜더스필드,SSG,스트릿츄러스,중앙~1루 1층,1층,중앙~1루,Y,UNOFFICIAL,COMMUNITY_SEATVIEW,myseatcheck.com (자리어때),https://myseatcheck.com/인천-랜더스필드-먹거리-중앙1루-1층-스트릿츄러스/,2026-10-07,DETAIL_CHECKED,외부 표기 포함 내부 먹거리 분류. 표시 핀은 실제 매장 좌표 아님. 현재 영업·메뉴 미확인,[인천 SSG 랜더스필드] 스트릿츄러스 / 103 통로 근처 / 중앙~1루 1층 / CAFE / 매장 상세 위치: https://myseatcheck.com/인천-랜더스필드-먹거리-중앙1루-1층-스트릿츄러스/,스트릿츄러스 (103 통로 근처),103 통로 근처,https://myseatcheck.com/인천-랜더스필드-먹거리-1루-3층/,CAFE,store
SC_FOOD_MUNHAK_026,MUNHAK,인천 SSG 랜더스필드,SSG,pick me 31,중앙~1루 1층,1층,중앙~1루,Y,UNOFFICIAL,COMMUNITY_SEATVIEW,myseatcheck.com (자리어때),https://myseatcheck.com/인천-랜더스필드-먹거리-중앙1루-1층-pick-me-31/,2026-10-07,DETAIL_CHECKED,외부 표기 포함 내부 먹거리 분류. 표시 핀은 실제 매장 좌표 아님. 현재 영업·메뉴 미확인,[인천 SSG 랜더스필드] pick me 31 / 103 통로 근처 / 중앙~1루 1층 / CAFE / 매장 상세 위치: https://myseatcheck.com/인천-랜더스필드-먹거리-중앙1루-1층-pick-me-31/,pick me 31 (103 통로 근처),103 통로 근처,https://myseatcheck.com/인천-랜더스필드-먹거리-1루-3층/,CAFE,store
SC_FOOD_MUNHAK_027,MUNHAK,인천 SSG 랜더스필드,SSG,T mart,중앙~1루 1층,1층,중앙~1루,Y,UNOFFICIAL,COMMUNITY_SEATVIEW,myseatcheck.com (자리어때),https://myseatcheck.com/인천-랜더스필드-먹거리-중앙1루-1층-t-mart/,2026-10-07,DETAIL_CHECKED,외부 표기 포함 내부 먹거리 분류. 표시 핀은 실제 매장 좌표 아님. 현재 영업·메뉴 미확인,[인천 SSG 랜더스필드] T mart / 105 통로 근처 / 중앙~1루 1층 / CONVENIENCE / 매장 상세 위치: https://myseatcheck.com/인천-랜더스필드-먹거리-중앙1루-1층-t-mart/,T mart (105 통로 근처),105 통로 근처,https://myseatcheck.com/인천-랜더스필드-먹거리-1루-3층/,CONVENIENCE,store
SC_FOOD_MUNHAK_028,MUNHAK,인천 SSG 랜더스필드,SSG,국대떡볶이,중앙~1루 1층,1층,중앙~1루,Y,UNOFFICIAL,COMMUNITY_SEATVIEW,myseatcheck.com (자리어때),https://myseatcheck.com/인천-랜더스필드-먹거리-중앙1루-1층-국대떡볶이/,2026-10-07,DETAIL_CHECKED,외부 표기 포함 내부 먹거리 분류. 표시 핀은 실제 매장 좌표 아님. 현재 영업·메뉴 미확인,[인천 SSG 랜더스필드] 국대떡볶이 / 105 통로 근처 / 중앙~1루 1층 / FOOD / 매장 상세 위치: https://myseatcheck.com/인천-랜더스필드-먹거리-중앙1루-1층-국대떡볶이/,국대떡볶이 (105 통로 근처),105 통로 근처,https://myseatcheck.com/인천-랜더스필드-먹거리-1루-3층/,FOOD,store
SC_FOOD_MUNHAK_029,MUNHAK,인천 SSG 랜더스필드,SSG,버거 원더스,중앙~1루 1층,1층,중앙~1루,Y,UNOFFICIAL,COMMUNITY_SEATVIEW,myseatcheck.com (자리어때),https://myseatcheck.com/인천-랜더스필드-먹거리-중앙1루-1층-버거-원더스/,2026-10-07,DETAIL_CHECKED,외부 표기 포함 내부 먹거리 분류. 표시 핀은 실제 매장 좌표 아님. 현재 영업·메뉴 미확인,[인천 SSG 랜더스필드] 버거 원더스 / 103 통로 근처 / 중앙~1루 1층 / FOOD / 매장 상세 위치: https://myseatcheck.com/인천-랜더스필드-먹거리-중앙1루-1층-버거-원더스/,버거 원더스 (103 통로 근처),103 통로 근처,https://myseatcheck.com/인천-랜더스필드-먹거리-1루-3층/,FOOD,store
SC_FOOD_MUNHAK_030,MUNHAK,인천 SSG 랜더스필드,SSG,우리동네 미미네,중앙~1루 1층,1층,중앙~1루,Y,UNOFFICIAL,COMMUNITY_SEATVIEW,myseatcheck.com (자리어때),https://myseatcheck.com/인천-랜더스필드-먹거리-중앙1루-1층-우리동네미미/,2026-10-07,DETAIL_CHECKED,외부 표기 포함 내부 먹거리 분류. 표시 핀은 실제 매장 좌표 아님. 현재 영업·메뉴 미확인,[인천 SSG 랜더스필드] 우리동네 미미네 / 104 통로 근처 / 중앙~1루 1층 / FOOD / 매장 상세 위치: https://myseatcheck.com/인천-랜더스필드-먹거리-중앙1루-1층-우리동네미미/,우리동네 미미네 (104 통로 근처),104 통로 근처,https://myseatcheck.com/인천-랜더스필드-먹거리-1루-3층/,FOOD,store
SC_FOOD_MUNHAK_031,MUNHAK,인천 SSG 랜더스필드,SSG,이마트24,중앙~1루 1층,1층,중앙~1루,Y,UNOFFICIAL,COMMUNITY_SEATVIEW,myseatcheck.com (자리어때),https://myseatcheck.com/인천-랜더스필드-먹거리-중앙1루-1층-이마트24/,2026-10-07,DETAIL_CHECKED,외부 표기 포함 내부 먹거리 분류. 표시 핀은 실제 매장 좌표 아님. 현재 영업·메뉴 미확인,[인천 SSG 랜더스필드] 이마트24 / 102 통로 근처 / 중앙~1루 1층 / CONVENIENCE / 매장 상세 위치: https://myseatcheck.com/인천-랜더스필드-먹거리-중앙1루-1층-이마트24/,이마트24 (102 통로 근처),102 통로 근처,https://myseatcheck.com/인천-랜더스필드-먹거리-1루-3층/,CONVENIENCE,store
SC_FOOD_MUNHAK_032,MUNHAK,인천 SSG 랜더스필드,SSG,푸라닭치킨,중앙~3루 1층,1층,중앙~3루,Y,UNOFFICIAL,COMMUNITY_SEATVIEW,myseatcheck.com (자리어때),https://myseatcheck.com/인천-랜더스필드-먹거리-중앙3루-1층-푸라닭/,2026-10-07,DETAIL_CHECKED,외부 표기 포함 내부 먹거리 분류. 표시 핀은 실제 매장 좌표 아님. 현재 영업·메뉴 미확인,[인천 SSG 랜더스필드] 푸라닭치킨 / 108 통로 근처 / 중앙~3루 1층 / FOOD / 매장 상세 위치: https://myseatcheck.com/인천-랜더스필드-먹거리-중앙3루-1층-푸라닭/,푸라닭치킨 (108 통로 근처),108 통로 근처,https://myseatcheck.com/인천-랜더스필드-먹거리-중앙3루-1층/,FOOD,store
SC_FOOD_MUNHAK_033,MUNHAK,인천 SSG 랜더스필드,SSG,북촌손만두,중앙~3루 1층,1층,중앙~3루,Y,UNOFFICIAL,COMMUNITY_SEATVIEW,myseatcheck.com (자리어때),https://myseatcheck.com/인천-랜더스필드-먹거리-중앙3루-1층-북촌손만두/,2026-10-07,DETAIL_CHECKED,외부 표기 포함 내부 먹거리 분류. 표시 핀은 실제 매장 좌표 아님. 현재 영업·메뉴 미확인,[인천 SSG 랜더스필드] 북촌손만두 / 107 통로 근처 / 중앙~3루 1층 / FOOD / 매장 상세 위치: https://myseatcheck.com/인천-랜더스필드-먹거리-중앙3루-1층-북촌손만두/,북촌손만두 (107 통로 근처),107 통로 근처,https://myseatcheck.com/인천-랜더스필드-먹거리-중앙3루-1층/,FOOD,store
SC_FOOD_MUNHAK_034,MUNHAK,인천 SSG 랜더스필드,SSG,오레오츄러스,중앙~3루 1층,1층,중앙~3루,Y,UNOFFICIAL,COMMUNITY_SEATVIEW,myseatcheck.com (자리어때),https://myseatcheck.com/인천-랜더스필드-먹거리-중앙3루-1층-오레오츄러스/,2026-10-07,DETAIL_CHECKED,외부 표기 포함 내부 먹거리 분류. 표시 핀은 실제 매장 좌표 아님. 현재 영업·메뉴 미확인,[인천 SSG 랜더스필드] 오레오츄러스 / 109 통로 근처 / 중앙~3루 1층 / CAFE / 매장 상세 위치: https://myseatcheck.com/인천-랜더스필드-먹거리-중앙3루-1층-오레오츄러스/,오레오츄러스 (109 통로 근처),109 통로 근처,https://myseatcheck.com/인천-랜더스필드-먹거리-중앙3루-1층/,CAFE,store
SC_FOOD_MUNHAK_035,MUNHAK,인천 SSG 랜더스필드,SSG,"오사카야끼, 그루터기",중앙~3루 1층,1층,중앙~3루,Y,UNOFFICIAL,COMMUNITY_SEATVIEW,myseatcheck.com (자리어때),https://myseatcheck.com/인천-랜더스필드-먹거리-중앙3루-1층-오사카야끼-그/,2026-10-07,DETAIL_CHECKED,외부 표기 포함 내부 먹거리 분류. 표시 핀은 실제 매장 좌표 아님. 현재 영업·메뉴 미확인,"[인천 SSG 랜더스필드] 오사카야끼, 그루터기 / 108 통로 근처 / 중앙~3루 1층 / FOOD / 매장 상세 위치: https://myseatcheck.com/인천-랜더스필드-먹거리-중앙3루-1층-오사카야끼-그/","오사카야끼, 그루터기 (108 통로 근처)",108 통로 근처,https://myseatcheck.com/인천-랜더스필드-먹거리-중앙3루-1층/,FOOD,store
SC_FOOD_MUNHAK_036,MUNHAK,인천 SSG 랜더스필드,SSG,BHC치킨,외야 2층,2층,외야,Y,UNOFFICIAL,COMMUNITY_SEATVIEW,myseatcheck.com (자리어때),https://myseatcheck.com/인천-랜더스필드-먹거리-외야-2층-bhc치킨/,2026-10-07,DETAIL_CHECKED,외부 표기 포함 내부 먹거리 분류. 표시 핀은 실제 매장 좌표 아님. 현재 영업·메뉴 미확인,[인천 SSG 랜더스필드] BHC치킨 / 204 블럭 근처 / 외야 2층 / FOOD / 매장 상세 위치: https://myseatcheck.com/인천-랜더스필드-먹거리-외야-2층-bhc치킨/,BHC치킨 (204 블럭 근처),204 블럭 근처,https://myseatcheck.com/인천-랜더스필드-먹거리-외야-1루-2층/,FOOD,store
SC_FOOD_MUNHAK_037,MUNHAK,인천 SSG 랜더스필드,SSG,크리스피도넛,외야 2층,2층,외야,Y,UNOFFICIAL,COMMUNITY_SEATVIEW,myseatcheck.com (자리어때),https://myseatcheck.com/인천-랜더스필드-먹거리-외야-2층-크리스피크림/,2026-10-07,DETAIL_CHECKED,외부 표기 포함 내부 먹거리 분류. 표시 핀은 실제 매장 좌표 아님. 현재 영업·메뉴 미확인,[인천 SSG 랜더스필드] 크리스피도넛 / 로케트배터리존 근처 / 외야 2층 / CAFE / 매장 상세 위치: https://myseatcheck.com/인천-랜더스필드-먹거리-외야-2층-크리스피크림/,크리스피도넛 (로케트배터리존 근처),로케트배터리존 근처,https://myseatcheck.com/인천-랜더스필드-먹거리-외야-1루-2층/,CAFE,store
SC_FOOD_MUNHAK_038,MUNHAK,인천 SSG 랜더스필드,SSG,명인만두,외야 2층,2층,외야,Y,UNOFFICIAL,COMMUNITY_SEATVIEW,myseatcheck.com (자리어때),https://myseatcheck.com/인천-랜더스필드-먹거리-외야-2층-명인만두/,2026-10-07,DETAIL_CHECKED,외부 표기 포함 내부 먹거리 분류. 표시 핀은 실제 매장 좌표 아님. 현재 영업·메뉴 미확인,[인천 SSG 랜더스필드] 명인만두 / 로케트배터리존 근처 / 외야 2층 / FOOD / 매장 상세 위치: https://myseatcheck.com/인천-랜더스필드-먹거리-외야-2층-명인만두/,명인만두 (로케트배터리존 근처),로케트배터리존 근처,https://myseatcheck.com/인천-랜더스필드-먹거리-외야-1루-2층/,FOOD,store
SC_FOOD_MUNHAK_039,MUNHAK,인천 SSG 랜더스필드,SSG,스트릿츄러스,외야 2층,2층,외야,Y,UNOFFICIAL,COMMUNITY_SEATVIEW,myseatcheck.com (자리어때),https://myseatcheck.com/인천-랜더스필드-먹거리-외야-1루-2층-스트릿츄러스/,2026-10-07,DETAIL_CHECKED,외부 표기 포함 내부 먹거리 분류. 표시 핀은 실제 매장 좌표 아님. 현재 영업·메뉴 미확인,[인천 SSG 랜더스필드] 스트릿츄러스 / 바비큐존 근처 / 외야 2층 / CAFE / 매장 상세 위치: https://myseatcheck.com/인천-랜더스필드-먹거리-외야-1루-2층-스트릿츄러스/,스트릿츄러스 (바비큐존 근처),바비큐존 근처,https://myseatcheck.com/인천-랜더스필드-먹거리-외야-1루-2층/,CAFE,store
SC_FOOD_MUNHAK_040,MUNHAK,인천 SSG 랜더스필드,SSG,우이락 고추튀김,외야 2층,2층,외야,Y,UNOFFICIAL,COMMUNITY_SEATVIEW,myseatcheck.com (자리어때),https://myseatcheck.com/인천-랜더스필드-먹거리-외야-2층-우이락-고추튀김/,2026-10-07,DETAIL_CHECKED,외부 표기 포함 내부 먹거리 분류. 표시 핀은 실제 매장 좌표 아님. 현재 영업·메뉴 미확인,[인천 SSG 랜더스필드] 우이락 고추튀김 / 바비큐존 근처 / 외야 2층 / FOOD / 매장 상세 위치: https://myseatcheck.com/인천-랜더스필드-먹거리-외야-2층-우이락-고추튀김/,우이락 고추튀김 (바비큐존 근처),바비큐존 근처,https://myseatcheck.com/인천-랜더스필드-먹거리-외야-1루-2층/,FOOD,store
SC_FOOD_MUNHAK_041,MUNHAK,인천 SSG 랜더스필드,SSG,"순살싸다리, 스테이션",외야 2층,2층,외야,Y,UNOFFICIAL,COMMUNITY_SEATVIEW,myseatcheck.com (자리어때),https://myseatcheck.com/인천-랜더스필드-먹거리-외야-1루-2층-순살싸다리/,2026-10-07,DETAIL_CHECKED,외부 표기 포함 내부 먹거리 분류. 표시 핀은 실제 매장 좌표 아님. 현재 영업·메뉴 미확인,"[인천 SSG 랜더스필드] 순살싸다리, 스테이션 / 바비큐존 근처 / 외야 2층 / FOOD / 매장 상세 위치: https://myseatcheck.com/인천-랜더스필드-먹거리-외야-1루-2층-순살싸다리/","순살싸다리, 스테이션 (바비큐존 근처)",바비큐존 근처,https://myseatcheck.com/인천-랜더스필드-먹거리-외야-1루-2층/,FOOD,store
SC_FOOD_MUNHAK_042,MUNHAK,인천 SSG 랜더스필드,SSG,블루시드 커피,외야 2층,2층,외야,Y,UNOFFICIAL,COMMUNITY_SEATVIEW,myseatcheck.com (자리어때),https://myseatcheck.com/인천-랜더스필드-먹거리-외야-2층-블루시드-커피/,2026-10-07,DETAIL_CHECKED,외부 표기 포함 내부 먹거리 분류. 표시 핀은 실제 매장 좌표 아님. 현재 영업·메뉴 미확인,[인천 SSG 랜더스필드] 블루시드 커피 / 204 블럭 근처 / 외야 2층 / CAFE / 매장 상세 위치: https://myseatcheck.com/인천-랜더스필드-먹거리-외야-2층-블루시드-커피/,블루시드 커피 (204 블럭 근처),204 블럭 근처,https://myseatcheck.com/인천-랜더스필드-먹거리-외야-1루-2층/,CAFE,store
SC_FOOD_MUNHAK_043,MUNHAK,인천 SSG 랜더스필드,SSG,야구사랑,외야 2층,2층,외야,Y,UNOFFICIAL,COMMUNITY_SEATVIEW,myseatcheck.com (자리어때),https://myseatcheck.com/인천-랜더스필드-먹거리-외야-2층-야구사랑/,2026-10-07,DETAIL_CHECKED,외부 표기 포함 내부 먹거리 분류. 표시 핀은 실제 매장 좌표 아님. 현재 영업·메뉴 미확인,[인천 SSG 랜더스필드] 야구사랑 / 204 블럭 근처 / 외야 2층 / FOOD / 매장 상세 위치: https://myseatcheck.com/인천-랜더스필드-먹거리-외야-2층-야구사랑/,야구사랑 (204 블럭 근처),204 블럭 근처,https://myseatcheck.com/인천-랜더스필드-먹거리-외야-1루-2층/,FOOD,store
SC_FOOD_MUNHAK_044,MUNHAK,인천 SSG 랜더스필드,SSG,김치말이국수,외야 2층,2층,외야,Y,UNOFFICIAL,COMMUNITY_SEATVIEW,myseatcheck.com (자리어때),https://myseatcheck.com/인천-랜더스필드-먹거리-외야-2층-김치말이국수/,2026-10-07,DETAIL_CHECKED,외부 표기 포함 내부 먹거리 분류. 표시 핀은 실제 매장 좌표 아님. 현재 영업·메뉴 미확인,[인천 SSG 랜더스필드] 김치말이국수 / 바비큐존 근처 / 외야 2층 / FOOD / 매장 상세 위치: https://myseatcheck.com/인천-랜더스필드-먹거리-외야-2층-김치말이국수/,김치말이국수 (바비큐존 근처),바비큐존 근처,https://myseatcheck.com/인천-랜더스필드-먹거리-외야-1루-2층/,FOOD,store
SC_FOOD_MUNHAK_045,MUNHAK,인천 SSG 랜더스필드,SSG,자담치킨,외야 2층,2층,외야,Y,UNOFFICIAL,COMMUNITY_SEATVIEW,myseatcheck.com (자리어때),https://myseatcheck.com/인천-랜더스필드-먹거리-외야-2층-자담치킨/,2026-10-07,DETAIL_CHECKED,외부 표기 포함 내부 먹거리 분류. 표시 핀은 실제 매장 좌표 아님. 현재 영업·메뉴 미확인,[인천 SSG 랜더스필드] 자담치킨 / 204 블럭 근처 / 외야 2층 / FOOD / 매장 상세 위치: https://myseatcheck.com/인천-랜더스필드-먹거리-외야-2층-자담치킨/,자담치킨 (204 블럭 근처),204 블럭 근처,https://myseatcheck.com/인천-랜더스필드-먹거리-외야-1루-2층/,FOOD,store
SC_FOOD_MUNHAK_046,MUNHAK,인천 SSG 랜더스필드,SSG,노랑통닭,테이블석 18블럭 뒷편,,,Y,UNOFFICIAL,COMMUNITY_SEATVIEW,myseatcheck.com (자리어때),https://myseatcheck.com/인천-랜더스필드-먹거리-테이블석-뒷편-노랑통닭/,2026-10-07,DETAIL_CHECKED,외부 표기 포함 내부 먹거리 분류. 표시 핀은 실제 매장 좌표 아님. 현재 영업·메뉴 미확인,[인천 SSG 랜더스필드] 노랑통닭 / 테이블석 18블럭 뒷편 / 테이블석 18블럭 뒷편 / FOOD / 매장 상세 위치: https://myseatcheck.com/인천-랜더스필드-먹거리-테이블석-뒷편-노랑통닭/,노랑통닭 (테이블석 18블럭 뒷편),테이블석 18블럭 뒷편,https://myseatcheck.com/인천-랜더스필드-먹거리/,FOOD,store
SC_FOOD_MUNHAK_047,MUNHAK,인천 SSG 랜더스필드,SSG,민영활어공장,외부 3루 매표소 근처,외부,,N,UNOFFICIAL,COMMUNITY_SEATVIEW,myseatcheck.com (자리어때),https://myseatcheck.com/인천-랜더스필드-먹거리-외부-3루-매표소앞-민영활어/,2026-10-07,DETAIL_CHECKED,외부 표기 포함 내부 먹거리 분류. 표시 핀은 실제 매장 좌표 아님. 현재 영업·메뉴 미확인,[인천 SSG 랜더스필드] 민영활어공장 / 외부 3루 매표소 근처 / 외부 3루 매표소 근처 / FOOD / 매장 상세 위치: https://myseatcheck.com/인천-랜더스필드-먹거리-외부-3루-매표소앞-민영활어/,민영활어공장 (외부 3루 매표소 근처),외부 3루 매표소 근처,https://myseatcheck.com/인천-랜더스필드-먹거리/,FOOD,store
SC_FOOD_SAJIK_001,SAJIK,사직야구장,LOTTE,땅땅치킨,1층 (외부),1층,,N,UNOFFICIAL,COMMUNITY_SEATVIEW,myseatcheck.com (자리어때),https://myseatcheck.com/부산-사직야구장-먹거리-1층-외부-땅땅치킨/,2026-10-07,DETAIL_CHECKED,외부 표기 포함 내부 먹거리 분류. 표시 핀은 실제 매장 좌표 아님. 현재 영업·메뉴 미확인,[사직야구장] 땅땅치킨 / 1층 중앙 광장 / 1층 (외부) / FOOD / 매장 상세 위치: https://myseatcheck.com/부산-사직야구장-먹거리-1층-외부-땅땅치킨/,땅땅치킨 (1층 중앙 광장),1층 중앙 광장,https://myseatcheck.com/부산-사직야구장-먹거리-1층외부/,FOOD,store
SC_FOOD_SAJIK_002,SAJIK,사직야구장,LOTTE,세븐일레븐,1층 (외부),1층,,N,UNOFFICIAL,COMMUNITY_SEATVIEW,myseatcheck.com (자리어때),https://myseatcheck.com/부산-사직야구장-먹거리-1층-외부-세븐일레븐/,2026-10-07,DETAIL_CHECKED,외부 표기 포함 내부 먹거리 분류. 표시 핀은 실제 매장 좌표 아님. 현재 영업·메뉴 미확인,[사직야구장] 세븐일레븐 / 1층 중앙 광장 / 1층 (외부) / CONVENIENCE / 매장 상세 위치: https://myseatcheck.com/부산-사직야구장-먹거리-1층-외부-세븐일레븐/,세븐일레븐 (1층 중앙 광장),1층 중앙 광장,https://myseatcheck.com/부산-사직야구장-먹거리-1층외부/,CONVENIENCE,store
SC_FOOD_SAJIK_003,SAJIK,사직야구장,LOTTE,자이언츠카페,1층 (외부),1층,,N,UNOFFICIAL,COMMUNITY_SEATVIEW,myseatcheck.com (자리어때),https://myseatcheck.com/부산-사직야구장-먹거리-1층-외부-자이언츠카페/,2026-10-07,DETAIL_CHECKED,외부 표기 포함 내부 먹거리 분류. 표시 핀은 실제 매장 좌표 아님. 현재 영업·메뉴 미확인,[사직야구장] 자이언츠카페 / 1층 중앙 광장 / 1층 (외부) / CAFE / 매장 상세 위치: https://myseatcheck.com/부산-사직야구장-먹거리-1층-외부-자이언츠카페/,자이언츠카페 (1층 중앙 광장),1층 중앙 광장,https://myseatcheck.com/부산-사직야구장-먹거리-1층외부/,CAFE,store
SC_FOOD_SAJIK_004,SAJIK,사직야구장,LOTTE,가온밀면,2층 (1루),2층,1루,Y,UNOFFICIAL,COMMUNITY_SEATVIEW,myseatcheck.com (자리어때),https://myseatcheck.com/부산-사직야구장-먹거리-1루-2층-가온밀면/,2026-10-07,DETAIL_CHECKED,외부 표기 포함 내부 먹거리 분류. 표시 핀은 실제 매장 좌표 아님. 현재 영업·메뉴 미확인,[사직야구장] 가온밀면 / 124 GATE 근처 / 2층 (1루) / FOOD / 매장 상세 위치: https://myseatcheck.com/부산-사직야구장-먹거리-1루-2층-가온밀면/,가온밀면 (124 GATE 근처),124 GATE 근처,https://myseatcheck.com/부산-사직야구장-먹거리-1루2층/,FOOD,store
SC_FOOD_SAJIK_005,SAJIK,사직야구장,LOTTE,남도포차,2층 (1루),2층,1루,Y,UNOFFICIAL,COMMUNITY_SEATVIEW,myseatcheck.com (자리어때),https://myseatcheck.com/부산-사직야구장-먹거리-1루-2층-남도포차/,2026-10-07,DETAIL_CHECKED,외부 표기 포함 내부 먹거리 분류. 표시 핀은 실제 매장 좌표 아님. 현재 영업·메뉴 미확인,[사직야구장] 남도포차 / 125 GATE 근처 / 2층 (1루) / FOOD / 매장 상세 위치: https://myseatcheck.com/부산-사직야구장-먹거리-1루-2층-남도포차/,남도포차 (125 GATE 근처),125 GATE 근처,https://myseatcheck.com/부산-사직야구장-먹거리-1루2층/,FOOD,store
SC_FOOD_SAJIK_006,SAJIK,사직야구장,LOTTE,동래라거,2층 (1루),2층,1루,Y,UNOFFICIAL,COMMUNITY_SEATVIEW,myseatcheck.com (자리어때),https://myseatcheck.com/부산-사직야구장-먹거리-1루-2층-동래라거/,2026-10-07,DETAIL_CHECKED,외부 표기 포함 내부 먹거리 분류. 표시 핀은 실제 매장 좌표 아님. 현재 영업·메뉴 미확인,[사직야구장] 동래라거 / 123 GATE 근처 / 2층 (1루) / FOOD / 매장 상세 위치: https://myseatcheck.com/부산-사직야구장-먹거리-1루-2층-동래라거/,동래라거 (123 GATE 근처),123 GATE 근처,https://myseatcheck.com/부산-사직야구장-먹거리-1루2층/,FOOD,store
SC_FOOD_SAJIK_007,SAJIK,사직야구장,LOTTE,땅땅치킨,2층 (1루),2층,1루,Y,UNOFFICIAL,COMMUNITY_SEATVIEW,myseatcheck.com (자리어때),https://myseatcheck.com/부산-사직야구장-먹거리-1루-2층-땅땅치킨/,2026-10-07,DETAIL_CHECKED,외부 표기 포함 내부 먹거리 분류. 표시 핀은 실제 매장 좌표 아님. 현재 영업·메뉴 미확인,[사직야구장] 땅땅치킨 / 126 GATE 근처 / 2층 (1루) / FOOD / 매장 상세 위치: https://myseatcheck.com/부산-사직야구장-먹거리-1루-2층-땅땅치킨/,땅땅치킨 (126 GATE 근처),126 GATE 근처,https://myseatcheck.com/부산-사직야구장-먹거리-1루2층/,FOOD,store
SC_FOOD_SAJIK_008,SAJIK,사직야구장,LOTTE,밀락당,2층 (1루),2층,1루,Y,UNOFFICIAL,COMMUNITY_SEATVIEW,myseatcheck.com (자리어때),https://myseatcheck.com/부산-사직야구장-먹거리-1루-2층-밀락당/,2026-10-07,DETAIL_CHECKED,외부 표기 포함 내부 먹거리 분류. 표시 핀은 실제 매장 좌표 아님. 현재 영업·메뉴 미확인,[사직야구장] 밀락당 / 123 GATE 근처 / 2층 (1루) / CAFE / 매장 상세 위치: https://myseatcheck.com/부산-사직야구장-먹거리-1루-2층-밀락당/,밀락당 (123 GATE 근처),123 GATE 근처,https://myseatcheck.com/부산-사직야구장-먹거리-1루2층/,CAFE,store
SC_FOOD_SAJIK_009,SAJIK,사직야구장,LOTTE,세븐일레븐1,2층 (1루),2층,1루,Y,UNOFFICIAL,COMMUNITY_SEATVIEW,myseatcheck.com (자리어때),https://myseatcheck.com/부산-사직야구장-먹거리-1루-2층-세븐일레븐/,2026-10-07,DETAIL_CHECKED,외부 표기 포함 내부 먹거리 분류. 표시 핀은 실제 매장 좌표 아님. 현재 영업·메뉴 미확인,[사직야구장] 세븐일레븐1 / 122 GATE 근처 / 2층 (1루) / CONVENIENCE / 매장 상세 위치: https://myseatcheck.com/부산-사직야구장-먹거리-1루-2층-세븐일레븐/,세븐일레븐1 (122 GATE 근처),122 GATE 근처,https://myseatcheck.com/부산-사직야구장-먹거리-1루2층/,CONVENIENCE,store
SC_FOOD_SAJIK_010,SAJIK,사직야구장,LOTTE,파파존스,2층 (1루),2층,1루,Y,UNOFFICIAL,COMMUNITY_SEATVIEW,myseatcheck.com (자리어때),https://myseatcheck.com/부산-사직야구장-먹거리-1루-2층-파파존스/,2026-10-07,DETAIL_CHECKED,외부 표기 포함 내부 먹거리 분류. 표시 핀은 실제 매장 좌표 아님. 현재 영업·메뉴 미확인,[사직야구장] 파파존스 / 125 GATE 근처 / 2층 (1루) / FOOD / 매장 상세 위치: https://myseatcheck.com/부산-사직야구장-먹거리-1루-2층-파파존스/,파파존스 (125 GATE 근처),125 GATE 근처,https://myseatcheck.com/부산-사직야구장-먹거리-1루2층/,FOOD,store
SC_FOOD_SAJIK_011,SAJIK,사직야구장,LOTTE,"편의점, 반할새우",2층 (1루),2층,1루,Y,UNOFFICIAL,COMMUNITY_SEATVIEW,myseatcheck.com (자리어때),https://myseatcheck.com/부산-사직야구장-먹거리-1루-2층-세븐일레븐-반할새우/,2026-10-07,DETAIL_CHECKED,외부 표기 포함 내부 먹거리 분류. 표시 핀은 실제 매장 좌표 아님. 현재 영업·메뉴 미확인,"[사직야구장] 편의점, 반할새우 / 124 GATE 근처 / 2층 (1루) / FOOD / 매장 상세 위치: https://myseatcheck.com/부산-사직야구장-먹거리-1루-2층-세븐일레븐-반할새우/","편의점, 반할새우 (124 GATE 근처)",124 GATE 근처,https://myseatcheck.com/부산-사직야구장-먹거리-1루2층/,FOOD,store
SC_FOOD_SAJIK_012,SAJIK,사직야구장,LOTTE,크리스피도넛,2층 (1루),2층,1루,Y,UNOFFICIAL,COMMUNITY_SEATVIEW,myseatcheck.com (자리어때),https://myseatcheck.com/부산-사직야구장-먹거리-1루-2층-크리스피도넛/,2026-10-07,DETAIL_CHECKED,외부 표기 포함 내부 먹거리 분류. 표시 핀은 실제 매장 좌표 아님. 현재 영업·메뉴 미확인,[사직야구장] 크리스피도넛 / 125 GATE 근처 / 2층 (1루) / CAFE / 매장 상세 위치: https://myseatcheck.com/부산-사직야구장-먹거리-1루-2층-크리스피도넛/,크리스피도넛 (125 GATE 근처),125 GATE 근처,https://myseatcheck.com/부산-사직야구장-먹거리-1루2층/,CAFE,store
SC_FOOD_SAJIK_013,SAJIK,사직야구장,LOTTE,계란빵클럽,2층 (3루),2층,3루,Y,UNOFFICIAL,COMMUNITY_SEATVIEW,myseatcheck.com (자리어때),https://myseatcheck.com/부산-사직야구장-먹거리-2층-3루-계란빵클럽/,2026-10-07,DETAIL_CHECKED,외부 표기 포함 내부 먹거리 분류. 표시 핀은 실제 매장 좌표 아님. 현재 영업·메뉴 미확인,[사직야구장] 계란빵클럽 / 324 GATE 근처 / 2층 (3루) / FOOD / 매장 상세 위치: https://myseatcheck.com/부산-사직야구장-먹거리-2층-3루-계란빵클럽/,계란빵클럽 (324 GATE 근처),324 GATE 근처,https://myseatcheck.com/부산-사직야구장-먹거리-2층-3루/,FOOD,store
SC_FOOD_SAJIK_014,SAJIK,사직야구장,LOTTE,다리집,2층 (3루),2층,3루,Y,UNOFFICIAL,COMMUNITY_SEATVIEW,myseatcheck.com (자리어때),https://myseatcheck.com/부산-사직야구장-먹거리-2층-3루-다리집/,2026-10-07,DETAIL_CHECKED,외부 표기 포함 내부 먹거리 분류. 표시 핀은 실제 매장 좌표 아님. 현재 영업·메뉴 미확인,[사직야구장] 다리집 / 323 GATE 근처 / 2층 (3루) / FOOD / 매장 상세 위치: https://myseatcheck.com/부산-사직야구장-먹거리-2층-3루-다리집/,다리집 (323 GATE 근처),323 GATE 근처,https://myseatcheck.com/부산-사직야구장-먹거리-2층-3루/,FOOD,store
SC_FOOD_SAJIK_015,SAJIK,사직야구장,LOTTE,보영만두,2층 (3루),2층,3루,Y,UNOFFICIAL,COMMUNITY_SEATVIEW,myseatcheck.com (자리어때),https://myseatcheck.com/부산-사직야구장-먹거리-2층-3루-보영만두/,2026-10-07,DETAIL_CHECKED,외부 표기 포함 내부 먹거리 분류. 표시 핀은 실제 매장 좌표 아님. 현재 영업·메뉴 미확인,[사직야구장] 보영만두 / 326 GATE 근처 / 2층 (3루) / FOOD / 매장 상세 위치: https://myseatcheck.com/부산-사직야구장-먹거리-2층-3루-보영만두/,보영만두 (326 GATE 근처),326 GATE 근처,https://myseatcheck.com/부산-사직야구장-먹거리-2층-3루/,FOOD,store
SC_FOOD_SAJIK_016,SAJIK,사직야구장,LOTTE,세븐일레븐,2층 (3루),2층,3루,Y,UNOFFICIAL,COMMUNITY_SEATVIEW,myseatcheck.com (자리어때),https://myseatcheck.com/부산-사직야구장-먹거리-2층-3루-세븐일레븐/,2026-10-07,DETAIL_CHECKED,외부 표기 포함 내부 먹거리 분류. 표시 핀은 실제 매장 좌표 아님. 현재 영업·메뉴 미확인,[사직야구장] 세븐일레븐 / 322 GATE 근처 / 2층 (3루) / CONVENIENCE / 매장 상세 위치: https://myseatcheck.com/부산-사직야구장-먹거리-2층-3루-세븐일레븐/,세븐일레븐 (322 GATE 근처),322 GATE 근처,https://myseatcheck.com/부산-사직야구장-먹거리-2층-3루/,CONVENIENCE,store
SC_FOOD_SAJIK_017,SAJIK,사직야구장,LOTTE,다리집,131 GATE 근처,3층,1루,Y,UNOFFICIAL,COMMUNITY_SEATVIEW,myseatcheck.com (자리어때),https://myseatcheck.com/부산-사직야구장-먹거리-3층-1루-다리집/,2026-10-07,DETAIL_CHECKED,외부 표기 포함 내부 먹거리 분류. 표시 핀은 실제 매장 좌표 아님. 현재 영업·메뉴 미확인,[사직야구장] 다리집 / 131 GATE 근처 / 131 GATE 근처 / FOOD / 매장 상세 위치: https://myseatcheck.com/부산-사직야구장-먹거리-3층-1루-다리집/,다리집 (131 GATE 근처),131 GATE 근처,https://myseatcheck.com/부산-사직야구장-먹거리/,FOOD,store
SC_FOOD_SAJIK_018,SAJIK,사직야구장,LOTTE,동래라거,131 GATE 근처,3층,1루,Y,UNOFFICIAL,COMMUNITY_SEATVIEW,myseatcheck.com (자리어때),https://myseatcheck.com/부산-사직야구장-먹거리-3층-1루-동래라거/,2026-10-07,DETAIL_CHECKED,외부 표기 포함 내부 먹거리 분류. 표시 핀은 실제 매장 좌표 아님. 현재 영업·메뉴 미확인,[사직야구장] 동래라거 / 131 GATE 근처 / 131 GATE 근처 / FOOD / 매장 상세 위치: https://myseatcheck.com/부산-사직야구장-먹거리-3층-1루-동래라거/,동래라거 (131 GATE 근처),131 GATE 근처,https://myseatcheck.com/부산-사직야구장-먹거리/,FOOD,store
SC_FOOD_SAJIK_019,SAJIK,사직야구장,LOTTE,정선수제닭강정,131 GATE 근처,3층,1루,Y,UNOFFICIAL,COMMUNITY_SEATVIEW,myseatcheck.com (자리어때),https://myseatcheck.com/부산-사직야구장-먹거리-3층-1루-정선수제닭강정/,2026-10-07,DETAIL_CHECKED,외부 표기 포함 내부 먹거리 분류. 표시 핀은 실제 매장 좌표 아님. 현재 영업·메뉴 미확인,[사직야구장] 정선수제닭강정 / 131 GATE 근처 / 131 GATE 근처 / FOOD / 매장 상세 위치: https://myseatcheck.com/부산-사직야구장-먹거리-3층-1루-정선수제닭강정/,정선수제닭강정 (131 GATE 근처),131 GATE 근처,https://myseatcheck.com/부산-사직야구장-먹거리/,FOOD,store
SC_FOOD_SAJIK_020,SAJIK,사직야구장,LOTTE,프루토프루타,132 GATE 근처,3층,1루,Y,UNOFFICIAL,COMMUNITY_SEATVIEW,myseatcheck.com (자리어때),https://myseatcheck.com/부산-사직야구장-먹거리-3층-1루-프루토프루타/,2026-10-07,DETAIL_CHECKED,외부 표기 포함 내부 먹거리 분류. 표시 핀은 실제 매장 좌표 아님. 현재 영업·메뉴 미확인,[사직야구장] 프루토프루타 / 132 GATE 근처 / 132 GATE 근처 / CAFE / 매장 상세 위치: https://myseatcheck.com/부산-사직야구장-먹거리-3층-1루-프루토프루타/,프루토프루타 (132 GATE 근처),132 GATE 근처,https://myseatcheck.com/부산-사직야구장-먹거리/,CAFE,store
SC_FOOD_SAJIK_021,SAJIK,사직야구장,LOTTE,버거샵,3층 (중앙~1루),3층,중앙~1루,Y,UNOFFICIAL,COMMUNITY_SEATVIEW,myseatcheck.com (자리어때),https://myseatcheck.com/부산-사직야구장-먹거리-3층-중앙1루-버거샵/,2026-10-07,DETAIL_CHECKED,외부 표기 포함 내부 먹거리 분류. 표시 핀은 실제 매장 좌표 아님. 현재 영업·메뉴 미확인,[사직야구장] 버거샵 / 032 GATE 근처 / 3층 (중앙~1루) / FOOD / 매장 상세 위치: https://myseatcheck.com/부산-사직야구장-먹거리-3층-중앙1루-버거샵/,버거샵 (032 GATE 근처),032 GATE 근처,https://myseatcheck.com/부산-사직야구장-먹거리-3층-중앙1루/,FOOD,store
SC_FOOD_SAJIK_022,SAJIK,사직야구장,LOTTE,트레져스커피,3층 (중앙~1루),3층,중앙~1루,Y,UNOFFICIAL,COMMUNITY_SEATVIEW,myseatcheck.com (자리어때),https://myseatcheck.com/부산-사직야구장-먹거리-3층-중앙1루-트레져스커피/,2026-10-07,DETAIL_CHECKED,외부 표기 포함 내부 먹거리 분류. 표시 핀은 실제 매장 좌표 아님. 현재 영업·메뉴 미확인,[사직야구장] 트레져스커피 / 032 GATE 근처 / 3층 (중앙~1루) / CAFE / 매장 상세 위치: https://myseatcheck.com/부산-사직야구장-먹거리-3층-중앙1루-트레져스커피/,트레져스커피 (032 GATE 근처),032 GATE 근처,https://myseatcheck.com/부산-사직야구장-먹거리-3층-중앙1루/,CAFE,store
SC_FOOD_SAJIK_023,SAJIK,사직야구장,LOTTE,박수식당,3층 (중앙~1루),3층,중앙~1루,Y,UNOFFICIAL,COMMUNITY_SEATVIEW,myseatcheck.com (자리어때),https://myseatcheck.com/부산-사직야구장-먹거리-3층-중앙1루-박수식당/,2026-10-07,DETAIL_CHECKED,외부 표기 포함 내부 먹거리 분류. 표시 핀은 실제 매장 좌표 아님. 현재 영업·메뉴 미확인,[사직야구장] 박수식당 / 032 GATE 근처 / 3층 (중앙~1루) / FOOD / 매장 상세 위치: https://myseatcheck.com/부산-사직야구장-먹거리-3층-중앙1루-박수식당/,박수식당 (032 GATE 근처),032 GATE 근처,https://myseatcheck.com/부산-사직야구장-먹거리-3층-중앙1루/,FOOD,store
SC_FOOD_SAJIK_024,SAJIK,사직야구장,LOTTE,송헌집,3층 (중앙~1루),3층,중앙~1루,Y,UNOFFICIAL,COMMUNITY_SEATVIEW,myseatcheck.com (자리어때),https://myseatcheck.com/부산-사직야구장-먹거리-3층-중앙1루-송헌집/,2026-10-07,DETAIL_CHECKED,외부 표기 포함 내부 먹거리 분류. 표시 핀은 실제 매장 좌표 아님. 현재 영업·메뉴 미확인,[사직야구장] 송헌집 / 032 GATE 근처 / 3층 (중앙~1루) / FOOD / 매장 상세 위치: https://myseatcheck.com/부산-사직야구장-먹거리-3층-중앙1루-송헌집/,송헌집 (032 GATE 근처),032 GATE 근처,https://myseatcheck.com/부산-사직야구장-먹거리-3층-중앙1루/,FOOD,store
SC_FOOD_SAJIK_025,SAJIK,사직야구장,LOTTE,포도베이커스,3층 (중앙~1루),3층,중앙~1루,Y,UNOFFICIAL,COMMUNITY_SEATVIEW,myseatcheck.com (자리어때),https://myseatcheck.com/부산-사직야구장-먹거리-3층-중앙1루-포도베이커스/,2026-10-07,DETAIL_CHECKED,외부 표기 포함 내부 먹거리 분류. 표시 핀은 실제 매장 좌표 아님. 현재 영업·메뉴 미확인,[사직야구장] 포도베이커스 / 032 GATE 근처 / 3층 (중앙~1루) / CAFE / 매장 상세 위치: https://myseatcheck.com/부산-사직야구장-먹거리-3층-중앙1루-포도베이커스/,포도베이커스 (032 GATE 근처),032 GATE 근처,https://myseatcheck.com/부산-사직야구장-먹거리-3층-중앙1루/,CAFE,store
SC_FOOD_SAJIK_026,SAJIK,사직야구장,LOTTE,땅땅치킨,3층 (3루),3층,3루,Y,UNOFFICIAL,COMMUNITY_SEATVIEW,myseatcheck.com (자리어때),https://myseatcheck.com/부산-사직야구장-먹거리-3층-3루-땅땅치킨/,2026-10-07,DETAIL_CHECKED,외부 표기 포함 내부 먹거리 분류. 표시 핀은 실제 매장 좌표 아님. 현재 영업·메뉴 미확인,[사직야구장] 땅땅치킨 / 331 GATE 근처 / 3층 (3루) / FOOD / 매장 상세 위치: https://myseatcheck.com/부산-사직야구장-먹거리-3층-3루-땅땅치킨/,땅땅치킨 (331 GATE 근처),331 GATE 근처,https://myseatcheck.com/부산-사직야구장-먹거리-3층-3루/,FOOD,store
SC_FOOD_SAJIK_027,SAJIK,사직야구장,LOTTE,세븐일레븐,3층 (3루),3층,3루,Y,UNOFFICIAL,COMMUNITY_SEATVIEW,myseatcheck.com (자리어때),https://myseatcheck.com/부산-사직야구장-먹거리-3층-3루-세븐일레븐/,2026-10-07,DETAIL_CHECKED,외부 표기 포함 내부 먹거리 분류. 표시 핀은 실제 매장 좌표 아님. 현재 영업·메뉴 미확인,[사직야구장] 세븐일레븐 / 331 GATE 근처 / 3층 (3루) / CONVENIENCE / 매장 상세 위치: https://myseatcheck.com/부산-사직야구장-먹거리-3층-3루-세븐일레븐/,세븐일레븐 (331 GATE 근처),331 GATE 근처,https://myseatcheck.com/부산-사직야구장-먹거리-3층-3루/,CONVENIENCE,store
SC_FOOD_SAJIK_028,SAJIK,사직야구장,LOTTE,스테프핫도그,3층 (3루),3층,3루,Y,UNOFFICIAL,COMMUNITY_SEATVIEW,myseatcheck.com (자리어때),https://myseatcheck.com/부산-사직야구장-먹거리-3층-3루-스태프핫도그/,2026-10-07,DETAIL_CHECKED,외부 표기 포함 내부 먹거리 분류. 표시 핀은 실제 매장 좌표 아님. 현재 영업·메뉴 미확인,[사직야구장] 스테프핫도그 / 331 GATE 근처 / 3층 (3루) / FOOD / 매장 상세 위치: https://myseatcheck.com/부산-사직야구장-먹거리-3층-3루-스태프핫도그/,스테프핫도그 (331 GATE 근처),331 GATE 근처,https://myseatcheck.com/부산-사직야구장-먹거리-3층-3루/,FOOD,store
SC_FOOD_SAJIK_029,SAJIK,사직야구장,LOTTE,심바다,3층 (3루),3층,3루,Y,UNOFFICIAL,COMMUNITY_SEATVIEW,myseatcheck.com (자리어때),https://myseatcheck.com/부산-사직야구장-먹거리-3층-3루-심바다/,2026-10-07,DETAIL_CHECKED,외부 표기 포함 내부 먹거리 분류. 표시 핀은 실제 매장 좌표 아님. 현재 영업·메뉴 미확인,[사직야구장] 심바다 / 331 GATE 근처 / 3층 (3루) / FOOD / 매장 상세 위치: https://myseatcheck.com/부산-사직야구장-먹거리-3층-3루-심바다/,심바다 (331 GATE 근처),331 GATE 근처,https://myseatcheck.com/부산-사직야구장-먹거리-3층-3루/,FOOD,store
SC_FOOD_SAJIK_030,SAJIK,사직야구장,LOTTE,보영만두,외야,,외야,Y,UNOFFICIAL,COMMUNITY_SEATVIEW,myseatcheck.com (자리어때),https://myseatcheck.com/부산-사직야구장-먹거리-외야-보영만두/,2026-10-07,DETAIL_CHECKED,외부 표기 포함 내부 먹거리 분류. 표시 핀은 실제 매장 좌표 아님. 현재 영업·메뉴 미확인,[사직야구장] 보영만두 / 724 GATE 근처 / 외야 / FOOD / 매장 상세 위치: https://myseatcheck.com/부산-사직야구장-먹거리-외야-보영만두/,보영만두 (724 GATE 근처),724 GATE 근처,https://myseatcheck.com/부산-사직야구장-먹거리-외야/,FOOD,store
SC_FOOD_SAJIK_031,SAJIK,사직야구장,LOTTE,"편의점, 스테이크",외야,,외야,Y,UNOFFICIAL,COMMUNITY_SEATVIEW,myseatcheck.com (자리어때),https://myseatcheck.com/부산-사직야구장-먹거리-외야-세븐일레븐-불독스테/,2026-10-07,DETAIL_CHECKED,외부 표기 포함 내부 먹거리 분류. 표시 핀은 실제 매장 좌표 아님. 현재 영업·메뉴 미확인,"[사직야구장] 편의점, 스테이크 / 723 GATE 근처 / 외야 / FOOD / 매장 상세 위치: https://myseatcheck.com/부산-사직야구장-먹거리-외야-세븐일레븐-불독스테/","편의점, 스테이크 (723 GATE 근처)",723 GATE 근처,https://myseatcheck.com/부산-사직야구장-먹거리-외야/,FOOD,store
SC_FOOD_SAJIK_032,SAJIK,사직야구장,LOTTE,코카모메,외야,,외야,Y,UNOFFICIAL,COMMUNITY_SEATVIEW,myseatcheck.com (자리어때),https://myseatcheck.com/부산-사직야구장-먹거리-외야-코카모메/,2026-10-07,DETAIL_CHECKED,외부 표기 포함 내부 먹거리 분류. 표시 핀은 실제 매장 좌표 아님. 현재 영업·메뉴 미확인,[사직야구장] 코카모메 / 924 GATE 근처 / 외야 / FOOD / 매장 상세 위치: https://myseatcheck.com/부산-사직야구장-먹거리-외야-코카모메/,코카모메 (924 GATE 근처),924 GATE 근처,https://myseatcheck.com/부산-사직야구장-먹거리-외야/,FOOD,store
SC_FOOD_SAJIK_033,SAJIK,사직야구장,LOTTE,상하이 마라꼬치,외야,,외야,Y,UNOFFICIAL,COMMUNITY_SEATVIEW,myseatcheck.com (자리어때),https://myseatcheck.com/부산-사직야구장-먹거리-외야-상하이-마라꼬치/,2026-10-07,DETAIL_CHECKED,외부 표기 포함 내부 먹거리 분류. 표시 핀은 실제 매장 좌표 아님. 현재 영업·메뉴 미확인,[사직야구장] 상하이 마라꼬치 / 923 GATE 근처 / 외야 / FOOD / 매장 상세 위치: https://myseatcheck.com/부산-사직야구장-먹거리-외야-상하이-마라꼬치/,상하이 마라꼬치 (923 GATE 근처),923 GATE 근처,https://myseatcheck.com/부산-사직야구장-먹거리-외야/,FOOD,store
SC_FOOD_SUWON_001,SUWON,수원 KT 위즈 파크,KT,끼부리또,1루 2층,2층,1루,Y,UNOFFICIAL,COMMUNITY_SEATVIEW,myseatcheck.com (자리어때),https://myseatcheck.com/수원-kt위즈파크-먹거리-1루-2층-끼부리또/,2026-10-07,DETAIL_CHECKED,외부 표기 포함 내부 먹거리 분류. 표시 핀은 실제 매장 좌표 아님. 현재 영업·메뉴 미확인,[수원 KT 위즈 파크] 끼부리또 / 1루 2층 하단 / 1루 2층 / FOOD / 매장 상세 위치: https://myseatcheck.com/수원-kt위즈파크-먹거리-1루-2층-끼부리또/,끼부리또 - 1루 2층 하단,1루 2층 하단,https://myseatcheck.com/수원-kt위즈파크-먹거리-1루-2층/,FOOD,store
SC_FOOD_SUWON_002,SUWON,수원 KT 위즈 파크,KT,"뉴욕양꼬치, 사라다",1루 2층,2층,1루,Y,UNOFFICIAL,COMMUNITY_SEATVIEW,myseatcheck.com (자리어때),https://myseatcheck.com/수원-kt위즈파크-먹거리-1루-2층-뉴욕양꼬치/,2026-10-07,DETAIL_CHECKED,외부 표기 포함 내부 먹거리 분류. 표시 핀은 실제 매장 좌표 아님. 현재 영업·메뉴 미확인,"[수원 KT 위즈 파크] 뉴욕양꼬치, 사라다 / 1루 2층 하단 / 1루 2층 / FOOD / 매장 상세 위치: https://myseatcheck.com/수원-kt위즈파크-먹거리-1루-2층-뉴욕양꼬치/","뉴욕양꼬치, 사라다 - 1루 2층 하단",1루 2층 하단,https://myseatcheck.com/수원-kt위즈파크-먹거리-1루-2층/,FOOD,store
SC_FOOD_SUWON_003,SUWON,수원 KT 위즈 파크,KT,또리펍(맥주),1루 2층,2층,1루,Y,UNOFFICIAL,COMMUNITY_SEATVIEW,myseatcheck.com (자리어때),https://myseatcheck.com/수원-kt위즈파크-먹거리-1루-2층-또리펍/,2026-10-07,DETAIL_CHECKED,외부 표기 포함 내부 먹거리 분류. 표시 핀은 실제 매장 좌표 아님. 현재 영업·메뉴 미확인,[수원 KT 위즈 파크] 또리펍(맥주) / 1루 2층 하단 / 1루 2층 / FOOD / 매장 상세 위치: https://myseatcheck.com/수원-kt위즈파크-먹거리-1루-2층-또리펍/,또리펍(맥주) - 1루 2층 하단,1루 2층 하단,https://myseatcheck.com/수원-kt위즈파크-먹거리-1루-2층/,FOOD,store
SC_FOOD_SUWON_004,SUWON,수원 KT 위즈 파크,KT,또리펍(맥주),1루 2층,2층,1루,Y,UNOFFICIAL,COMMUNITY_SEATVIEW,myseatcheck.com (자리어때),https://myseatcheck.com/수원-kt위즈파크-먹거리-1루-2층-또리펍gate2/,2026-10-07,DETAIL_CHECKED,외부 표기 포함 내부 먹거리 분류. 표시 핀은 실제 매장 좌표 아님. 현재 영업·메뉴 미확인,[수원 KT 위즈 파크] 또리펍(맥주) / GATE2 근처 / 1루 2층 / FOOD / 매장 상세 위치: https://myseatcheck.com/수원-kt위즈파크-먹거리-1루-2층-또리펍gate2/,또리펍(맥주) - GATE2 근처,GATE2 근처,https://myseatcheck.com/수원-kt위즈파크-먹거리-1루-2층/,FOOD,store
SC_FOOD_SUWON_005,SUWON,수원 KT 위즈 파크,KT,롯데리아,1루 2층,2층,1루,Y,UNOFFICIAL,COMMUNITY_SEATVIEW,myseatcheck.com (자리어때),https://myseatcheck.com/수원-kt위즈파크-먹거리-1루-2층-롯데리아/,2026-10-07,DETAIL_CHECKED,외부 표기 포함 내부 먹거리 분류. 표시 핀은 실제 매장 좌표 아님. 현재 영업·메뉴 미확인,[수원 KT 위즈 파크] 롯데리아 / 1루 2층 상단 / 1루 2층 / FOOD / 매장 상세 위치: https://myseatcheck.com/수원-kt위즈파크-먹거리-1루-2층-롯데리아/,롯데리아 - 1루 2층 상단,1루 2층 상단,https://myseatcheck.com/수원-kt위즈파크-먹거리-1루-2층/,FOOD,store
SC_FOOD_SUWON_006,SUWON,수원 KT 위즈 파크,KT,빅카페,1루 2층,2층,1루,Y,UNOFFICIAL,COMMUNITY_SEATVIEW,myseatcheck.com (자리어때),https://myseatcheck.com/수원-kt위즈파크-먹거리-1루-2층-빅카페/,2026-10-07,DETAIL_CHECKED,외부 표기 포함 내부 먹거리 분류. 표시 핀은 실제 매장 좌표 아님. 현재 영업·메뉴 미확인,[수원 KT 위즈 파크] 빅카페 / 1루 2층 하단 / 1루 2층 / CAFE / 매장 상세 위치: https://myseatcheck.com/수원-kt위즈파크-먹거리-1루-2층-빅카페/,빅카페 - 1루 2층 하단,1루 2층 하단,https://myseatcheck.com/수원-kt위즈파크-먹거리-1루-2층/,CAFE,store
SC_FOOD_SUWON_007,SUWON,수원 KT 위즈 파크,KT,세븐일레븐,1루 2층,2층,1루,Y,UNOFFICIAL,COMMUNITY_SEATVIEW,myseatcheck.com (자리어때),https://myseatcheck.com/수원-kt위즈파크-먹거리-1루-2층-세븐일레븐1루/,2026-10-07,DETAIL_CHECKED,외부 표기 포함 내부 먹거리 분류. 표시 핀은 실제 매장 좌표 아님. 현재 영업·메뉴 미확인,[수원 KT 위즈 파크] 세븐일레븐 / 1루 매장 / 1루 2층 / CONVENIENCE / 매장 상세 위치: https://myseatcheck.com/수원-kt위즈파크-먹거리-1루-2층-세븐일레븐1루/,세븐일레븐 (1루 매장),1루 매장,https://myseatcheck.com/수원-kt위즈파크-먹거리-1루-2층/,CONVENIENCE,store
SC_FOOD_SUWON_008,SUWON,수원 KT 위즈 파크,KT,세븐일레븐,1루 2층,2층,1루,Y,UNOFFICIAL,COMMUNITY_SEATVIEW,myseatcheck.com (자리어때),https://myseatcheck.com/수원-kt위즈파크-먹거리-1루-2층-세븐일레븐/,2026-10-07,DETAIL_CHECKED,외부 표기 포함 내부 먹거리 분류. 표시 핀은 실제 매장 좌표 아님. 현재 영업·메뉴 미확인,[수원 KT 위즈 파크] 세븐일레븐 / 1루 내야 GATE2 근처 / 1루 2층 / CONVENIENCE / 매장 상세 위치: https://myseatcheck.com/수원-kt위즈파크-먹거리-1루-2층-세븐일레븐/,세븐일레븐 (1루 내야 GATE2 근처),1루 내야 GATE2 근처,https://myseatcheck.com/수원-kt위즈파크-먹거리-1루-2층/,CONVENIENCE,store
SC_FOOD_SUWON_009,SUWON,수원 KT 위즈 파크,KT,이대로 통삼겹,1루 2층,2층,1루,Y,UNOFFICIAL,COMMUNITY_SEATVIEW,myseatcheck.com (자리어때),https://myseatcheck.com/수원-kt위즈파크-먹거리-1루-2층-이대로통삼겹/,2026-10-07,DETAIL_CHECKED,외부 표기 포함 내부 먹거리 분류. 표시 핀은 실제 매장 좌표 아님. 현재 영업·메뉴 미확인,[수원 KT 위즈 파크] 이대로 통삼겹 / 1루 2층 하단 / 1루 2층 / FOOD / 매장 상세 위치: https://myseatcheck.com/수원-kt위즈파크-먹거리-1루-2층-이대로통삼겹/,이대로 통삼겹 - 1루 2층 하단,1루 2층 하단,https://myseatcheck.com/수원-kt위즈파크-먹거리-1루-2층/,FOOD,store
SC_FOOD_SUWON_010,SUWON,수원 KT 위즈 파크,KT,파파존스,1루 2층,2층,1루,Y,UNOFFICIAL,COMMUNITY_SEATVIEW,myseatcheck.com (자리어때),https://myseatcheck.com/수원-kt위즈파크-먹거리-1루-2층-파파존스/,2026-10-07,DETAIL_CHECKED,외부 표기 포함 내부 먹거리 분류. 표시 핀은 실제 매장 좌표 아님. 현재 영업·메뉴 미확인,[수원 KT 위즈 파크] 파파존스 / 1루 2층 상단 / 1루 2층 / FOOD / 매장 상세 위치: https://myseatcheck.com/수원-kt위즈파크-먹거리-1루-2층-파파존스/,파파존스 - 1루 2층 상단,1루 2층 상단,https://myseatcheck.com/수원-kt위즈파크-먹거리-1루-2층/,FOOD,store
SC_FOOD_SUWON_011,SUWON,수원 KT 위즈 파크,KT,BHC치킨,중앙~1루 2층,2층,중앙~1루,Y,UNOFFICIAL,COMMUNITY_SEATVIEW,myseatcheck.com (자리어때),https://myseatcheck.com/수원-kt위즈파크-먹거리-중앙1루-2층-bhc치킨/,2026-10-07,DETAIL_CHECKED,외부 표기 포함 내부 먹거리 분류. 표시 핀은 실제 매장 좌표 아님. 현재 영업·메뉴 미확인,[수원 KT 위즈 파크] BHC치킨 / 중앙~1루 2층 하단 / 중앙~1루 2층 / FOOD / 매장 상세 위치: https://myseatcheck.com/수원-kt위즈파크-먹거리-중앙1루-2층-bhc치킨/,BHC치킨 - 중앙~1루 2층 하단,중앙~1루 2층 하단,https://myseatcheck.com/수원-kt위즈파크-먹거리-중앙1루-2층/,FOOD,store
SC_FOOD_SUWON_012,SUWON,수원 KT 위즈 파크,KT,마성떡볶이,중앙~1루 2층,2층,중앙~1루,Y,UNOFFICIAL,COMMUNITY_SEATVIEW,myseatcheck.com (자리어때),https://myseatcheck.com/수원-kt위즈파크-먹거리-중앙1루-2층-마성떡볶이/,2026-10-07,DETAIL_CHECKED,외부 표기 포함 내부 먹거리 분류. 표시 핀은 실제 매장 좌표 아님. 현재 영업·메뉴 미확인,[수원 KT 위즈 파크] 마성떡볶이 / 중앙~1루 2층 하단 / 중앙~1루 2층 / FOOD / 매장 상세 위치: https://myseatcheck.com/수원-kt위즈파크-먹거리-중앙1루-2층-마성떡볶이/,마성떡볶이 - 중앙~1루 2층 하단,중앙~1루 2층 하단,https://myseatcheck.com/수원-kt위즈파크-먹거리-중앙1루-2층/,FOOD,store
SC_FOOD_SUWON_013,SUWON,수원 KT 위즈 파크,KT,브뤼셀프라이,중앙~1루 2층,2층,중앙~1루,Y,UNOFFICIAL,COMMUNITY_SEATVIEW,myseatcheck.com (자리어때),https://myseatcheck.com/수원-kt위즈파크-먹거리-중앙1루-2층-브뤼셀프라이/,2026-10-07,DETAIL_CHECKED,외부 표기 포함 내부 먹거리 분류. 표시 핀은 실제 매장 좌표 아님. 현재 영업·메뉴 미확인,[수원 KT 위즈 파크] 브뤼셀프라이 / 중앙~1루 2층 하단 / 중앙~1루 2층 / FOOD / 매장 상세 위치: https://myseatcheck.com/수원-kt위즈파크-먹거리-중앙1루-2층-브뤼셀프라이/,브뤼셀프라이 - 중앙~1루 2층 하단,중앙~1루 2층 하단,https://myseatcheck.com/수원-kt위즈파크-먹거리-중앙1루-2층/,FOOD,store
SC_FOOD_SUWON_014,SUWON,수원 KT 위즈 파크,KT,스트릿츄러스,중앙~1루 2층,2층,중앙~1루,Y,UNOFFICIAL,COMMUNITY_SEATVIEW,myseatcheck.com (자리어때),https://myseatcheck.com/수원-kt위즈파크-먹거리-중앙1루-2층-스트릿츄러스/,2026-10-07,DETAIL_CHECKED,외부 표기 포함 내부 먹거리 분류. 표시 핀은 실제 매장 좌표 아님. 현재 영업·메뉴 미확인,[수원 KT 위즈 파크] 스트릿츄러스 / 중앙~1루 2층 상단 / 중앙~1루 2층 / CAFE / 매장 상세 위치: https://myseatcheck.com/수원-kt위즈파크-먹거리-중앙1루-2층-스트릿츄러스/,스트릿츄러스 - 중앙~1루 2층 상단,중앙~1루 2층 상단,https://myseatcheck.com/수원-kt위즈파크-먹거리-중앙1루-2층/,CAFE,store
SC_FOOD_SUWON_015,SUWON,수원 KT 위즈 파크,KT,"아사히, 기린",중앙~1루 2층,2층,중앙~1루,Y,UNOFFICIAL,COMMUNITY_SEATVIEW,myseatcheck.com (자리어때),https://myseatcheck.com/수원-kt위즈파크-먹거리-중앙1루-2층-아사히-기린/,2026-10-07,DETAIL_CHECKED,외부 표기 포함 내부 먹거리 분류. 표시 핀은 실제 매장 좌표 아님. 현재 영업·메뉴 미확인,"[수원 KT 위즈 파크] 아사히, 기린 / 중앙~1루 2층 하단 / 중앙~1루 2층 / FOOD / 매장 상세 위치: https://myseatcheck.com/수원-kt위즈파크-먹거리-중앙1루-2층-아사히-기린/","아사히, 기린 - 중앙~1루 2층 하단",중앙~1루 2층 하단,https://myseatcheck.com/수원-kt위즈파크-먹거리-중앙1루-2층/,FOOD,store
SC_FOOD_SUWON_016,SUWON,수원 KT 위즈 파크,KT,오늘의 초밥,중앙~1루 2층,2층,중앙~1루,Y,UNOFFICIAL,COMMUNITY_SEATVIEW,myseatcheck.com (자리어때),https://myseatcheck.com/수원-kt위즈파크-먹거리-중앙1루-2층-오늘의-초밥/,2026-10-07,DETAIL_CHECKED,외부 표기 포함 내부 먹거리 분류. 표시 핀은 실제 매장 좌표 아님. 현재 영업·메뉴 미확인,[수원 KT 위즈 파크] 오늘의 초밥 / 중앙~1루 2층 하단 / 중앙~1루 2층 / FOOD / 매장 상세 위치: https://myseatcheck.com/수원-kt위즈파크-먹거리-중앙1루-2층-오늘의-초밥/,오늘의 초밥 - 중앙~1루 2층 하단,중앙~1루 2층 하단,https://myseatcheck.com/수원-kt위즈파크-먹거리-중앙1루-2층/,FOOD,store
SC_FOOD_SUWON_017,SUWON,수원 KT 위즈 파크,KT,완미족발,중앙~1루 2층,2층,중앙~1루,Y,UNOFFICIAL,COMMUNITY_SEATVIEW,myseatcheck.com (자리어때),https://myseatcheck.com/수원-kt위즈파크-먹거리-중앙1루-2층-완미족발/,2026-10-07,DETAIL_CHECKED,외부 표기 포함 내부 먹거리 분류. 표시 핀은 실제 매장 좌표 아님. 현재 영업·메뉴 미확인,[수원 KT 위즈 파크] 완미족발 / 중앙~1루 2층 상단 / 중앙~1루 2층 / FOOD / 매장 상세 위치: https://myseatcheck.com/수원-kt위즈파크-먹거리-중앙1루-2층-완미족발/,완미족발 - 중앙~1루 2층 상단,중앙~1루 2층 상단,https://myseatcheck.com/수원-kt위즈파크-먹거리-중앙1루-2층/,FOOD,store
SC_FOOD_SUWON_018,SUWON,수원 KT 위즈 파크,KT,웍스터,중앙~1루 2층,2층,중앙~1루,Y,UNOFFICIAL,COMMUNITY_SEATVIEW,myseatcheck.com (자리어때),https://myseatcheck.com/수원-kt위즈파크-먹거리-중앙1루-2층-웍스터/,2026-10-07,DETAIL_CHECKED,외부 표기 포함 내부 먹거리 분류. 표시 핀은 실제 매장 좌표 아님. 현재 영업·메뉴 미확인,[수원 KT 위즈 파크] 웍스터 / 중앙~1루 2층 상단 / 중앙~1루 2층 / FOOD / 매장 상세 위치: https://myseatcheck.com/수원-kt위즈파크-먹거리-중앙1루-2층-웍스터/,웍스터 - 중앙~1루 2층 상단,중앙~1루 2층 상단,https://myseatcheck.com/수원-kt위즈파크-먹거리-중앙1루-2층/,FOOD,store
SC_FOOD_SUWON_019,SUWON,수원 KT 위즈 파크,KT,토리메로,중앙~1루 2층,2층,중앙~1루,Y,UNOFFICIAL,COMMUNITY_SEATVIEW,myseatcheck.com (자리어때),https://myseatcheck.com/수원-kt위즈파크-먹거리-중앙1루-2층-토리메로/,2026-10-07,DETAIL_CHECKED,외부 표기 포함 내부 먹거리 분류. 표시 핀은 실제 매장 좌표 아님. 현재 영업·메뉴 미확인,[수원 KT 위즈 파크] 토리메로 / 중앙~1루 2층 하단 / 중앙~1루 2층 / FOOD / 매장 상세 위치: https://myseatcheck.com/수원-kt위즈파크-먹거리-중앙1루-2층-토리메로/,토리메로 - 중앙~1루 2층 하단,중앙~1루 2층 하단,https://myseatcheck.com/수원-kt위즈파크-먹거리-중앙1루-2층/,FOOD,store
SC_FOOD_SUWON_020,SUWON,수원 KT 위즈 파크,KT,땅땅강정,3루 2층,2층,3루,Y,UNOFFICIAL,COMMUNITY_SEATVIEW,myseatcheck.com (자리어때),https://myseatcheck.com/수원-kt위즈파크-먹거리-3루-2층-땅땅강정/,2026-10-07,DETAIL_CHECKED,외부 표기 포함 내부 먹거리 분류. 표시 핀은 실제 매장 좌표 아님. 현재 영업·메뉴 미확인,[수원 KT 위즈 파크] 땅땅강정 / 3루 2층 하단 / 3루 2층 / FOOD / 매장 상세 위치: https://myseatcheck.com/수원-kt위즈파크-먹거리-3루-2층-땅땅강정/,땅땅강정 - 3루 2층 하단,3루 2층 하단,https://myseatcheck.com/수원-kt위즈파크-먹거리-3루-2층/,FOOD,store
SC_FOOD_SUWON_021,SUWON,수원 KT 위즈 파크,KT,또리펍,3루 2층,2층,3루,Y,UNOFFICIAL,COMMUNITY_SEATVIEW,myseatcheck.com (자리어때),https://myseatcheck.com/수원-kt위즈파크-먹거리-3루-2층-또리펍2/,2026-10-07,DETAIL_CHECKED,외부 표기 포함 내부 먹거리 분류. 표시 핀은 실제 매장 좌표 아님. 현재 영업·메뉴 미확인,[수원 KT 위즈 파크] 또리펍 / 3루 2층 하단 / 3루 2층 / FOOD / 매장 상세 위치: https://myseatcheck.com/수원-kt위즈파크-먹거리-3루-2층-또리펍2/,또리펍 - 3루 2층 하단,3루 2층 하단,https://myseatcheck.com/수원-kt위즈파크-먹거리-3루-2층/,FOOD,store
SC_FOOD_SUWON_022,SUWON,수원 KT 위즈 파크,KT,또리펍,3루 2층,2층,3루,Y,UNOFFICIAL,COMMUNITY_SEATVIEW,myseatcheck.com (자리어때),https://myseatcheck.com/수원-kt위즈파크-먹거리-3루-2층-또리펍/,2026-10-07,DETAIL_CHECKED,외부 표기 포함 내부 먹거리 분류. 표시 핀은 실제 매장 좌표 아님. 현재 영업·메뉴 미확인,[수원 KT 위즈 파크] 또리펍 / 3루 내야 GATE10 근처 / 3루 2층 / FOOD / 매장 상세 위치: https://myseatcheck.com/수원-kt위즈파크-먹거리-3루-2층-또리펍/,또리펍 - 3루 내야 GATE10 근처,3루 내야 GATE10 근처,https://myseatcheck.com/수원-kt위즈파크-먹거리-3루-2층/,FOOD,store
SC_FOOD_SUWON_023,SUWON,수원 KT 위즈 파크,KT,명랑핫도그,3루 2층,2층,3루,Y,UNOFFICIAL,COMMUNITY_SEATVIEW,myseatcheck.com (자리어때),https://myseatcheck.com/수원-kt위즈파크-먹거리-3루-2층-명랑핫도그/,2026-10-07,DETAIL_CHECKED,외부 표기 포함 내부 먹거리 분류. 표시 핀은 실제 매장 좌표 아님. 현재 영업·메뉴 미확인,[수원 KT 위즈 파크] 명랑핫도그 / 3루 GATE10 근처 / 3루 2층 / FOOD / 매장 상세 위치: https://myseatcheck.com/수원-kt위즈파크-먹거리-3루-2층-명랑핫도그/,명랑핫도그 - 3루 GATE10 근처,3루 GATE10 근처,https://myseatcheck.com/수원-kt위즈파크-먹거리-3루-2층/,FOOD,store
SC_FOOD_SUWON_024,SUWON,수원 KT 위즈 파크,KT,빅카페,3루 2층,2층,3루,Y,UNOFFICIAL,COMMUNITY_SEATVIEW,myseatcheck.com (자리어때),https://myseatcheck.com/수원-kt위즈파크-먹거리-3루-2층-빅카페/,2026-10-07,DETAIL_CHECKED,외부 표기 포함 내부 먹거리 분류. 표시 핀은 실제 매장 좌표 아님. 현재 영업·메뉴 미확인,[수원 KT 위즈 파크] 빅카페 / 3루 2층 하단 / 3루 2층 / CAFE / 매장 상세 위치: https://myseatcheck.com/수원-kt위즈파크-먹거리-3루-2층-빅카페/,빅카페 - 3루 2층 하단,3루 2층 하단,https://myseatcheck.com/수원-kt위즈파크-먹거리-3루-2층/,CAFE,store
SC_FOOD_SUWON_025,SUWON,수원 KT 위즈 파크,KT,샐러리아,3루 2층,2층,3루,Y,UNOFFICIAL,COMMUNITY_SEATVIEW,myseatcheck.com (자리어때),https://myseatcheck.com/수원-kt위즈파크-먹거리-3루-2층-샐러리아/,2026-10-07,DETAIL_CHECKED,외부 표기 포함 내부 먹거리 분류. 표시 핀은 실제 매장 좌표 아님. 현재 영업·메뉴 미확인,[수원 KT 위즈 파크] 샐러리아 / 3루 2층 상단 / 3루 2층 / FOOD / 매장 상세 위치: https://myseatcheck.com/수원-kt위즈파크-먹거리-3루-2층-샐러리아/,샐러리아 - 3루 2층 상단,3루 2층 상단,https://myseatcheck.com/수원-kt위즈파크-먹거리-3루-2층/,FOOD,store
SC_FOOD_SUWON_026,SUWON,수원 KT 위즈 파크,KT,샤오마라,3루 2층,2층,3루,Y,UNOFFICIAL,COMMUNITY_SEATVIEW,myseatcheck.com (자리어때),https://myseatcheck.com/수원-kt위즈파크-먹거리-3루-2층-샤오마라/,2026-10-07,DETAIL_CHECKED,외부 표기 포함 내부 먹거리 분류. 표시 핀은 실제 매장 좌표 아님. 현재 영업·메뉴 미확인,[수원 KT 위즈 파크] 샤오마라 / 3루 2층 상단 / 3루 2층 / FOOD / 매장 상세 위치: https://myseatcheck.com/수원-kt위즈파크-먹거리-3루-2층-샤오마라/,샤오마라 - 3루 2층 상단,3루 2층 상단,https://myseatcheck.com/수원-kt위즈파크-먹거리-3루-2층/,FOOD,store
SC_FOOD_SUWON_027,SUWON,수원 KT 위즈 파크,KT,세븐일레븐,3루 2층,2층,3루,Y,UNOFFICIAL,COMMUNITY_SEATVIEW,myseatcheck.com (자리어때),https://myseatcheck.com/수원-kt위즈파크-먹거리-3루-2층-세븐일레븐/,2026-10-07,DETAIL_CHECKED,외부 표기 포함 내부 먹거리 분류. 표시 핀은 실제 매장 좌표 아님. 현재 영업·메뉴 미확인,[수원 KT 위즈 파크] 세븐일레븐 / 3루 2층 하단 / 3루 2층 / CONVENIENCE / 매장 상세 위치: https://myseatcheck.com/수원-kt위즈파크-먹거리-3루-2층-세븐일레븐/,세븐일레븐 - 3루 2층 하단,3루 2층 하단,https://myseatcheck.com/수원-kt위즈파크-먹거리-3루-2층/,CONVENIENCE,store
SC_FOOD_SUWON_028,SUWON,수원 KT 위즈 파크,KT,쉬림프 쉐프,3루 2층,2층,3루,Y,UNOFFICIAL,COMMUNITY_SEATVIEW,myseatcheck.com (자리어때),https://myseatcheck.com/수원-kt위즈파크-먹거리-3루-2층-쉬림프-쉐프/,2026-10-07,DETAIL_CHECKED,외부 표기 포함 내부 먹거리 분류. 표시 핀은 실제 매장 좌표 아님. 현재 영업·메뉴 미확인,[수원 KT 위즈 파크] 쉬림프 쉐프 / 3루 2층 하단 / 3루 2층 / FOOD / 매장 상세 위치: https://myseatcheck.com/수원-kt위즈파크-먹거리-3루-2층-쉬림프-쉐프/,쉬림프 쉐프 - 3루 2층 하단,3루 2층 하단,https://myseatcheck.com/수원-kt위즈파크-먹거리-3루-2층/,FOOD,store
SC_FOOD_SUWON_029,SUWON,수원 KT 위즈 파크,KT,작은동경,3루 2층,2층,3루,Y,UNOFFICIAL,COMMUNITY_SEATVIEW,myseatcheck.com (자리어때),https://myseatcheck.com/수원-kt위즈파크-먹거리-3루-2층-작은동경/,2026-10-07,DETAIL_CHECKED,외부 표기 포함 내부 먹거리 분류. 표시 핀은 실제 매장 좌표 아님. 현재 영업·메뉴 미확인,[수원 KT 위즈 파크] 작은동경 / 3루 2층 상단 / 3루 2층 / FOOD / 매장 상세 위치: https://myseatcheck.com/수원-kt위즈파크-먹거리-3루-2층-작은동경/,작은동경 - 3루 2층 상단,3루 2층 상단,https://myseatcheck.com/수원-kt위즈파크-먹거리-3루-2층/,FOOD,store
SC_FOOD_SUWON_030,SUWON,수원 KT 위즈 파크,KT,메가닭꼬치,중앙~3루 2층,2층,중앙~3루,Y,UNOFFICIAL,COMMUNITY_SEATVIEW,myseatcheck.com (자리어때),https://myseatcheck.com/수원-kt위즈파크-먹거리-중앙3루-2층-메가닭꼬치/,2026-10-07,DETAIL_CHECKED,외부 표기 포함 내부 먹거리 분류. 표시 핀은 실제 매장 좌표 아님. 현재 영업·메뉴 미확인,[수원 KT 위즈 파크] 메가닭꼬치 / 중앙~3루 2층 상단 / 중앙~3루 2층 / FOOD / 매장 상세 위치: https://myseatcheck.com/수원-kt위즈파크-먹거리-중앙3루-2층-메가닭꼬치/,메가닭꼬치 - 중앙~3루 2층 상단,중앙~3루 2층 상단,https://myseatcheck.com/수원-kt위즈파크-먹거리-중앙3루-2층/,FOOD,store
SC_FOOD_SUWON_031,SUWON,수원 KT 위즈 파크,KT,보영만두,중앙~3루 2층,2층,중앙~3루,Y,UNOFFICIAL,COMMUNITY_SEATVIEW,myseatcheck.com (자리어때),https://myseatcheck.com/수원-kt위즈파크-먹거리-중앙3루-2층-보영만두/,2026-10-07,DETAIL_CHECKED,외부 표기 포함 내부 먹거리 분류. 표시 핀은 실제 매장 좌표 아님. 현재 영업·메뉴 미확인,[수원 KT 위즈 파크] 보영만두 / 중앙~3루 2층 하단 / 중앙~3루 2층 / FOOD / 매장 상세 위치: https://myseatcheck.com/수원-kt위즈파크-먹거리-중앙3루-2층-보영만두/,보영만두 - 중앙~3루 2층 하단,중앙~3루 2층 하단,https://myseatcheck.com/수원-kt위즈파크-먹거리-중앙3루-2층/,FOOD,store
SC_FOOD_SUWON_032,SUWON,수원 KT 위즈 파크,KT,본수원갈비,중앙~3루 2층,2층,중앙~3루,Y,UNOFFICIAL,COMMUNITY_SEATVIEW,myseatcheck.com (자리어때),https://myseatcheck.com/수원-kt위즈파크-먹거리-중앙3루-2층-본수원갈비/,2026-10-07,DETAIL_CHECKED,외부 표기 포함 내부 먹거리 분류. 표시 핀은 실제 매장 좌표 아님. 현재 영업·메뉴 미확인,[수원 KT 위즈 파크] 본수원갈비 / 중앙~3루 2층 하단 / 중앙~3루 2층 / FOOD / 매장 상세 위치: https://myseatcheck.com/수원-kt위즈파크-먹거리-중앙3루-2층-본수원갈비/,본수원갈비 - 중앙~3루 2층 하단,중앙~3루 2층 하단,https://myseatcheck.com/수원-kt위즈파크-먹거리-중앙3루-2층/,FOOD,store
SC_FOOD_SUWON_033,SUWON,수원 KT 위즈 파크,KT,카츄마마,중앙~3루 2층,2층,중앙~3루,Y,UNOFFICIAL,COMMUNITY_SEATVIEW,myseatcheck.com (자리어때),https://myseatcheck.com/수원-kt위즈파크-먹거리-중앙3루-2층-카츄마마/,2026-10-07,DETAIL_CHECKED,외부 표기 포함 내부 먹거리 분류. 표시 핀은 실제 매장 좌표 아님. 현재 영업·메뉴 미확인,[수원 KT 위즈 파크] 카츄마마 / 중앙~3루 2층 상단 / 중앙~3루 2층 / FOOD / 매장 상세 위치: https://myseatcheck.com/수원-kt위즈파크-먹거리-중앙3루-2층-카츄마마/,카츄마마 - 중앙~3루 2층 상단,중앙~3루 2층 상단,https://myseatcheck.com/수원-kt위즈파크-먹거리-중앙3루-2층/,FOOD,store
SC_FOOD_SUWON_034,SUWON,수원 KT 위즈 파크,KT,요아정,중앙~3루 2층,2층,중앙~3루,Y,UNOFFICIAL,COMMUNITY_SEATVIEW,myseatcheck.com (자리어때),https://myseatcheck.com/수원-kt위즈파크-먹거리-중앙3루-2층-요아정/,2026-10-07,DETAIL_CHECKED,외부 표기 포함 내부 먹거리 분류. 표시 핀은 실제 매장 좌표 아님. 현재 영업·메뉴 미확인,[수원 KT 위즈 파크] 요아정 / 중앙~3루 2층 하단 / 중앙~3루 2층 / CAFE / 매장 상세 위치: https://myseatcheck.com/수원-kt위즈파크-먹거리-중앙3루-2층-요아정/,요아정 - 중앙~3루 2층 하단,중앙~3루 2층 하단,https://myseatcheck.com/수원-kt위즈파크-먹거리-중앙3루-2층/,CAFE,store
SC_FOOD_SUWON_035,SUWON,수원 KT 위즈 파크,KT,팝콘,중앙~3루 2층,2층,중앙~3루,Y,UNOFFICIAL,COMMUNITY_SEATVIEW,myseatcheck.com (자리어때),https://myseatcheck.com/수원-kt위즈파크-먹거리-중앙3루-2층-팝스마일-팝콘/,2026-10-07,DETAIL_CHECKED,외부 표기 포함 내부 먹거리 분류. 표시 핀은 실제 매장 좌표 아님. 현재 영업·메뉴 미확인,[수원 KT 위즈 파크] 팝콘 / 중앙~3루 2층 상단 / 중앙~3루 2층 / FOOD / 매장 상세 위치: https://myseatcheck.com/수원-kt위즈파크-먹거리-중앙3루-2층-팝스마일-팝콘/,팝콘 - 중앙~3루 2층 상단,중앙~3루 2층 상단,https://myseatcheck.com/수원-kt위즈파크-먹거리-중앙3루-2층/,FOOD,store
SC_FOOD_SUWON_036,SUWON,수원 KT 위즈 파크,KT,정지영커피,중앙~3루 2층,2층,중앙~3루,Y,UNOFFICIAL,COMMUNITY_SEATVIEW,myseatcheck.com (자리어때),https://myseatcheck.com/수원-kt위즈파크-먹거리-중앙3루-2층-정지영커피/,2026-10-07,DETAIL_CHECKED,외부 표기 포함 내부 먹거리 분류. 표시 핀은 실제 매장 좌표 아님. 현재 영업·메뉴 미확인,[수원 KT 위즈 파크] 정지영커피 / 중앙~3루 2층 하단 / 중앙~3루 2층 / CAFE / 매장 상세 위치: https://myseatcheck.com/수원-kt위즈파크-먹거리-중앙3루-2층-정지영커피/,정지영커피 - 중앙~3루 2층 하단,중앙~3루 2층 하단,https://myseatcheck.com/수원-kt위즈파크-먹거리-중앙3루-2층/,CAFE,store
SC_FOOD_SUWON_037,SUWON,수원 KT 위즈 파크,KT,진미통닭,중앙~3루 2층,2층,중앙~3루,Y,UNOFFICIAL,COMMUNITY_SEATVIEW,myseatcheck.com (자리어때),https://myseatcheck.com/수원-kt위즈파크-먹거리-중앙3루-2층-진미통닭/,2026-10-07,DETAIL_CHECKED,외부 표기 포함 내부 먹거리 분류. 표시 핀은 실제 매장 좌표 아님. 현재 영업·메뉴 미확인,[수원 KT 위즈 파크] 진미통닭 / 중앙~3루 2층 하단 / 중앙~3루 2층 / FOOD / 매장 상세 위치: https://myseatcheck.com/수원-kt위즈파크-먹거리-중앙3루-2층-진미통닭/,진미통닭 - 중앙~3루 2층 하단,중앙~3루 2층 하단,https://myseatcheck.com/수원-kt위즈파크-먹거리-중앙3루-2층/,FOOD,store
SC_FOOD_SUWON_038,SUWON,수원 KT 위즈 파크,KT,세븐일레븐,5층,5층,,Y,UNOFFICIAL,COMMUNITY_SEATVIEW,myseatcheck.com (자리어때),https://myseatcheck.com/수원-kt위즈파크-먹거리-3루-5층-세븐일레븐/,2026-10-07,DETAIL_CHECKED,외부 표기 포함 내부 먹거리 분류. 표시 핀은 실제 매장 좌표 아님. 현재 영업·메뉴 미확인,[수원 KT 위즈 파크] 세븐일레븐 / 3루 5층 / 5층 / CONVENIENCE / 매장 상세 위치: https://myseatcheck.com/수원-kt위즈파크-먹거리-3루-5층-세븐일레븐/,세븐일레븐 (3루 5층),3루 5층,https://myseatcheck.com/수원-kt위즈파크-먹거리-5층/,CONVENIENCE,store
SC_FOOD_SUWON_039,SUWON,수원 KT 위즈 파크,KT,세븐일레븐,5층,5층,,Y,UNOFFICIAL,COMMUNITY_SEATVIEW,myseatcheck.com (자리어때),https://myseatcheck.com/수원-kt위즈파크-먹거리-중앙-5층-세븐일레븐/,2026-10-07,DETAIL_CHECKED,외부 표기 포함 내부 먹거리 분류. 표시 핀은 실제 매장 좌표 아님. 현재 영업·메뉴 미확인,[수원 KT 위즈 파크] 세븐일레븐 / 5층 중앙 / 5층 / CONVENIENCE / 매장 상세 위치: https://myseatcheck.com/수원-kt위즈파크-먹거리-중앙-5층-세븐일레븐/,세븐일레븐 (5층 중앙),5층 중앙,https://myseatcheck.com/수원-kt위즈파크-먹거리-5층/,CONVENIENCE,store
SC_FOOD_SUWON_040,SUWON,수원 KT 위즈 파크,KT,빅카페,5층,5층,,Y,UNOFFICIAL,COMMUNITY_SEATVIEW,myseatcheck.com (자리어때),https://myseatcheck.com/수원-kt위즈파크-먹거리-3루-5층-빅카페/,2026-10-07,DETAIL_CHECKED,외부 표기 포함 내부 먹거리 분류. 표시 핀은 실제 매장 좌표 아님. 현재 영업·메뉴 미확인,[수원 KT 위즈 파크] 빅카페 / 3루 5층 / 5층 / CAFE / 매장 상세 위치: https://myseatcheck.com/수원-kt위즈파크-먹거리-3루-5층-빅카페/,빅카페 (3루 5층),3루 5층,https://myseatcheck.com/수원-kt위즈파크-먹거리-5층/,CAFE,store
SC_FOOD_SUWON_041,SUWON,수원 KT 위즈 파크,KT,브뤼셀프라이,5층,5층,,Y,UNOFFICIAL,COMMUNITY_SEATVIEW,myseatcheck.com (자리어때),https://myseatcheck.com/수원-kt위즈파크-먹거리-중앙-5층-브뤼셀프라이/,2026-10-07,DETAIL_CHECKED,외부 표기 포함 내부 먹거리 분류. 표시 핀은 실제 매장 좌표 아님. 현재 영업·메뉴 미확인,[수원 KT 위즈 파크] 브뤼셀프라이 / 5층 1루 / 5층 / FOOD / 매장 상세 위치: https://myseatcheck.com/수원-kt위즈파크-먹거리-중앙-5층-브뤼셀프라이/,브뤼셀프라이 (5층 1루),5층 1루,https://myseatcheck.com/수원-kt위즈파크-먹거리-5층/,FOOD,store
SC_FOOD_SUWON_042,SUWON,수원 KT 위즈 파크,KT,"양꼬치, 사라다",5층,5층,,Y,UNOFFICIAL,COMMUNITY_SEATVIEW,myseatcheck.com (자리어때),https://myseatcheck.com/수원-kt위즈파크-먹거리-1루-5층-양꼬치-사라다/,2026-10-07,DETAIL_CHECKED,외부 표기 포함 내부 먹거리 분류. 표시 핀은 실제 매장 좌표 아님. 현재 영업·메뉴 미확인,"[수원 KT 위즈 파크] 양꼬치, 사라다 / 5층 1루 캠핑존 / 5층 / FOOD / 매장 상세 위치: https://myseatcheck.com/수원-kt위즈파크-먹거리-1루-5층-양꼬치-사라다/","양꼬치, 사라다 (5층 1루 캠핑존)",5층 1루 캠핑존,https://myseatcheck.com/수원-kt위즈파크-먹거리-5층/,FOOD,store
SC_FOOD_SUWON_043,SUWON,수원 KT 위즈 파크,KT,세븐일레븐,5층,5층,,Y,UNOFFICIAL,COMMUNITY_SEATVIEW,myseatcheck.com (자리어때),https://myseatcheck.com/수원-kt위즈파크-먹거리-1루-5층-세븐일레븐/,2026-10-07,DETAIL_CHECKED,외부 표기 포함 내부 먹거리 분류. 표시 핀은 실제 매장 좌표 아님. 현재 영업·메뉴 미확인,[수원 KT 위즈 파크] 세븐일레븐 / 5층 1루 캠핑존 / 5층 / CONVENIENCE / 매장 상세 위치: https://myseatcheck.com/수원-kt위즈파크-먹거리-1루-5층-세븐일레븐/,세븐일레븐 (5층 1루 캠핑존),5층 1루 캠핑존,https://myseatcheck.com/수원-kt위즈파크-먹거리-5층/,CONVENIENCE,store
SC_FOOD_SUWON_044,SUWON,수원 KT 위즈 파크,KT,정지영커피,1루 외야,,외야,Y,UNOFFICIAL,COMMUNITY_SEATVIEW,myseatcheck.com (자리어때),https://myseatcheck.com/수원-kt위즈파크-먹거리-외야-정지영커피/,2026-10-07,DETAIL_CHECKED,외부 표기 포함 내부 먹거리 분류. 표시 핀은 실제 매장 좌표 아님. 현재 영업·메뉴 미확인,[수원 KT 위즈 파크] 정지영커피 / 1루 외야 / 1루 외야 / CAFE / 매장 상세 위치: https://myseatcheck.com/수원-kt위즈파크-먹거리-외야-정지영커피/,정지영커피 (1루 외야),1루 외야,https://myseatcheck.com/수원-kt위즈파크-먹거리/,CAFE,store
SC_FOOD_SUWON_045,SUWON,수원 KT 위즈 파크,KT,빅또리카페,외부 1층,1층,,N,UNOFFICIAL,COMMUNITY_SEATVIEW,myseatcheck.com (자리어때),https://myseatcheck.com/수원-kt위즈파크-먹거리-외부-1층-빅또리카페/,2026-10-07,DETAIL_CHECKED,외부 표기 포함 내부 먹거리 분류. 표시 핀은 실제 매장 좌표 아님. 현재 영업·메뉴 미확인,[수원 KT 위즈 파크] 빅또리카페 / 외부 1층 중앙 / 외부 1층 / CAFE / 매장 상세 위치: https://myseatcheck.com/수원-kt위즈파크-먹거리-외부-1층-빅또리카페/,빅또리카페 - 외부 1층 중앙,외부 1층 중앙,https://myseatcheck.com/수원-kt위즈파크-먹거리-외부-1층/,CAFE,store
SC_FOOD_SUWON_046,SUWON,수원 KT 위즈 파크,KT,세븐일레븐,외부 1층,1층,,N,UNOFFICIAL,COMMUNITY_SEATVIEW,myseatcheck.com (자리어때),https://myseatcheck.com/수원-kt위즈파크-먹거리-외부-1층-세븐일레븐/,2026-10-07,DETAIL_CHECKED,외부 표기 포함 내부 먹거리 분류. 표시 핀은 실제 매장 좌표 아님. 현재 영업·메뉴 미확인,[수원 KT 위즈 파크] 세븐일레븐 / 외부 1층 중앙 / 외부 1층 / CONVENIENCE / 매장 상세 위치: https://myseatcheck.com/수원-kt위즈파크-먹거리-외부-1층-세븐일레븐/,세븐일레븐 - 외부 1층 중앙,외부 1층 중앙,https://myseatcheck.com/수원-kt위즈파크-먹거리-외부-1층/,CONVENIENCE,store
